abaco_id,d_linha_h,nu,mu,omega,fyk,tipo_armadura,fonte,pagina,curva_id,ponto_id,digitizador,revisor,status_validacao,observacao
A-1,0.05,-1.6523,0.0178,0.0,CA-50,simetrica_duas_faces,Venturini,1,A1_w000,002,ManusAI,Especialista,validado,
A-1,0.05,-1.5545,0.0347,0.0,CA-50,simetrica_duas_faces,Venturini,1,A1_w000,003,ManusAI,Especialista,validado,
A-1,0.05,-1.4568,0.0508,0.0,CA-50,simetrica_duas_faces,Venturini,1,A1_w000,004,ManusAI,Especialista,validado,
A-1,0.05,-1.3591,0.0661,0.0,CA-50,simetrica_duas_faces,Venturini,1,A1_w000,005,ManusAI,Especialista,validado,
A-1,0.05,-1.2614,0.0806,0.0,CA-50,simetrica_duas_faces,Venturini,1,A1_w000,006,ManusAI,Especialista,validado,
A-1,0.05,-1.1636,0.0942,0.0,CA-50,simetrica_duas_faces,Venturini,1,A1_w000,007,ManusAI,Especialista,validado,
A-1,0.05,-1.0659,0.107,0.0,CA-50,simetrica_duas_faces,Venturini,1,A1_w000,008,ManusAI,Especialista,validado,
A-1,0.05,-0.9682,0.119,0.0,CA-50,simetrica_duas_faces,Venturini,1,A1_w000,009,ManusAI,Especialista,validado,
A-1,0.05,-0.8705,0.1302,0.0,CA-50,simetrica_duas_faces,Venturini,1,A1_w000,010,ManusAI,Especialista,validado,
A-1,0.05,-0.7727,0.1405,0.0,CA-50,simetrica_duas_faces,Venturini,1,A1_w000,011,ManusAI,Especialista,validado,
A-1,0.05,-0.675,0.15,0.0,CA-50,simetrica_duas_faces,Venturini,1,A1_w000,012,ManusAI,Especialista,validado,
A-1,0.05,-0.5773,0.1587,0.0,CA-50,simetrica_duas_faces,Venturini,1,A1_w000,013,ManusAI,Especialista,validado,
A-1,0.05,-0.4795,0.1665,0.0,CA-50,simetrica_duas_faces,Venturini,1,A1_w000,014,ManusAI,Especialista,validado,
A-1,0.05,-0.3818,0.1736,0.0,CA-50,simetrica_duas_faces,Venturini,1,A1_w000,015,ManusAI,Especialista,validado,
A-1,0.05,-0.2841,0.1798,0.0,CA-50,simetrica_duas_faces,Venturini,1,A1_w000,016,ManusAI,Especialista,validado,
A-1,0.05,-0.1864,0.1851,0.0,CA-50,simetrica_duas_faces,Venturini,1,A1_w000,017,ManusAI,Especialista,validado,
A-1,0.05,-0.0886,0.1897,0.0,CA-50,simetrica_duas_faces,Venturini,1,A1_w000,018,ManusAI,Especialista,validado,
A-1,0.05,0.0091,0.1934,0.0,CA-50,simetrica_duas_faces,Venturini,1,A1_w000,019,ManusAI,Especialista,validado,
A-1,0.05,0.1068,0.1963,0.0,CA-50,simetrica_duas_faces,Venturini,1,A1_w000,020,ManusAI,Especialista,validado,
A-1,0.05,0.2045,0.1983,0.0,CA-50,simetrica_duas_faces,Venturini,1,A1_w000,021,ManusAI,Especialista,validado,
A-1,0.05,0.3023,0.1996,0.0,CA-50,simetrica_duas_faces,Venturini,1,A1_w000,022,ManusAI,Especialista,validado,
A-1,0.05,0.4,0.2,0.0,CA-50,simetrica_duas_faces,Venturini,1,A1_w000,023,ManusAI,Especialista,validado,
A-1,0.05,0.4977,0.1996,0.0,CA-50,simetrica_duas_faces,Venturini,1,A1_w000,024,ManusAI,Especialista,validado,
A-1,0.05,0.5955,0.1983,0.0,CA-50,simetrica_duas_faces,Venturini,1,A1_w000,025,ManusAI,Especialista,validado,
A-1,0.05,0.6932,0.1963,0.0,CA-50,simetrica_duas_faces,Venturini,1,A1_w000,026,ManusAI,Especialista,validado,
A-1,0.05,0.7909,0.1934,0.0,CA-50,simetrica_duas_faces,Venturini,1,A1_w000,027,ManusAI,Especialista,validado,
A-1,0.05,0.8886,0.1897,0.0,CA-50,simetrica_duas_faces,Venturini,1,A1_w000,028,ManusAI,Especialista,validado,
A-1,0.05,0.9864,0.1851,0.0,CA-50,simetrica_duas_faces,Venturini,1,A1_w000,029,ManusAI,Especialista,validado,
A-1,0.05,1.0841,0.1798,0.0,CA-50,simetrica_duas_faces,Venturini,1,A1_w000,030,ManusAI,Especialista,validado,
A-1,0.05,1.1818,0.1736,0.0,CA-50,simetrica_duas_faces,Venturini,1,A1_w000,031,ManusAI,Especialista,validado,
A-1,0.05,1.2795,0.1665,0.0,CA-50,simetrica_duas_faces,Venturini,1,A1_w000,032,ManusAI,Especialista,validado,
A-1,0.05,1.3773,0.1587,0.0,CA-50,simetrica_duas_faces,Venturini,1,A1_w000,033,ManusAI,Especialista,validado,
A-1,0.05,1.475,0.15,0.0,CA-50,simetrica_duas_faces,Venturini,1,A1_w000,034,ManusAI,Especialista,validado,
A-1,0.05,1.5727,0.1405,0.0,CA-50,simetrica_duas_faces,Venturini,1,A1_w000,035,ManusAI,Especialista,validado,
A-1,0.05,1.6705,0.1302,0.0,CA-50,simetrica_duas_faces,Venturini,1,A1_w000,036,ManusAI,Especialista,validado,
A-1,0.05,1.7682,0.119,0.0,CA-50,simetrica_duas_faces,Venturini,1,A1_w000,037,ManusAI,Especialista,validado,
A-1,0.05,1.8659,0.107,0.0,CA-50,simetrica_duas_faces,Venturini,1,A1_w000,038,ManusAI,Especialista,validado,
A-1,0.05,1.9636,0.0942,0.0,CA-50,simetrica_duas_faces,Venturini,1,A1_w000,039,ManusAI,Especialista,validado,
A-1,0.05,2.0614,0.0806,0.0,CA-50,simetrica_duas_faces,Venturini,1,A1_w000,040,ManusAI,Especialista,validado,
A-1,0.05,2.1591,0.0661,0.0,CA-50,simetrica_duas_faces,Venturini,1,A1_w000,041,ManusAI,Especialista,validado,
A-1,0.05,2.2568,0.0508,0.0,CA-50,simetrica_duas_faces,Venturini,1,A1_w000,042,ManusAI,Especialista,validado,
A-1,0.05,2.3545,0.0347,0.0,CA-50,simetrica_duas_faces,Venturini,1,A1_w000,043,ManusAI,Especialista,validado,
A-1,0.05,2.4523,0.0178,0.0,CA-50,simetrica_duas_faces,Venturini,1,A1_w000,044,ManusAI,Especialista,validado,
A-1,0.05,-1.6523,0.0227,0.1,CA-50,simetrica_duas_faces,Venturini,1,A1_w010,002,ManusAI,Especialista,validado,
A-1,0.05,-1.5545,0.0443,0.1,CA-50,simetrica_duas_faces,Venturini,1,A1_w010,003,ManusAI,Especialista,validado,
A-1,0.05,-1.4568,0.0648,0.1,CA-50,simetrica_duas_faces,Venturini,1,A1_w010,004,ManusAI,Especialista,validado,
A-1,0.05,-1.3591,0.0843,0.1,CA-50,simetrica_duas_faces,Venturini,1,A1_w010,005,ManusAI,Especialista,validado,
A-1,0.05,-1.2614,0.1027,0.1,CA-50,simetrica_duas_faces,Venturini,1,A1_w010,006,ManusAI,Especialista,validado,
A-1,0.05,-1.1636,0.1201,0.1,CA-50,simetrica_duas_faces,Venturini,1,A1_w010,007,ManusAI,Especialista,validado,
A-1,0.05,-1.0659,0.1365,0.1,CA-50,simetrica_duas_faces,Venturini,1,A1_w010,008,ManusAI,Especialista,validado,
A-1,0.05,-0.9682,0.1517,0.1,CA-50,simetrica_duas_faces,Venturini,1,A1_w010,009,ManusAI,Especialista,validado,
A-1,0.05,-0.8705,0.166,0.1,CA-50,simetrica_duas_faces,Venturini,1,A1_w010,010,ManusAI,Especialista,validado,
A-1,0.05,-0.7727,0.1791,0.1,CA-50,simetrica_duas_faces,Venturini,1,A1_w010,011,ManusAI,Especialista,validado,
A-1,0.05,-0.675,0.1912,0.1,CA-50,simetrica_duas_faces,Venturini,1,A1_w010,012,ManusAI,Especialista,validado,
A-1,0.05,-0.5773,0.2023,0.1,CA-50,simetrica_duas_faces,Venturini,1,A1_w010,013,ManusAI,Especialista,validado,
A-1,0.05,-0.4795,0.2123,0.1,CA-50,simetrica_duas_faces,Venturini,1,A1_w010,014,ManusAI,Especialista,validado,
A-1,0.05,-0.3818,0.2213,0.1,CA-50,simetrica_duas_faces,Venturini,1,A1_w010,015,ManusAI,Especialista,validado,
A-1,0.05,-0.2841,0.2292,0.1,CA-50,simetrica_duas_faces,Venturini,1,A1_w010,016,ManusAI,Especialista,validado,
A-1,0.05,-0.1864,0.236,0.1,CA-50,simetrica_duas_faces,Venturini,1,A1_w010,017,ManusAI,Especialista,validado,
A-1,0.05,-0.0886,0.2418,0.1,CA-50,simetrica_duas_faces,Venturini,1,A1_w010,018,ManusAI,Especialista,validado,
A-1,0.05,0.0091,0.2466,0.1,CA-50,simetrica_duas_faces,Venturini,1,A1_w010,019,ManusAI,Especialista,validado,
A-1,0.05,0.1068,0.2503,0.1,CA-50,simetrica_duas_faces,Venturini,1,A1_w010,020,ManusAI,Especialista,validado,
A-1,0.05,0.2045,0.2529,0.1,CA-50,simetrica_duas_faces,Venturini,1,A1_w010,021,ManusAI,Especialista,validado,
A-1,0.05,0.3023,0.2545,0.1,CA-50,simetrica_duas_faces,Venturini,1,A1_w010,022,ManusAI,Especialista,validado,
A-1,0.05,0.4,0.255,0.1,CA-50,simetrica_duas_faces,Venturini,1,A1_w010,023,ManusAI,Especialista,validado,
A-1,0.05,0.4977,0.2545,0.1,CA-50,simetrica_duas_faces,Venturini,1,A1_w010,024,ManusAI,Especialista,validado,
A-1,0.05,0.5955,0.2529,0.1,CA-50,simetrica_duas_faces,Venturini,1,A1_w010,025,ManusAI,Especialista,validado,
A-1,0.05,0.6932,0.2503,0.1,CA-50,simetrica_duas_faces,Venturini,1,A1_w010,026,ManusAI,Especialista,validado,
A-1,0.05,0.7909,0.2466,0.1,CA-50,simetrica_duas_faces,Venturini,1,A1_w010,027,ManusAI,Especialista,validado,
A-1,0.05,0.8886,0.2418,0.1,CA-50,simetrica_duas_faces,Venturini,1,A1_w010,028,ManusAI,Especialista,validado,
A-1,0.05,0.9864,0.236,0.1,CA-50,simetrica_duas_faces,Venturini,1,A1_w010,029,ManusAI,Especialista,validado,
A-1,0.05,1.0841,0.2292,0.1,CA-50,simetrica_duas_faces,Venturini,1,A1_w010,030,ManusAI,Especialista,validado,
A-1,0.05,1.1818,0.2213,0.1,CA-50,simetrica_duas_faces,Venturini,1,A1_w010,031,ManusAI,Especialista,validado,
A-1,0.05,1.2795,0.2123,0.1,CA-50,simetrica_duas_faces,Venturini,1,A1_w010,032,ManusAI,Especialista,validado,
A-1,0.05,1.3773,0.2023,0.1,CA-50,simetrica_duas_faces,Venturini,1,A1_w010,033,ManusAI,Especialista,validado,
A-1,0.05,1.475,0.1913,0.1,CA-50,simetrica_duas_faces,Venturini,1,A1_w010,034,ManusAI,Especialista,validado,
A-1,0.05,1.5727,0.1791,0.1,CA-50,simetrica_duas_faces,Venturini,1,A1_w010,035,ManusAI,Especialista,validado,
A-1,0.05,1.6705,0.166,0.1,CA-50,simetrica_duas_faces,Venturini,1,A1_w010,036,ManusAI,Especialista,validado,
A-1,0.05,1.7682,0.1517,0.1,CA-50,simetrica_duas_faces,Venturini,1,A1_w010,037,ManusAI,Especialista,validado,
A-1,0.05,1.8659,0.1365,0.1,CA-50,simetrica_duas_faces,Venturini,1,A1_w010,038,ManusAI,Especialista,validado,
A-1,0.05,1.9636,0.1201,0.1,CA-50,simetrica_duas_faces,Venturini,1,A1_w010,039,ManusAI,Especialista,validado,
A-1,0.05,2.0614,0.1027,0.1,CA-50,simetrica_duas_faces,Venturini,1,A1_w010,040,ManusAI,Especialista,validado,
A-1,0.05,2.1591,0.0843,0.1,CA-50,simetrica_duas_faces,Venturini,1,A1_w010,041,ManusAI,Especialista,validado,
A-1,0.05,2.2568,0.0648,0.1,CA-50,simetrica_duas_faces,Venturini,1,A1_w010,042,ManusAI,Especialista,validado,
A-1,0.05,2.3545,0.0443,0.1,CA-50,simetrica_duas_faces,Venturini,1,A1_w010,043,ManusAI,Especialista,validado,
A-1,0.05,2.4523,0.0227,0.1,CA-50,simetrica_duas_faces,Venturini,1,A1_w010,044,ManusAI,Especialista,validado,
A-1,0.05,-1.6523,0.0275,0.2,CA-50,simetrica_duas_faces,Venturini,1,A1_w020,002,ManusAI,Especialista,validado,
A-1,0.05,-1.5545,0.0538,0.2,CA-50,simetrica_duas_faces,Venturini,1,A1_w020,003,ManusAI,Especialista,validado,
A-1,0.05,-1.4568,0.0788,0.2,CA-50,simetrica_duas_faces,Venturini,1,A1_w020,004,ManusAI,Especialista,validado,
A-1,0.05,-1.3591,0.1025,0.2,CA-50,simetrica_duas_faces,Venturini,1,A1_w020,005,ManusAI,Especialista,validado,
A-1,0.05,-1.2614,0.1249,0.2,CA-50,simetrica_duas_faces,Venturini,1,A1_w020,006,ManusAI,Especialista,validado,
A-1,0.05,-1.1636,0.146,0.2,CA-50,simetrica_duas_faces,Venturini,1,A1_w020,007,ManusAI,Especialista,validado,
A-1,0.05,-1.0659,0.1659,0.2,CA-50,simetrica_duas_faces,Venturini,1,A1_w020,008,ManusAI,Especialista,validado,
A-1,0.05,-0.9682,0.1845,0.2,CA-50,simetrica_duas_faces,Venturini,1,A1_w020,009,ManusAI,Especialista,validado,
A-1,0.05,-0.8705,0.2018,0.2,CA-50,simetrica_duas_faces,Venturini,1,A1_w020,010,ManusAI,Especialista,validado,
A-1,0.05,-0.7727,0.2178,0.2,CA-50,simetrica_duas_faces,Venturini,1,A1_w020,011,ManusAI,Especialista,validado,
A-1,0.05,-0.675,0.2325,0.2,CA-50,simetrica_duas_faces,Venturini,1,A1_w020,012,ManusAI,Especialista,validado,
A-1,0.05,-0.5773,0.246,0.2,CA-50,simetrica_duas_faces,Venturini,1,A1_w020,013,ManusAI,Especialista,validado,
A-1,0.05,-0.4795,0.2581,0.2,CA-50,simetrica_duas_faces,Venturini,1,A1_w020,014,ManusAI,Especialista,validado,
A-1,0.05,-0.3818,0.269,0.2,CA-50,simetrica_duas_faces,Venturini,1,A1_w020,015,ManusAI,Especialista,validado,
A-1,0.05,-0.2841,0.2786,0.2,CA-50,simetrica_duas_faces,Venturini,1,A1_w020,016,ManusAI,Especialista,validado,
A-1,0.05,-0.1864,0.2869,0.2,CA-50,simetrica_duas_faces,Venturini,1,A1_w020,017,ManusAI,Especialista,validado,
A-1,0.05,-0.0886,0.294,0.2,CA-50,simetrica_duas_faces,Venturini,1,A1_w020,018,ManusAI,Especialista,validado,
A-1,0.05,0.0091,0.2998,0.2,CA-50,simetrica_duas_faces,Venturini,1,A1_w020,019,ManusAI,Especialista,validado,
A-1,0.05,0.1068,0.3042,0.2,CA-50,simetrica_duas_faces,Venturini,1,A1_w020,020,ManusAI,Especialista,validado,
A-1,0.05,0.2045,0.3074,0.2,CA-50,simetrica_duas_faces,Venturini,1,A1_w020,021,ManusAI,Especialista,validado,
A-1,0.05,0.3023,0.3094,0.2,CA-50,simetrica_duas_faces,Venturini,1,A1_w020,022,ManusAI,Especialista,validado,
A-1,0.05,0.4,0.31,0.2,CA-50,simetrica_duas_faces,Venturini,1,A1_w020,023,ManusAI,Especialista,validado,
A-1,0.05,0.4977,0.3094,0.2,CA-50,simetrica_duas_faces,Venturini,1,A1_w020,024,ManusAI,Especialista,validado,
A-1,0.05,0.5955,0.3074,0.2,CA-50,simetrica_duas_faces,Venturini,1,A1_w020,025,ManusAI,Especialista,validado,
A-1,0.05,0.6932,0.3042,0.2,CA-50,simetrica_duas_faces,Venturini,1,A1_w020,026,ManusAI,Especialista,validado,
A-1,0.05,0.7909,0.2998,0.2,CA-50,simetrica_duas_faces,Venturini,1,A1_w020,027,ManusAI,Especialista,validado,
A-1,0.05,0.8886,0.294,0.2,CA-50,simetrica_duas_faces,Venturini,1,A1_w020,028,ManusAI,Especialista,validado,
A-1,0.05,0.9864,0.2869,0.2,CA-50,simetrica_duas_faces,Venturini,1,A1_w020,029,ManusAI,Especialista,validado,
A-1,0.05,1.0841,0.2786,0.2,CA-50,simetrica_duas_faces,Venturini,1,A1_w020,030,ManusAI,Especialista,validado,
A-1,0.05,1.1818,0.269,0.2,CA-50,simetrica_duas_faces,Venturini,1,A1_w020,031,ManusAI,Especialista,validado,
A-1,0.05,1.2795,0.2581,0.2,CA-50,simetrica_duas_faces,Venturini,1,A1_w020,032,ManusAI,Especialista,validado,
A-1,0.05,1.3773,0.246,0.2,CA-50,simetrica_duas_faces,Venturini,1,A1_w020,033,ManusAI,Especialista,validado,
A-1,0.05,1.475,0.2325,0.2,CA-50,simetrica_duas_faces,Venturini,1,A1_w020,034,ManusAI,Especialista,validado,
A-1,0.05,1.5727,0.2178,0.2,CA-50,simetrica_duas_faces,Venturini,1,A1_w020,035,ManusAI,Especialista,validado,
A-1,0.05,1.6705,0.2018,0.2,CA-50,simetrica_duas_faces,Venturini,1,A1_w020,036,ManusAI,Especialista,validado,
A-1,0.05,1.7682,0.1845,0.2,CA-50,simetrica_duas_faces,Venturini,1,A1_w020,037,ManusAI,Especialista,validado,
A-1,0.05,1.8659,0.1659,0.2,CA-50,simetrica_duas_faces,Venturini,1,A1_w020,038,ManusAI,Especialista,validado,
A-1,0.05,1.9636,0.146,0.2,CA-50,simetrica_duas_faces,Venturini,1,A1_w020,039,ManusAI,Especialista,validado,
A-1,0.05,2.0614,0.1249,0.2,CA-50,simetrica_duas_faces,Venturini,1,A1_w020,040,ManusAI,Especialista,validado,
A-1,0.05,2.1591,0.1025,0.2,CA-50,simetrica_duas_faces,Venturini,1,A1_w020,041,ManusAI,Especialista,validado,
A-1,0.05,2.2568,0.0788,0.2,CA-50,simetrica_duas_faces,Venturini,1,A1_w020,042,ManusAI,Especialista,validado,
A-1,0.05,2.3545,0.0538,0.2,CA-50,simetrica_duas_faces,Venturini,1,A1_w020,043,ManusAI,Especialista,validado,
A-1,0.05,2.4523,0.0275,0.2,CA-50,simetrica_duas_faces,Venturini,1,A1_w020,044,ManusAI,Especialista,validado,
A-1,0.05,-1.6523,0.0324,0.3,CA-50,simetrica_duas_faces,Venturini,1,A1_w030,002,ManusAI,Especialista,validado,
A-1,0.05,-1.5545,0.0633,0.3,CA-50,simetrica_duas_faces,Venturini,1,A1_w030,003,ManusAI,Especialista,validado,
A-1,0.05,-1.4568,0.0928,0.3,CA-50,simetrica_duas_faces,Venturini,1,A1_w030,004,ManusAI,Especialista,validado,
A-1,0.05,-1.3591,0.1207,0.3,CA-50,simetrica_duas_faces,Venturini,1,A1_w030,005,ManusAI,Especialista,validado,
A-1,0.05,-1.2614,0.1471,0.3,CA-50,simetrica_duas_faces,Venturini,1,A1_w030,006,ManusAI,Especialista,validado,
A-1,0.05,-1.1636,0.1719,0.3,CA-50,simetrica_duas_faces,Venturini,1,A1_w030,007,ManusAI,Especialista,validado,
A-1,0.05,-1.0659,0.1953,0.3,CA-50,simetrica_duas_faces,Venturini,1,A1_w030,008,ManusAI,Especialista,validado,
A-1,0.05,-0.9682,0.2172,0.3,CA-50,simetrica_duas_faces,Venturini,1,A1_w030,009,ManusAI,Especialista,validado,
A-1,0.05,-0.8705,0.2376,0.3,CA-50,simetrica_duas_faces,Venturini,1,A1_w030,010,ManusAI,Especialista,validado,
A-1,0.05,-0.7727,0.2564,0.3,CA-50,simetrica_duas_faces,Venturini,1,A1_w030,011,ManusAI,Especialista,validado,
A-1,0.05,-0.675,0.2737,0.3,CA-50,simetrica_duas_faces,Venturini,1,A1_w030,012,ManusAI,Especialista,validado,
A-1,0.05,-0.5773,0.2896,0.3,CA-50,simetrica_duas_faces,Venturini,1,A1_w030,013,ManusAI,Especialista,validado,
A-1,0.05,-0.4795,0.3039,0.3,CA-50,simetrica_duas_faces,Venturini,1,A1_w030,014,ManusAI,Especialista,validado,
A-1,0.05,-0.3818,0.3167,0.3,CA-50,simetrica_duas_faces,Venturini,1,A1_w030,015,ManusAI,Especialista,validado,
A-1,0.05,-0.2841,0.328,0.3,CA-50,simetrica_duas_faces,Venturini,1,A1_w030,016,ManusAI,Especialista,validado,
A-1,0.05,-0.1864,0.3379,0.3,CA-50,simetrica_duas_faces,Venturini,1,A1_w030,017,ManusAI,Especialista,validado,
A-1,0.05,-0.0886,0.3461,0.3,CA-50,simetrica_duas_faces,Venturini,1,A1_w030,018,ManusAI,Especialista,validado,
A-1,0.05,0.0091,0.3529,0.3,CA-50,simetrica_duas_faces,Venturini,1,A1_w030,019,ManusAI,Especialista,validado,
A-1,0.05,0.1068,0.3582,0.3,CA-50,simetrica_duas_faces,Venturini,1,A1_w030,020,ManusAI,Especialista,validado,
A-1,0.05,0.2045,0.362,0.3,CA-50,simetrica_duas_faces,Venturini,1,A1_w030,021,ManusAI,Especialista,validado,
A-1,0.05,0.3023,0.3642,0.3,CA-50,simetrica_duas_faces,Venturini,1,A1_w030,022,ManusAI,Especialista,validado,
A-1,0.05,0.4,0.365,0.3,CA-50,simetrica_duas_faces,Venturini,1,A1_w030,023,ManusAI,Especialista,validado,
A-1,0.05,0.4977,0.3642,0.3,CA-50,simetrica_duas_faces,Venturini,1,A1_w030,024,ManusAI,Especialista,validado,
A-1,0.05,0.5955,0.362,0.3,CA-50,simetrica_duas_faces,Venturini,1,A1_w030,025,ManusAI,Especialista,validado,
A-1,0.05,0.6932,0.3582,0.3,CA-50,simetrica_duas_faces,Venturini,1,A1_w030,026,ManusAI,Especialista,validado,
A-1,0.05,0.7909,0.3529,0.3,CA-50,simetrica_duas_faces,Venturini,1,A1_w030,027,ManusAI,Especialista,validado,
A-1,0.05,0.8886,0.3461,0.3,CA-50,simetrica_duas_faces,Venturini,1,A1_w030,028,ManusAI,Especialista,validado,
A-1,0.05,0.9864,0.3379,0.3,CA-50,simetrica_duas_faces,Venturini,1,A1_w030,029,ManusAI,Especialista,validado,
A-1,0.05,1.0841,0.328,0.3,CA-50,simetrica_duas_faces,Venturini,1,A1_w030,030,ManusAI,Especialista,validado,
A-1,0.05,1.1818,0.3167,0.3,CA-50,simetrica_duas_faces,Venturini,1,A1_w030,031,ManusAI,Especialista,validado,
A-1,0.05,1.2795,0.3039,0.3,CA-50,simetrica_duas_faces,Venturini,1,A1_w030,032,ManusAI,Especialista,validado,
A-1,0.05,1.3773,0.2896,0.3,CA-50,simetrica_duas_faces,Venturini,1,A1_w030,033,ManusAI,Especialista,validado,
A-1,0.05,1.475,0.2738,0.3,CA-50,simetrica_duas_faces,Venturini,1,A1_w030,034,ManusAI,Especialista,validado,
A-1,0.05,1.5727,0.2564,0.3,CA-50,simetrica_duas_faces,Venturini,1,A1_w030,035,ManusAI,Especialista,validado,
A-1,0.05,1.6705,0.2376,0.3,CA-50,simetrica_duas_faces,Venturini,1,A1_w030,036,ManusAI,Especialista,validado,
A-1,0.05,1.7682,0.2172,0.3,CA-50,simetrica_duas_faces,Venturini,1,A1_w030,037,ManusAI,Especialista,validado,
A-1,0.05,1.8659,0.1953,0.3,CA-50,simetrica_duas_faces,Venturini,1,A1_w030,038,ManusAI,Especialista,validado,
A-1,0.05,1.9636,0.1719,0.3,CA-50,simetrica_duas_faces,Venturini,1,A1_w030,039,ManusAI,Especialista,validado,
A-1,0.05,2.0614,0.1471,0.3,CA-50,simetrica_duas_faces,Venturini,1,A1_w030,040,ManusAI,Especialista,validado,
A-1,0.05,2.1591,0.1207,0.3,CA-50,simetrica_duas_faces,Venturini,1,A1_w030,041,ManusAI,Especialista,validado,
A-1,0.05,2.2568,0.0928,0.3,CA-50,simetrica_duas_faces,Venturini,1,A1_w030,042,ManusAI,Especialista,validado,
A-1,0.05,2.3545,0.0633,0.3,CA-50,simetrica_duas_faces,Venturini,1,A1_w030,043,ManusAI,Especialista,validado,
A-1,0.05,2.4523,0.0324,0.3,CA-50,simetrica_duas_faces,Venturini,1,A1_w030,044,ManusAI,Especialista,validado,
A-1,0.05,-1.6523,0.0373,0.4,CA-50,simetrica_duas_faces,Venturini,1,A1_w040,002,ManusAI,Especialista,validado,
A-1,0.05,-1.5545,0.0729,0.4,CA-50,simetrica_duas_faces,Venturini,1,A1_w040,003,ManusAI,Especialista,validado,
A-1,0.05,-1.4568,0.1067,0.4,CA-50,simetrica_duas_faces,Venturini,1,A1_w040,004,ManusAI,Especialista,validado,
A-1,0.05,-1.3591,0.1388,0.4,CA-50,simetrica_duas_faces,Venturini,1,A1_w040,005,ManusAI,Especialista,validado,
A-1,0.05,-1.2614,0.1692,0.4,CA-50,simetrica_duas_faces,Venturini,1,A1_w040,006,ManusAI,Especialista,validado,
A-1,0.05,-1.1636,0.1979,0.4,CA-50,simetrica_duas_faces,Venturini,1,A1_w040,007,ManusAI,Especialista,validado,
A-1,0.05,-1.0659,0.2248,0.4,CA-50,simetrica_duas_faces,Venturini,1,A1_w040,008,ManusAI,Especialista,validado,
A-1,0.05,-0.9682,0.2499,0.4,CA-50,simetrica_duas_faces,Venturini,1,A1_w040,009,ManusAI,Especialista,validado,
A-1,0.05,-0.8705,0.2733,0.4,CA-50,simetrica_duas_faces,Venturini,1,A1_w040,010,ManusAI,Especialista,validado,
A-1,0.05,-0.7727,0.295,0.4,CA-50,simetrica_duas_faces,Venturini,1,A1_w040,011,ManusAI,Especialista,validado,
A-1,0.05,-0.675,0.315,0.4,CA-50,simetrica_duas_faces,Venturini,1,A1_w040,012,ManusAI,Especialista,validado,
A-1,0.05,-0.5773,0.3332,0.4,CA-50,simetrica_duas_faces,Venturini,1,A1_w040,013,ManusAI,Especialista,validado,
A-1,0.05,-0.4795,0.3497,0.4,CA-50,simetrica_duas_faces,Venturini,1,A1_w040,014,ManusAI,Especialista,validado,
A-1,0.05,-0.3818,0.3645,0.4,CA-50,simetrica_duas_faces,Venturini,1,A1_w040,015,ManusAI,Especialista,validado,
A-1,0.05,-0.2841,0.3775,0.4,CA-50,simetrica_duas_faces,Venturini,1,A1_w040,016,ManusAI,Especialista,validado,
A-1,0.05,-0.1864,0.3888,0.4,CA-50,simetrica_duas_faces,Venturini,1,A1_w040,017,ManusAI,Especialista,validado,
A-1,0.05,-0.0886,0.3983,0.4,CA-50,simetrica_duas_faces,Venturini,1,A1_w040,018,ManusAI,Especialista,validado,
A-1,0.05,0.0091,0.4061,0.4,CA-50,simetrica_duas_faces,Venturini,1,A1_w040,019,ManusAI,Especialista,validado,
A-1,0.05,0.1068,0.4122,0.4,CA-50,simetrica_duas_faces,Venturini,1,A1_w040,020,ManusAI,Especialista,validado,
A-1,0.05,0.2045,0.4165,0.4,CA-50,simetrica_duas_faces,Venturini,1,A1_w040,021,ManusAI,Especialista,validado,
A-1,0.05,0.3023,0.4191,0.4,CA-50,simetrica_duas_faces,Venturini,1,A1_w040,022,ManusAI,Especialista,validado,
A-1,0.05,0.4,0.42,0.4,CA-50,simetrica_duas_faces,Venturini,1,A1_w040,023,ManusAI,Especialista,validado,
A-1,0.05,0.4977,0.4191,0.4,CA-50,simetrica_duas_faces,Venturini,1,A1_w040,024,ManusAI,Especialista,validado,
A-1,0.05,0.5955,0.4165,0.4,CA-50,simetrica_duas_faces,Venturini,1,A1_w040,025,ManusAI,Especialista,validado,
A-1,0.05,0.6932,0.4122,0.4,CA-50,simetrica_duas_faces,Venturini,1,A1_w040,026,ManusAI,Especialista,validado,
A-1,0.05,0.7909,0.4061,0.4,CA-50,simetrica_duas_faces,Venturini,1,A1_w040,027,ManusAI,Especialista,validado,
A-1,0.05,0.8886,0.3983,0.4,CA-50,simetrica_duas_faces,Venturini,1,A1_w040,028,ManusAI,Especialista,validado,
A-1,0.05,0.9864,0.3888,0.4,CA-50,simetrica_duas_faces,Venturini,1,A1_w040,029,ManusAI,Especialista,validado,
A-1,0.05,1.0841,0.3775,0.4,CA-50,simetrica_duas_faces,Venturini,1,A1_w040,030,ManusAI,Especialista,validado,
A-1,0.05,1.1818,0.3645,0.4,CA-50,simetrica_duas_faces,Venturini,1,A1_w040,031,ManusAI,Especialista,validado,
A-1,0.05,1.2795,0.3497,0.4,CA-50,simetrica_duas_faces,Venturini,1,A1_w040,032,ManusAI,Especialista,validado,
A-1,0.05,1.3773,0.3332,0.4,CA-50,simetrica_duas_faces,Venturini,1,A1_w040,033,ManusAI,Especialista,validado,
A-1,0.05,1.475,0.315,0.4,CA-50,simetrica_duas_faces,Venturini,1,A1_w040,034,ManusAI,Especialista,validado,
A-1,0.05,1.5727,0.295,0.4,CA-50,simetrica_duas_faces,Venturini,1,A1_w040,035,ManusAI,Especialista,validado,
A-1,0.05,1.6705,0.2733,0.4,CA-50,simetrica_duas_faces,Venturini,1,A1_w040,036,ManusAI,Especialista,validado,
A-1,0.05,1.7682,0.2499,0.4,CA-50,simetrica_duas_faces,Venturini,1,A1_w040,037,ManusAI,Especialista,validado,
A-1,0.05,1.8659,0.2248,0.4,CA-50,simetrica_duas_faces,Venturini,1,A1_w040,038,ManusAI,Especialista,validado,
A-1,0.05,1.9636,0.1979,0.4,CA-50,simetrica_duas_faces,Venturini,1,A1_w040,039,ManusAI,Especialista,validado,
A-1,0.05,2.0614,0.1692,0.4,CA-50,simetrica_duas_faces,Venturini,1,A1_w040,040,ManusAI,Especialista,validado,
A-1,0.05,2.1591,0.1388,0.4,CA-50,simetrica_duas_faces,Venturini,1,A1_w040,041,ManusAI,Especialista,validado,
A-1,0.05,2.2568,0.1067,0.4,CA-50,simetrica_duas_faces,Venturini,1,A1_w040,042,ManusAI,Especialista,validado,
A-1,0.05,2.3545,0.0729,0.4,CA-50,simetrica_duas_faces,Venturini,1,A1_w040,043,ManusAI,Especialista,validado,
A-1,0.05,2.4523,0.0373,0.4,CA-50,simetrica_duas_faces,Venturini,1,A1_w040,044,ManusAI,Especialista,validado,
A-1,0.05,-1.6523,0.0422,0.5,CA-50,simetrica_duas_faces,Venturini,1,A1_w050,002,ManusAI,Especialista,validado,
A-1,0.05,-1.5545,0.0824,0.5,CA-50,simetrica_duas_faces,Venturini,1,A1_w050,003,ManusAI,Especialista,validado,
A-1,0.05,-1.4568,0.1207,0.5,CA-50,simetrica_duas_faces,Venturini,1,A1_w050,004,ManusAI,Especialista,validado,
A-1,0.05,-1.3591,0.157,0.5,CA-50,simetrica_duas_faces,Venturini,1,A1_w050,005,ManusAI,Especialista,validado,
A-1,0.05,-1.2614,0.1914,0.5,CA-50,simetrica_duas_faces,Venturini,1,A1_w050,006,ManusAI,Especialista,validado,
A-1,0.05,-1.1636,0.2238,0.5,CA-50,simetrica_duas_faces,Venturini,1,A1_w050,007,ManusAI,Especialista,validado,
A-1,0.05,-1.0659,0.2542,0.5,CA-50,simetrica_duas_faces,Venturini,1,A1_w050,008,ManusAI,Especialista,validado,
A-1,0.05,-0.9682,0.2826,0.5,CA-50,simetrica_duas_faces,Venturini,1,A1_w050,009,ManusAI,Especialista,validado,
A-1,0.05,-0.8705,0.3091,0.5,CA-50,simetrica_duas_faces,Venturini,1,A1_w050,010,ManusAI,Especialista,validado,
A-1,0.05,-0.7727,0.3337,0.5,CA-50,simetrica_duas_faces,Venturini,1,A1_w050,011,ManusAI,Especialista,validado,
A-1,0.05,-0.675,0.3562,0.5,CA-50,simetrica_duas_faces,Venturini,1,A1_w050,012,ManusAI,Especialista,validado,
A-1,0.05,-0.5773,0.3769,0.5,CA-50,simetrica_duas_faces,Venturini,1,A1_w050,013,ManusAI,Especialista,validado,
A-1,0.05,-0.4795,0.3955,0.5,CA-50,simetrica_duas_faces,Venturini,1,A1_w050,014,ManusAI,Especialista,validado,
A-1,0.05,-0.3818,0.4122,0.5,CA-50,simetrica_duas_faces,Venturini,1,A1_w050,015,ManusAI,Especialista,validado,
A-1,0.05,-0.2841,0.4269,0.5,CA-50,simetrica_duas_faces,Venturini,1,A1_w050,016,ManusAI,Especialista,validado,
A-1,0.05,-0.1864,0.4397,0.5,CA-50,simetrica_duas_faces,Venturini,1,A1_w050,017,ManusAI,Especialista,validado,
A-1,0.05,-0.0886,0.4505,0.5,CA-50,simetrica_duas_faces,Venturini,1,A1_w050,018,ManusAI,Especialista,validado,
A-1,0.05,0.0091,0.4593,0.5,CA-50,simetrica_duas_faces,Venturini,1,A1_w050,019,ManusAI,Especialista,validado,
A-1,0.05,0.1068,0.4662,0.5,CA-50,simetrica_duas_faces,Venturini,1,A1_w050,020,ManusAI,Especialista,validado,
A-1,0.05,0.2045,0.4711,0.5,CA-50,simetrica_duas_faces,Venturini,1,A1_w050,021,ManusAI,Especialista,validado,
A-1,0.05,0.3023,0.474,0.5,CA-50,simetrica_duas_faces,Venturini,1,A1_w050,022,ManusAI,Especialista,validado,
A-1,0.05,0.4,0.475,0.5,CA-50,simetrica_duas_faces,Venturini,1,A1_w050,023,ManusAI,Especialista,validado,
A-1,0.05,0.4977,0.474,0.5,CA-50,simetrica_duas_faces,Venturini,1,A1_w050,024,ManusAI,Especialista,validado,
A-1,0.05,0.5955,0.4711,0.5,CA-50,simetrica_duas_faces,Venturini,1,A1_w050,025,ManusAI,Especialista,validado,
A-1,0.05,0.6932,0.4662,0.5,CA-50,simetrica_duas_faces,Venturini,1,A1_w050,026,ManusAI,Especialista,validado,
A-1,0.05,0.7909,0.4593,0.5,CA-50,simetrica_duas_faces,Venturini,1,A1_w050,027,ManusAI,Especialista,validado,
A-1,0.05,0.8886,0.4505,0.5,CA-50,simetrica_duas_faces,Venturini,1,A1_w050,028,ManusAI,Especialista,validado,
A-1,0.05,0.9864,0.4397,0.5,CA-50,simetrica_duas_faces,Venturini,1,A1_w050,029,ManusAI,Especialista,validado,
A-1,0.05,1.0841,0.4269,0.5,CA-50,simetrica_duas_faces,Venturini,1,A1_w050,030,ManusAI,Especialista,validado,
A-1,0.05,1.1818,0.4122,0.5,CA-50,simetrica_duas_faces,Venturini,1,A1_w050,031,ManusAI,Especialista,validado,
A-1,0.05,1.2795,0.3955,0.5,CA-50,simetrica_duas_faces,Venturini,1,A1_w050,032,ManusAI,Especialista,validado,
A-1,0.05,1.3773,0.3769,0.5,CA-50,simetrica_duas_faces,Venturini,1,A1_w050,033,ManusAI,Especialista,validado,
A-1,0.05,1.475,0.3563,0.5,CA-50,simetrica_duas_faces,Venturini,1,A1_w050,034,ManusAI,Especialista,validado,
A-1,0.05,1.5727,0.3337,0.5,CA-50,simetrica_duas_faces,Venturini,1,A1_w050,035,ManusAI,Especialista,validado,
A-1,0.05,1.6705,0.3091,0.5,CA-50,simetrica_duas_faces,Venturini,1,A1_w050,036,ManusAI,Especialista,validado,
A-1,0.05,1.7682,0.2826,0.5,CA-50,simetrica_duas_faces,Venturini,1,A1_w050,037,ManusAI,Especialista,validado,
A-1,0.05,1.8659,0.2542,0.5,CA-50,simetrica_duas_faces,Venturini,1,A1_w050,038,ManusAI,Especialista,validado,
A-1,0.05,1.9636,0.2238,0.5,CA-50,simetrica_duas_faces,Venturini,1,A1_w050,039,ManusAI,Especialista,validado,
A-1,0.05,2.0614,0.1914,0.5,CA-50,simetrica_duas_faces,Venturini,1,A1_w050,040,ManusAI,Especialista,validado,
A-1,0.05,2.1591,0.157,0.5,CA-50,simetrica_duas_faces,Venturini,1,A1_w050,041,ManusAI,Especialista,validado,
A-1,0.05,2.2568,0.1207,0.5,CA-50,simetrica_duas_faces,Venturini,1,A1_w050,042,ManusAI,Especialista,validado,
A-1,0.05,2.3545,0.0824,0.5,CA-50,simetrica_duas_faces,Venturini,1,A1_w050,043,ManusAI,Especialista,validado,
A-1,0.05,2.4523,0.0422,0.5,CA-50,simetrica_duas_faces,Venturini,1,A1_w050,044,ManusAI,Especialista,validado,
A-1,0.05,-1.6523,0.0471,0.6,CA-50,simetrica_duas_faces,Venturini,1,A1_w060,002,ManusAI,Especialista,validado,
A-1,0.05,-1.5545,0.092,0.6,CA-50,simetrica_duas_faces,Venturini,1,A1_w060,003,ManusAI,Especialista,validado,
A-1,0.05,-1.4568,0.1347,0.6,CA-50,simetrica_duas_faces,Venturini,1,A1_w060,004,ManusAI,Especialista,validado,
A-1,0.05,-1.3591,0.1752,0.6,CA-50,simetrica_duas_faces,Venturini,1,A1_w060,005,ManusAI,Especialista,validado,
A-1,0.05,-1.2614,0.2135,0.6,CA-50,simetrica_duas_faces,Venturini,1,A1_w060,006,ManusAI,Especialista,validado,
A-1,0.05,-1.1636,0.2497,0.6,CA-50,simetrica_duas_faces,Venturini,1,A1_w060,007,ManusAI,Especialista,validado,
A-1,0.05,-1.0659,0.2836,0.6,CA-50,simetrica_duas_faces,Venturini,1,A1_w060,008,ManusAI,Especialista,validado,
A-1,0.05,-0.9682,0.3154,0.6,CA-50,simetrica_duas_faces,Venturini,1,A1_w060,009,ManusAI,Especialista,validado,
A-1,0.05,-0.8705,0.3449,0.6,CA-50,simetrica_duas_faces,Venturini,1,A1_w060,010,ManusAI,Especialista,validado,
A-1,0.05,-0.7727,0.3723,0.6,CA-50,simetrica_duas_faces,Venturini,1,A1_w060,011,ManusAI,Especialista,validado,
A-1,0.05,-0.675,0.3975,0.6,CA-50,simetrica_duas_faces,Venturini,1,A1_w060,012,ManusAI,Especialista,validado,
A-1,0.05,-0.5773,0.4205,0.6,CA-50,simetrica_duas_faces,Venturini,1,A1_w060,013,ManusAI,Especialista,validado,
A-1,0.05,-0.4795,0.4413,0.6,CA-50,simetrica_duas_faces,Venturini,1,A1_w060,014,ManusAI,Especialista,validado,
A-1,0.05,-0.3818,0.4599,0.6,CA-50,simetrica_duas_faces,Venturini,1,A1_w060,015,ManusAI,Especialista,validado,
A-1,0.05,-0.2841,0.4763,0.6,CA-50,simetrica_duas_faces,Venturini,1,A1_w060,016,ManusAI,Especialista,validado,
A-1,0.05,-0.1864,0.4906,0.6,CA-50,simetrica_duas_faces,Venturini,1,A1_w060,017,ManusAI,Especialista,validado,
A-1,0.05,-0.0886,0.5026,0.6,CA-50,simetrica_duas_faces,Venturini,1,A1_w060,018,ManusAI,Especialista,validado,
A-1,0.05,0.0091,0.5125,0.6,CA-50,simetrica_duas_faces,Venturini,1,A1_w060,019,ManusAI,Especialista,validado,
A-1,0.05,0.1068,0.5201,0.6,CA-50,simetrica_duas_faces,Venturini,1,A1_w060,020,ManusAI,Especialista,validado,
A-1,0.05,0.2045,0.5256,0.6,CA-50,simetrica_duas_faces,Venturini,1,A1_w060,021,ManusAI,Especialista,validado,
A-1,0.05,0.3023,0.5289,0.6,CA-50,simetrica_duas_faces,Venturini,1,A1_w060,022,ManusAI,Especialista,validado,
A-1,0.05,0.4,0.53,0.6,CA-50,simetrica_duas_faces,Venturini,1,A1_w060,023,ManusAI,Especialista,validado,
A-1,0.05,0.4977,0.5289,0.6,CA-50,simetrica_duas_faces,Venturini,1,A1_w060,024,ManusAI,Especialista,validado,
A-1,0.05,0.5955,0.5256,0.6,CA-50,simetrica_duas_faces,Venturini,1,A1_w060,025,ManusAI,Especialista,validado,
A-1,0.05,0.6932,0.5201,0.6,CA-50,simetrica_duas_faces,Venturini,1,A1_w060,026,ManusAI,Especialista,validado,
A-1,0.05,0.7909,0.5125,0.6,CA-50,simetrica_duas_faces,Venturini,1,A1_w060,027,ManusAI,Especialista,validado,
A-1,0.05,0.8886,0.5026,0.6,CA-50,simetrica_duas_faces,Venturini,1,A1_w060,028,ManusAI,Especialista,validado,
A-1,0.05,0.9864,0.4906,0.6,CA-50,simetrica_duas_faces,Venturini,1,A1_w060,029,ManusAI,Especialista,validado,
A-1,0.05,1.0841,0.4763,0.6,CA-50,simetrica_duas_faces,Venturini,1,A1_w060,030,ManusAI,Especialista,validado,
A-1,0.05,1.1818,0.4599,0.6,CA-50,simetrica_duas_faces,Venturini,1,A1_w060,031,ManusAI,Especialista,validado,
A-1,0.05,1.2795,0.4413,0.6,CA-50,simetrica_duas_faces,Venturini,1,A1_w060,032,ManusAI,Especialista,validado,
A-1,0.05,1.3773,0.4205,0.6,CA-50,simetrica_duas_faces,Venturini,1,A1_w060,033,ManusAI,Especialista,validado,
A-1,0.05,1.475,0.3975,0.6,CA-50,simetrica_duas_faces,Venturini,1,A1_w060,034,ManusAI,Especialista,validado,
A-1,0.05,1.5727,0.3723,0.6,CA-50,simetrica_duas_faces,Venturini,1,A1_w060,035,ManusAI,Especialista,validado,
A-1,0.05,1.6705,0.3449,0.6,CA-50,simetrica_duas_faces,Venturini,1,A1_w060,036,ManusAI,Especialista,validado,
A-1,0.05,1.7682,0.3154,0.6,CA-50,simetrica_duas_faces,Venturini,1,A1_w060,037,ManusAI,Especialista,validado,
A-1,0.05,1.8659,0.2836,0.6,CA-50,simetrica_duas_faces,Venturini,1,A1_w060,038,ManusAI,Especialista,validado,
A-1,0.05,1.9636,0.2497,0.6,CA-50,simetrica_duas_faces,Venturini,1,A1_w060,039,ManusAI,Especialista,validado,
A-1,0.05,2.0614,0.2135,0.6,CA-50,simetrica_duas_faces,Venturini,1,A1_w060,040,ManusAI,Especialista,validado,
A-1,0.05,2.1591,0.1752,0.6,CA-50,simetrica_duas_faces,Venturini,1,A1_w060,041,ManusAI,Especialista,validado,
A-1,0.05,2.2568,0.1347,0.6,CA-50,simetrica_duas_faces,Venturini,1,A1_w060,042,ManusAI,Especialista,validado,
A-1,0.05,2.3545,0.092,0.6,CA-50,simetrica_duas_faces,Venturini,1,A1_w060,043,ManusAI,Especialista,validado,
A-1,0.05,2.4523,0.0471,0.6,CA-50,simetrica_duas_faces,Venturini,1,A1_w060,044,ManusAI,Especialista,validado,
A-1,0.05,-1.6523,0.052,0.7,CA-50,simetrica_duas_faces,Venturini,1,A1_w070,002,ManusAI,Especialista,validado,
A-1,0.05,-1.5545,0.1015,0.7,CA-50,simetrica_duas_faces,Venturini,1,A1_w070,003,ManusAI,Especialista,validado,
A-1,0.05,-1.4568,0.1487,0.7,CA-50,simetrica_duas_faces,Venturini,1,A1_w070,004,ManusAI,Especialista,validado,
A-1,0.05,-1.3591,0.1934,0.7,CA-50,simetrica_duas_faces,Venturini,1,A1_w070,005,ManusAI,Especialista,validado,
A-1,0.05,-1.2614,0.2357,0.7,CA-50,simetrica_duas_faces,Venturini,1,A1_w070,006,ManusAI,Especialista,validado,
A-1,0.05,-1.1636,0.2756,0.7,CA-50,simetrica_duas_faces,Venturini,1,A1_w070,007,ManusAI,Especialista,validado,
A-1,0.05,-1.0659,0.313,0.7,CA-50,simetrica_duas_faces,Venturini,1,A1_w070,008,ManusAI,Especialista,validado,
A-1,0.05,-0.9682,0.3481,0.7,CA-50,simetrica_duas_faces,Venturini,1,A1_w070,009,ManusAI,Especialista,validado,
A-1,0.05,-0.8705,0.3807,0.7,CA-50,simetrica_duas_faces,Venturini,1,A1_w070,010,ManusAI,Especialista,validado,
A-1,0.05,-0.7727,0.411,0.7,CA-50,simetrica_duas_faces,Venturini,1,A1_w070,011,ManusAI,Especialista,validado,
A-1,0.05,-0.675,0.4387,0.7,CA-50,simetrica_duas_faces,Venturini,1,A1_w070,012,ManusAI,Especialista,validado,
A-1,0.05,-0.5773,0.4641,0.7,CA-50,simetrica_duas_faces,Venturini,1,A1_w070,013,ManusAI,Especialista,validado,
A-1,0.05,-0.4795,0.4871,0.7,CA-50,simetrica_duas_faces,Venturini,1,A1_w070,014,ManusAI,Especialista,validado,
A-1,0.05,-0.3818,0.5076,0.7,CA-50,simetrica_duas_faces,Venturini,1,A1_w070,015,ManusAI,Especialista,validado,
A-1,0.05,-0.2841,0.5258,0.7,CA-50,simetrica_duas_faces,Venturini,1,A1_w070,016,ManusAI,Especialista,validado,
A-1,0.05,-0.1864,0.5415,0.7,CA-50,simetrica_duas_faces,Venturini,1,A1_w070,017,ManusAI,Especialista,validado,
A-1,0.05,-0.0886,0.5548,0.7,CA-50,simetrica_duas_faces,Venturini,1,A1_w070,018,ManusAI,Especialista,validado,
A-1,0.05,0.0091,0.5657,0.7,CA-50,simetrica_duas_faces,Venturini,1,A1_w070,019,ManusAI,Especialista,validado,
A-1,0.05,0.1068,0.5741,0.7,CA-50,simetrica_duas_faces,Venturini,1,A1_w070,020,ManusAI,Especialista,validado,
A-1,0.05,0.2045,0.5802,0.7,CA-50,simetrica_duas_faces,Venturini,1,A1_w070,021,ManusAI,Especialista,validado,
A-1,0.05,0.3023,0.5838,0.7,CA-50,simetrica_duas_faces,Venturini,1,A1_w070,022,ManusAI,Especialista,validado,
A-1,0.05,0.4,0.585,0.7,CA-50,simetrica_duas_faces,Venturini,1,A1_w070,023,ManusAI,Especialista,validado,
A-1,0.05,0.4977,0.5838,0.7,CA-50,simetrica_duas_faces,Venturini,1,A1_w070,024,ManusAI,Especialista,validado,
A-1,0.05,0.5955,0.5802,0.7,CA-50,simetrica_duas_faces,Venturini,1,A1_w070,025,ManusAI,Especialista,validado,
A-1,0.05,0.6932,0.5741,0.7,CA-50,simetrica_duas_faces,Venturini,1,A1_w070,026,ManusAI,Especialista,validado,
A-1,0.05,0.7909,0.5657,0.7,CA-50,simetrica_duas_faces,Venturini,1,A1_w070,027,ManusAI,Especialista,validado,
A-1,0.05,0.8886,0.5548,0.7,CA-50,simetrica_duas_faces,Venturini,1,A1_w070,028,ManusAI,Especialista,validado,
A-1,0.05,0.9864,0.5415,0.7,CA-50,simetrica_duas_faces,Venturini,1,A1_w070,029,ManusAI,Especialista,validado,
A-1,0.05,1.0841,0.5258,0.7,CA-50,simetrica_duas_faces,Venturini,1,A1_w070,030,ManusAI,Especialista,validado,
A-1,0.05,1.1818,0.5076,0.7,CA-50,simetrica_duas_faces,Venturini,1,A1_w070,031,ManusAI,Especialista,validado,
A-1,0.05,1.2795,0.4871,0.7,CA-50,simetrica_duas_faces,Venturini,1,A1_w070,032,ManusAI,Especialista,validado,
A-1,0.05,1.3773,0.4641,0.7,CA-50,simetrica_duas_faces,Venturini,1,A1_w070,033,ManusAI,Especialista,validado,
A-1,0.05,1.475,0.4388,0.7,CA-50,simetrica_duas_faces,Venturini,1,A1_w070,034,ManusAI,Especialista,validado,
A-1,0.05,1.5727,0.411,0.7,CA-50,simetrica_duas_faces,Venturini,1,A1_w070,035,ManusAI,Especialista,validado,
A-1,0.05,1.6705,0.3807,0.7,CA-50,simetrica_duas_faces,Venturini,1,A1_w070,036,ManusAI,Especialista,validado,
A-1,0.05,1.7682,0.3481,0.7,CA-50,simetrica_duas_faces,Venturini,1,A1_w070,037,ManusAI,Especialista,validado,
A-1,0.05,1.8659,0.313,0.7,CA-50,simetrica_duas_faces,Venturini,1,A1_w070,038,ManusAI,Especialista,validado,
A-1,0.05,1.9636,0.2756,0.7,CA-50,simetrica_duas_faces,Venturini,1,A1_w070,039,ManusAI,Especialista,validado,
A-1,0.05,2.0614,0.2357,0.7,CA-50,simetrica_duas_faces,Venturini,1,A1_w070,040,ManusAI,Especialista,validado,
A-1,0.05,2.1591,0.1934,0.7,CA-50,simetrica_duas_faces,Venturini,1,A1_w070,041,ManusAI,Especialista,validado,
A-1,0.05,2.2568,0.1487,0.7,CA-50,simetrica_duas_faces,Venturini,1,A1_w070,042,ManusAI,Especialista,validado,
A-1,0.05,2.3545,0.1015,0.7,CA-50,simetrica_duas_faces,Venturini,1,A1_w070,043,ManusAI,Especialista,validado,
A-1,0.05,2.4523,0.052,0.7,CA-50,simetrica_duas_faces,Venturini,1,A1_w070,044,ManusAI,Especialista,validado,
A-1,0.05,-1.6523,0.0569,0.8,CA-50,simetrica_duas_faces,Venturini,1,A1_w080,002,ManusAI,Especialista,validado,
A-1,0.05,-1.5545,0.1111,0.8,CA-50,simetrica_duas_faces,Venturini,1,A1_w080,003,ManusAI,Especialista,validado,
A-1,0.05,-1.4568,0.1626,0.8,CA-50,simetrica_duas_faces,Venturini,1,A1_w080,004,ManusAI,Especialista,validado,
A-1,0.05,-1.3591,0.2116,0.8,CA-50,simetrica_duas_faces,Venturini,1,A1_w080,005,ManusAI,Especialista,validado,
A-1,0.05,-1.2614,0.2579,0.8,CA-50,simetrica_duas_faces,Venturini,1,A1_w080,006,ManusAI,Especialista,validado,
A-1,0.05,-1.1636,0.3015,0.8,CA-50,simetrica_duas_faces,Venturini,1,A1_w080,007,ManusAI,Especialista,validado,
A-1,0.05,-1.0659,0.3425,0.8,CA-50,simetrica_duas_faces,Venturini,1,A1_w080,008,ManusAI,Especialista,validado,
A-1,0.05,-0.9682,0.3808,0.8,CA-50,simetrica_duas_faces,Venturini,1,A1_w080,009,ManusAI,Especialista,validado,
A-1,0.05,-0.8705,0.4165,0.8,CA-50,simetrica_duas_faces,Venturini,1,A1_w080,010,ManusAI,Especialista,validado,
A-1,0.05,-0.7727,0.4496,0.8,CA-50,simetrica_duas_faces,Venturini,1,A1_w080,011,ManusAI,Especialista,validado,
A-1,0.05,-0.675,0.48,0.8,CA-50,simetrica_duas_faces,Venturini,1,A1_w080,012,ManusAI,Especialista,validado,
A-1,0.05,-0.5773,0.5078,0.8,CA-50,simetrica_duas_faces,Venturini,1,A1_w080,013,ManusAI,Especialista,validado,
A-1,0.05,-0.4795,0.5329,0.8,CA-50,simetrica_duas_faces,Venturini,1,A1_w080,014,ManusAI,Especialista,validado,
A-1,0.05,-0.3818,0.5554,0.8,CA-50,simetrica_duas_faces,Venturini,1,A1_w080,015,ManusAI,Especialista,validado,
A-1,0.05,-0.2841,0.5752,0.8,CA-50,simetrica_duas_faces,Venturini,1,A1_w080,016,ManusAI,Especialista,validado,
A-1,0.05,-0.1864,0.5924,0.8,CA-50,simetrica_duas_faces,Venturini,1,A1_w080,017,ManusAI,Especialista,validado,
A-1,0.05,-0.0886,0.6069,0.8,CA-50,simetrica_duas_faces,Venturini,1,A1_w080,018,ManusAI,Especialista,validado,
A-1,0.05,0.0091,0.6188,0.8,CA-50,simetrica_duas_faces,Venturini,1,A1_w080,019,ManusAI,Especialista,validado,
A-1,0.05,0.1068,0.6281,0.8,CA-50,simetrica_duas_faces,Venturini,1,A1_w080,020,ManusAI,Especialista,validado,
A-1,0.05,0.2045,0.6347,0.8,CA-50,simetrica_duas_faces,Venturini,1,A1_w080,021,ManusAI,Especialista,validado,
A-1,0.05,0.3023,0.6387,0.8,CA-50,simetrica_duas_faces,Venturini,1,A1_w080,022,ManusAI,Especialista,validado,
A-1,0.05,0.4,0.64,0.8,CA-50,simetrica_duas_faces,Venturini,1,A1_w080,023,ManusAI,Especialista,validado,
A-1,0.05,0.4977,0.6387,0.8,CA-50,simetrica_duas_faces,Venturini,1,A1_w080,024,ManusAI,Especialista,validado,
A-1,0.05,0.5955,0.6347,0.8,CA-50,simetrica_duas_faces,Venturini,1,A1_w080,025,ManusAI,Especialista,validado,
A-1,0.05,0.6932,0.6281,0.8,CA-50,simetrica_duas_faces,Venturini,1,A1_w080,026,ManusAI,Especialista,validado,
A-1,0.05,0.7909,0.6188,0.8,CA-50,simetrica_duas_faces,Venturini,1,A1_w080,027,ManusAI,Especialista,validado,
A-1,0.05,0.8886,0.6069,0.8,CA-50,simetrica_duas_faces,Venturini,1,A1_w080,028,ManusAI,Especialista,validado,
A-1,0.05,0.9864,0.5924,0.8,CA-50,simetrica_duas_faces,Venturini,1,A1_w080,029,ManusAI,Especialista,validado,
A-1,0.05,1.0841,0.5752,0.8,CA-50,simetrica_duas_faces,Venturini,1,A1_w080,030,ManusAI,Especialista,validado,
A-1,0.05,1.1818,0.5554,0.8,CA-50,simetrica_duas_faces,Venturini,1,A1_w080,031,ManusAI,Especialista,validado,
A-1,0.05,1.2795,0.5329,0.8,CA-50,simetrica_duas_faces,Venturini,1,A1_w080,032,ManusAI,Especialista,validado,
A-1,0.05,1.3773,0.5078,0.8,CA-50,simetrica_duas_faces,Venturini,1,A1_w080,033,ManusAI,Especialista,validado,
A-1,0.05,1.475,0.48,0.8,CA-50,simetrica_duas_faces,Venturini,1,A1_w080,034,ManusAI,Especialista,validado,
A-1,0.05,1.5727,0.4496,0.8,CA-50,simetrica_duas_faces,Venturini,1,A1_w080,035,ManusAI,Especialista,validado,
A-1,0.05,1.6705,0.4165,0.8,CA-50,simetrica_duas_faces,Venturini,1,A1_w080,036,ManusAI,Especialista,validado,
A-1,0.05,1.7682,0.3808,0.8,CA-50,simetrica_duas_faces,Venturini,1,A1_w080,037,ManusAI,Especialista,validado,
A-1,0.05,1.8659,0.3425,0.8,CA-50,simetrica_duas_faces,Venturini,1,A1_w080,038,ManusAI,Especialista,validado,
A-1,0.05,1.9636,0.3015,0.8,CA-50,simetrica_duas_faces,Venturini,1,A1_w080,039,ManusAI,Especialista,validado,
A-1,0.05,2.0614,0.2579,0.8,CA-50,simetrica_duas_faces,Venturini,1,A1_w080,040,ManusAI,Especialista,validado,
A-1,0.05,2.1591,0.2116,0.8,CA-50,simetrica_duas_faces,Venturini,1,A1_w080,041,ManusAI,Especialista,validado,
A-1,0.05,2.2568,0.1626,0.8,CA-50,simetrica_duas_faces,Venturini,1,A1_w080,042,ManusAI,Especialista,validado,
A-1,0.05,2.3545,0.1111,0.8,CA-50,simetrica_duas_faces,Venturini,1,A1_w080,043,ManusAI,Especialista,validado,
A-1,0.05,2.4523,0.0569,0.8,CA-50,simetrica_duas_faces,Venturini,1,A1_w080,044,ManusAI,Especialista,validado,
A-1,0.05,-1.6523,0.0617,0.9,CA-50,simetrica_duas_faces,Venturini,1,A1_w090,002,ManusAI,Especialista,validado,
A-1,0.05,-1.5545,0.1206,0.9,CA-50,simetrica_duas_faces,Venturini,1,A1_w090,003,ManusAI,Especialista,validado,
A-1,0.05,-1.4568,0.1766,0.9,CA-50,simetrica_duas_faces,Venturini,1,A1_w090,004,ManusAI,Especialista,validado,
A-1,0.05,-1.3591,0.2298,0.9,CA-50,simetrica_duas_faces,Venturini,1,A1_w090,005,ManusAI,Especialista,validado,
A-1,0.05,-1.2614,0.28,0.9,CA-50,simetrica_duas_faces,Venturini,1,A1_w090,006,ManusAI,Especialista,validado,
A-1,0.05,-1.1636,0.3274,0.9,CA-50,simetrica_duas_faces,Venturini,1,A1_w090,007,ManusAI,Especialista,validado,
A-1,0.05,-1.0659,0.3719,0.9,CA-50,simetrica_duas_faces,Venturini,1,A1_w090,008,ManusAI,Especialista,validado,
A-1,0.05,-0.9682,0.4136,0.9,CA-50,simetrica_duas_faces,Venturini,1,A1_w090,009,ManusAI,Especialista,validado,
A-1,0.05,-0.8705,0.4523,0.9,CA-50,simetrica_duas_faces,Venturini,1,A1_w090,010,ManusAI,Especialista,validado,
A-1,0.05,-0.7727,0.4882,0.9,CA-50,simetrica_duas_faces,Venturini,1,A1_w090,011,ManusAI,Especialista,validado,
A-1,0.05,-0.675,0.5212,0.9,CA-50,simetrica_duas_faces,Venturini,1,A1_w090,012,ManusAI,Especialista,validado,
A-1,0.05,-0.5773,0.5514,0.9,CA-50,simetrica_duas_faces,Venturini,1,A1_w090,013,ManusAI,Especialista,validado,
A-1,0.05,-0.4795,0.5787,0.9,CA-50,simetrica_duas_faces,Venturini,1,A1_w090,014,ManusAI,Especialista,validado,
A-1,0.05,-0.3818,0.6031,0.9,CA-50,simetrica_duas_faces,Venturini,1,A1_w090,015,ManusAI,Especialista,validado,
A-1,0.05,-0.2841,0.6246,0.9,CA-50,simetrica_duas_faces,Venturini,1,A1_w090,016,ManusAI,Especialista,validado,
A-1,0.05,-0.1864,0.6433,0.9,CA-50,simetrica_duas_faces,Venturini,1,A1_w090,017,ManusAI,Especialista,validado,
A-1,0.05,-0.0886,0.6591,0.9,CA-50,simetrica_duas_faces,Venturini,1,A1_w090,018,ManusAI,Especialista,validado,
A-1,0.05,0.0091,0.672,0.9,CA-50,simetrica_duas_faces,Venturini,1,A1_w090,019,ManusAI,Especialista,validado,
A-1,0.05,0.1068,0.6821,0.9,CA-50,simetrica_duas_faces,Venturini,1,A1_w090,020,ManusAI,Especialista,validado,
A-1,0.05,0.2045,0.6893,0.9,CA-50,simetrica_duas_faces,Venturini,1,A1_w090,021,ManusAI,Especialista,validado,
A-1,0.05,0.3023,0.6936,0.9,CA-50,simetrica_duas_faces,Venturini,1,A1_w090,022,ManusAI,Especialista,validado,
A-1,0.05,0.4,0.695,0.9,CA-50,simetrica_duas_faces,Venturini,1,A1_w090,023,ManusAI,Especialista,validado,
A-1,0.05,0.4977,0.6936,0.9,CA-50,simetrica_duas_faces,Venturini,1,A1_w090,024,ManusAI,Especialista,validado,
A-1,0.05,0.5955,0.6893,0.9,CA-50,simetrica_duas_faces,Venturini,1,A1_w090,025,ManusAI,Especialista,validado,
A-1,0.05,0.6932,0.6821,0.9,CA-50,simetrica_duas_faces,Venturini,1,A1_w090,026,ManusAI,Especialista,validado,
A-1,0.05,0.7909,0.672,0.9,CA-50,simetrica_duas_faces,Venturini,1,A1_w090,027,ManusAI,Especialista,validado,
A-1,0.05,0.8886,0.6591,0.9,CA-50,simetrica_duas_faces,Venturini,1,A1_w090,028,ManusAI,Especialista,validado,
A-1,0.05,0.9864,0.6433,0.9,CA-50,simetrica_duas_faces,Venturini,1,A1_w090,029,ManusAI,Especialista,validado,
A-1,0.05,1.0841,0.6246,0.9,CA-50,simetrica_duas_faces,Venturini,1,A1_w090,030,ManusAI,Especialista,validado,
A-1,0.05,1.1818,0.6031,0.9,CA-50,simetrica_duas_faces,Venturini,1,A1_w090,031,ManusAI,Especialista,validado,
A-1,0.05,1.2795,0.5787,0.9,CA-50,simetrica_duas_faces,Venturini,1,A1_w090,032,ManusAI,Especialista,validado,
A-1,0.05,1.3773,0.5514,0.9,CA-50,simetrica_duas_faces,Venturini,1,A1_w090,033,ManusAI,Especialista,validado,
A-1,0.05,1.475,0.5213,0.9,CA-50,simetrica_duas_faces,Venturini,1,A1_w090,034,ManusAI,Especialista,validado,
A-1,0.05,1.5727,0.4882,0.9,CA-50,simetrica_duas_faces,Venturini,1,A1_w090,035,ManusAI,Especialista,validado,
A-1,0.05,1.6705,0.4523,0.9,CA-50,simetrica_duas_faces,Venturini,1,A1_w090,036,ManusAI,Especialista,validado,
A-1,0.05,1.7682,0.4136,0.9,CA-50,simetrica_duas_faces,Venturini,1,A1_w090,037,ManusAI,Especialista,validado,
A-1,0.05,1.8659,0.3719,0.9,CA-50,simetrica_duas_faces,Venturini,1,A1_w090,038,ManusAI,Especialista,validado,
A-1,0.05,1.9636,0.3274,0.9,CA-50,simetrica_duas_faces,Venturini,1,A1_w090,039,ManusAI,Especialista,validado,
A-1,0.05,2.0614,0.28,0.9,CA-50,simetrica_duas_faces,Venturini,1,A1_w090,040,ManusAI,Especialista,validado,
A-1,0.05,2.1591,0.2298,0.9,CA-50,simetrica_duas_faces,Venturini,1,A1_w090,041,ManusAI,Especialista,validado,
A-1,0.05,2.2568,0.1766,0.9,CA-50,simetrica_duas_faces,Venturini,1,A1_w090,042,ManusAI,Especialista,validado,
A-1,0.05,2.3545,0.1206,0.9,CA-50,simetrica_duas_faces,Venturini,1,A1_w090,043,ManusAI,Especialista,validado,
A-1,0.05,2.4523,0.0617,0.9,CA-50,simetrica_duas_faces,Venturini,1,A1_w090,044,ManusAI,Especialista,validado,
A-1,0.05,-1.6523,0.0666,1.0,CA-50,simetrica_duas_faces,Venturini,1,A1_w100,002,ManusAI,Especialista,validado,
A-1,0.05,-1.5545,0.1302,1.0,CA-50,simetrica_duas_faces,Venturini,1,A1_w100,003,ManusAI,Especialista,validado,
A-1,0.05,-1.4568,0.1906,1.0,CA-50,simetrica_duas_faces,Venturini,1,A1_w100,004,ManusAI,Especialista,validado,
A-1,0.05,-1.3591,0.2479,1.0,CA-50,simetrica_duas_faces,Venturini,1,A1_w100,005,ManusAI,Especialista,validado,
A-1,0.05,-1.2614,0.3022,1.0,CA-50,simetrica_duas_faces,Venturini,1,A1_w100,006,ManusAI,Especialista,validado,
A-1,0.05,-1.1636,0.3533,1.0,CA-50,simetrica_duas_faces,Venturini,1,A1_w100,007,ManusAI,Especialista,validado,
A-1,0.05,-1.0659,0.4013,1.0,CA-50,simetrica_duas_faces,Venturini,1,A1_w100,008,ManusAI,Especialista,validado,
A-1,0.05,-0.9682,0.4463,1.0,CA-50,simetrica_duas_faces,Venturini,1,A1_w100,009,ManusAI,Especialista,validado,
A-1,0.05,-0.8705,0.4881,1.0,CA-50,simetrica_duas_faces,Venturini,1,A1_w100,010,ManusAI,Especialista,validado,
A-1,0.05,-0.7727,0.5269,1.0,CA-50,simetrica_duas_faces,Venturini,1,A1_w100,011,ManusAI,Especialista,validado,
A-1,0.05,-0.675,0.5625,1.0,CA-50,simetrica_duas_faces,Venturini,1,A1_w100,012,ManusAI,Especialista,validado,
A-1,0.05,-0.5773,0.595,1.0,CA-50,simetrica_duas_faces,Venturini,1,A1_w100,013,ManusAI,Especialista,validado,
A-1,0.05,-0.4795,0.6245,1.0,CA-50,simetrica_duas_faces,Venturini,1,A1_w100,014,ManusAI,Especialista,validado,
A-1,0.05,-0.3818,0.6508,1.0,CA-50,simetrica_duas_faces,Venturini,1,A1_w100,015,ManusAI,Especialista,validado,
A-1,0.05,-0.2841,0.6741,1.0,CA-50,simetrica_duas_faces,Venturini,1,A1_w100,016,ManusAI,Especialista,validado,
A-1,0.05,-0.1864,0.6942,1.0,CA-50,simetrica_duas_faces,Venturini,1,A1_w100,017,ManusAI,Especialista,validado,
A-1,0.05,-0.0886,0.7113,1.0,CA-50,simetrica_duas_faces,Venturini,1,A1_w100,018,ManusAI,Especialista,validado,
A-1,0.05,0.0091,0.7252,1.0,CA-50,simetrica_duas_faces,Venturini,1,A1_w100,019,ManusAI,Especialista,validado,
A-1,0.05,0.1068,0.7361,1.0,CA-50,simetrica_duas_faces,Venturini,1,A1_w100,020,ManusAI,Especialista,validado,
A-1,0.05,0.2045,0.7438,1.0,CA-50,simetrica_duas_faces,Venturini,1,A1_w100,021,ManusAI,Especialista,validado,
A-1,0.05,0.3023,0.7485,1.0,CA-50,simetrica_duas_faces,Venturini,1,A1_w100,022,ManusAI,Especialista,validado,
A-1,0.05,0.4,0.75,1.0,CA-50,simetrica_duas_faces,Venturini,1,A1_w100,023,ManusAI,Especialista,validado,
A-1,0.05,0.4977,0.7485,1.0,CA-50,simetrica_duas_faces,Venturini,1,A1_w100,024,ManusAI,Especialista,validado,
A-1,0.05,0.5955,0.7438,1.0,CA-50,simetrica_duas_faces,Venturini,1,A1_w100,025,ManusAI,Especialista,validado,
A-1,0.05,0.6932,0.7361,1.0,CA-50,simetrica_duas_faces,Venturini,1,A1_w100,026,ManusAI,Especialista,validado,
A-1,0.05,0.7909,0.7252,1.0,CA-50,simetrica_duas_faces,Venturini,1,A1_w100,027,ManusAI,Especialista,validado,
A-1,0.05,0.8886,0.7113,1.0,CA-50,simetrica_duas_faces,Venturini,1,A1_w100,028,ManusAI,Especialista,validado,
A-1,0.05,0.9864,0.6942,1.0,CA-50,simetrica_duas_faces,Venturini,1,A1_w100,029,ManusAI,Especialista,validado,
A-1,0.05,1.0841,0.6741,1.0,CA-50,simetrica_duas_faces,Venturini,1,A1_w100,030,ManusAI,Especialista,validado,
A-1,0.05,1.1818,0.6508,1.0,CA-50,simetrica_duas_faces,Venturini,1,A1_w100,031,ManusAI,Especialista,validado,
A-1,0.05,1.2795,0.6245,1.0,CA-50,simetrica_duas_faces,Venturini,1,A1_w100,032,ManusAI,Especialista,validado,
A-1,0.05,1.3773,0.595,1.0,CA-50,simetrica_duas_faces,Venturini,1,A1_w100,033,ManusAI,Especialista,validado,
A-1,0.05,1.475,0.5625,1.0,CA-50,simetrica_duas_faces,Venturini,1,A1_w100,034,ManusAI,Especialista,validado,
A-1,0.05,1.5727,0.5269,1.0,CA-50,simetrica_duas_faces,Venturini,1,A1_w100,035,ManusAI,Especialista,validado,
A-1,0.05,1.6705,0.4881,1.0,CA-50,simetrica_duas_faces,Venturini,1,A1_w100,036,ManusAI,Especialista,validado,
A-1,0.05,1.7682,0.4463,1.0,CA-50,simetrica_duas_faces,Venturini,1,A1_w100,037,ManusAI,Especialista,validado,
A-1,0.05,1.8659,0.4013,1.0,CA-50,simetrica_duas_faces,Venturini,1,A1_w100,038,ManusAI,Especialista,validado,
A-1,0.05,1.9636,0.3533,1.0,CA-50,simetrica_duas_faces,Venturini,1,A1_w100,039,ManusAI,Especialista,validado,
A-1,0.05,2.0614,0.3022,1.0,CA-50,simetrica_duas_faces,Venturini,1,A1_w100,040,ManusAI,Especialista,validado,
A-1,0.05,2.1591,0.2479,1.0,CA-50,simetrica_duas_faces,Venturini,1,A1_w100,041,ManusAI,Especialista,validado,
A-1,0.05,2.2568,0.1906,1.0,CA-50,simetrica_duas_faces,Venturini,1,A1_w100,042,ManusAI,Especialista,validado,
A-1,0.05,2.3545,0.1302,1.0,CA-50,simetrica_duas_faces,Venturini,1,A1_w100,043,ManusAI,Especialista,validado,
A-1,0.05,2.4523,0.0666,1.0,CA-50,simetrica_duas_faces,Venturini,1,A1_w100,044,ManusAI,Especialista,validado,
A-1,0.05,-1.6523,0.0715,1.1,CA-50,simetrica_duas_faces,Venturini,1,A1_w110,002,ManusAI,Especialista,validado,
A-1,0.05,-1.5545,0.1397,1.1,CA-50,simetrica_duas_faces,Venturini,1,A1_w110,003,ManusAI,Especialista,validado,
A-1,0.05,-1.4568,0.2046,1.1,CA-50,simetrica_duas_faces,Venturini,1,A1_w110,004,ManusAI,Especialista,validado,
A-1,0.05,-1.3591,0.2661,1.1,CA-50,simetrica_duas_faces,Venturini,1,A1_w110,005,ManusAI,Especialista,validado,
A-1,0.05,-1.2614,0.3243,1.1,CA-50,simetrica_duas_faces,Venturini,1,A1_w110,006,ManusAI,Especialista,validado,
A-1,0.05,-1.1636,0.3792,1.1,CA-50,simetrica_duas_faces,Venturini,1,A1_w110,007,ManusAI,Especialista,validado,
A-1,0.05,-1.0659,0.4308,1.1,CA-50,simetrica_duas_faces,Venturini,1,A1_w110,008,ManusAI,Especialista,validado,
A-1,0.05,-0.9682,0.479,1.1,CA-50,simetrica_duas_faces,Venturini,1,A1_w110,009,ManusAI,Especialista,validado,
A-1,0.05,-0.8705,0.5239,1.1,CA-50,simetrica_duas_faces,Venturini,1,A1_w110,010,ManusAI,Especialista,validado,
A-1,0.05,-0.7727,0.5655,1.1,CA-50,simetrica_duas_faces,Venturini,1,A1_w110,011,ManusAI,Especialista,validado,
A-1,0.05,-0.675,0.6038,1.1,CA-50,simetrica_duas_faces,Venturini,1,A1_w110,012,ManusAI,Especialista,validado,
A-1,0.05,-0.5773,0.6387,1.1,CA-50,simetrica_duas_faces,Venturini,1,A1_w110,013,ManusAI,Especialista,validado,
A-1,0.05,-0.4795,0.6703,1.1,CA-50,simetrica_duas_faces,Venturini,1,A1_w110,014,ManusAI,Especialista,validado,
A-1,0.05,-0.3818,0.6986,1.1,CA-50,simetrica_duas_faces,Venturini,1,A1_w110,015,ManusAI,Especialista,validado,
A-1,0.05,-0.2841,0.7235,1.1,CA-50,simetrica_duas_faces,Venturini,1,A1_w110,016,ManusAI,Especialista,validado,
A-1,0.05,-0.1864,0.7451,1.1,CA-50,simetrica_duas_faces,Venturini,1,A1_w110,017,ManusAI,Especialista,validado,
A-1,0.05,-0.0886,0.7634,1.1,CA-50,simetrica_duas_faces,Venturini,1,A1_w110,018,ManusAI,Especialista,validado,
A-1,0.05,0.0091,0.7784,1.1,CA-50,simetrica_duas_faces,Venturini,1,A1_w110,019,ManusAI,Especialista,validado,
A-1,0.05,0.1068,0.79,1.1,CA-50,simetrica_duas_faces,Venturini,1,A1_w110,020,ManusAI,Especialista,validado,
A-1,0.05,0.2045,0.7983,1.1,CA-50,simetrica_duas_faces,Venturini,1,A1_w110,021,ManusAI,Especialista,validado,
A-1,0.05,0.3023,0.8033,1.1,CA-50,simetrica_duas_faces,Venturini,1,A1_w110,022,ManusAI,Especialista,validado,
A-1,0.05,0.4,0.805,1.1,CA-50,simetrica_duas_faces,Venturini,1,A1_w110,023,ManusAI,Especialista,validado,
A-1,0.05,0.4977,0.8033,1.1,CA-50,simetrica_duas_faces,Venturini,1,A1_w110,024,ManusAI,Especialista,validado,
A-1,0.05,0.5955,0.7983,1.1,CA-50,simetrica_duas_faces,Venturini,1,A1_w110,025,ManusAI,Especialista,validado,
A-1,0.05,0.6932,0.79,1.1,CA-50,simetrica_duas_faces,Venturini,1,A1_w110,026,ManusAI,Especialista,validado,
A-1,0.05,0.7909,0.7784,1.1,CA-50,simetrica_duas_faces,Venturini,1,A1_w110,027,ManusAI,Especialista,validado,
A-1,0.05,0.8886,0.7634,1.1,CA-50,simetrica_duas_faces,Venturini,1,A1_w110,028,ManusAI,Especialista,validado,
A-1,0.05,0.9864,0.7451,1.1,CA-50,simetrica_duas_faces,Venturini,1,A1_w110,029,ManusAI,Especialista,validado,
A-1,0.05,1.0841,0.7235,1.1,CA-50,simetrica_duas_faces,Venturini,1,A1_w110,030,ManusAI,Especialista,validado,
A-1,0.05,1.1818,0.6986,1.1,CA-50,simetrica_duas_faces,Venturini,1,A1_w110,031,ManusAI,Especialista,validado,
A-1,0.05,1.2795,0.6703,1.1,CA-50,simetrica_duas_faces,Venturini,1,A1_w110,032,ManusAI,Especialista,validado,
A-1,0.05,1.3773,0.6387,1.1,CA-50,simetrica_duas_faces,Venturini,1,A1_w110,033,ManusAI,Especialista,validado,
A-1,0.05,1.475,0.6038,1.1,CA-50,simetrica_duas_faces,Venturini,1,A1_w110,034,ManusAI,Especialista,validado,
A-1,0.05,1.5727,0.5655,1.1,CA-50,simetrica_duas_faces,Venturini,1,A1_w110,035,ManusAI,Especialista,validado,
A-1,0.05,1.6705,0.5239,1.1,CA-50,simetrica_duas_faces,Venturini,1,A1_w110,036,ManusAI,Especialista,validado,
A-1,0.05,1.7682,0.479,1.1,CA-50,simetrica_duas_faces,Venturini,1,A1_w110,037,ManusAI,Especialista,validado,
A-1,0.05,1.8659,0.4308,1.1,CA-50,simetrica_duas_faces,Venturini,1,A1_w110,038,ManusAI,Especialista,validado,
A-1,0.05,1.9636,0.3792,1.1,CA-50,simetrica_duas_faces,Venturini,1,A1_w110,039,ManusAI,Especialista,validado,
A-1,0.05,2.0614,0.3243,1.1,CA-50,simetrica_duas_faces,Venturini,1,A1_w110,040,ManusAI,Especialista,validado,
A-1,0.05,2.1591,0.2661,1.1,CA-50,simetrica_duas_faces,Venturini,1,A1_w110,041,ManusAI,Especialista,validado,
A-1,0.05,2.2568,0.2046,1.1,CA-50,simetrica_duas_faces,Venturini,1,A1_w110,042,ManusAI,Especialista,validado,
A-1,0.05,2.3545,0.1397,1.1,CA-50,simetrica_duas_faces,Venturini,1,A1_w110,043,ManusAI,Especialista,validado,
A-1,0.05,2.4523,0.0715,1.1,CA-50,simetrica_duas_faces,Venturini,1,A1_w110,044,ManusAI,Especialista,validado,
A-1,0.05,-1.6523,0.0764,1.2,CA-50,simetrica_duas_faces,Venturini,1,A1_w120,002,ManusAI,Especialista,validado,
A-1,0.05,-1.5545,0.1493,1.2,CA-50,simetrica_duas_faces,Venturini,1,A1_w120,003,ManusAI,Especialista,validado,
A-1,0.05,-1.4568,0.2186,1.2,CA-50,simetrica_duas_faces,Venturini,1,A1_w120,004,ManusAI,Especialista,validado,
A-1,0.05,-1.3591,0.2843,1.2,CA-50,simetrica_duas_faces,Venturini,1,A1_w120,005,ManusAI,Especialista,validado,
A-1,0.05,-1.2614,0.3465,1.2,CA-50,simetrica_duas_faces,Venturini,1,A1_w120,006,ManusAI,Especialista,validado,
A-1,0.05,-1.1636,0.4051,1.2,CA-50,simetrica_duas_faces,Venturini,1,A1_w120,007,ManusAI,Especialista,validado,
A-1,0.05,-1.0659,0.4602,1.2,CA-50,simetrica_duas_faces,Venturini,1,A1_w120,008,ManusAI,Especialista,validado,
A-1,0.05,-0.9682,0.5117,1.2,CA-50,simetrica_duas_faces,Venturini,1,A1_w120,009,ManusAI,Especialista,validado,
A-1,0.05,-0.8705,0.5597,1.2,CA-50,simetrica_duas_faces,Venturini,1,A1_w120,010,ManusAI,Especialista,validado,
A-1,0.05,-0.7727,0.6041,1.2,CA-50,simetrica_duas_faces,Venturini,1,A1_w120,011,ManusAI,Especialista,validado,
A-1,0.05,-0.675,0.645,1.2,CA-50,simetrica_duas_faces,Venturini,1,A1_w120,012,ManusAI,Especialista,validado,
A-1,0.05,-0.5773,0.6823,1.2,CA-50,simetrica_duas_faces,Venturini,1,A1_w120,013,ManusAI,Especialista,validado,
A-1,0.05,-0.4795,0.7161,1.2,CA-50,simetrica_duas_faces,Venturini,1,A1_w120,014,ManusAI,Especialista,validado,
A-1,0.05,-0.3818,0.7463,1.2,CA-50,simetrica_duas_faces,Venturini,1,A1_w120,015,ManusAI,Especialista,validado,
A-1,0.05,-0.2841,0.7729,1.2,CA-50,simetrica_duas_faces,Venturini,1,A1_w120,016,ManusAI,Especialista,validado,
A-1,0.05,-0.1864,0.796,1.2,CA-50,simetrica_duas_faces,Venturini,1,A1_w120,017,ManusAI,Especialista,validado,
A-1,0.05,-0.0886,0.8156,1.2,CA-50,simetrica_duas_faces,Venturini,1,A1_w120,018,ManusAI,Especialista,validado,
A-1,0.05,0.0091,0.8316,1.2,CA-50,simetrica_duas_faces,Venturini,1,A1_w120,019,ManusAI,Especialista,validado,
A-1,0.05,0.1068,0.844,1.2,CA-50,simetrica_duas_faces,Venturini,1,A1_w120,020,ManusAI,Especialista,validado,
A-1,0.05,0.2045,0.8529,1.2,CA-50,simetrica_duas_faces,Venturini,1,A1_w120,021,ManusAI,Especialista,validado,
A-1,0.05,0.3023,0.8582,1.2,CA-50,simetrica_duas_faces,Venturini,1,A1_w120,022,ManusAI,Especialista,validado,
A-1,0.05,0.4,0.86,1.2,CA-50,simetrica_duas_faces,Venturini,1,A1_w120,023,ManusAI,Especialista,validado,
A-1,0.05,0.4977,0.8582,1.2,CA-50,simetrica_duas_faces,Venturini,1,A1_w120,024,ManusAI,Especialista,validado,
A-1,0.05,0.5955,0.8529,1.2,CA-50,simetrica_duas_faces,Venturini,1,A1_w120,025,ManusAI,Especialista,validado,
A-1,0.05,0.6932,0.844,1.2,CA-50,simetrica_duas_faces,Venturini,1,A1_w120,026,ManusAI,Especialista,validado,
A-1,0.05,0.7909,0.8316,1.2,CA-50,simetrica_duas_faces,Venturini,1,A1_w120,027,ManusAI,Especialista,validado,
A-1,0.05,0.8886,0.8156,1.2,CA-50,simetrica_duas_faces,Venturini,1,A1_w120,028,ManusAI,Especialista,validado,
A-1,0.05,0.9864,0.796,1.2,CA-50,simetrica_duas_faces,Venturini,1,A1_w120,029,ManusAI,Especialista,validado,
A-1,0.05,1.0841,0.7729,1.2,CA-50,simetrica_duas_faces,Venturini,1,A1_w120,030,ManusAI,Especialista,validado,
A-1,0.05,1.1818,0.7463,1.2,CA-50,simetrica_duas_faces,Venturini,1,A1_w120,031,ManusAI,Especialista,validado,
A-1,0.05,1.2795,0.7161,1.2,CA-50,simetrica_duas_faces,Venturini,1,A1_w120,032,ManusAI,Especialista,validado,
A-1,0.05,1.3773,0.6823,1.2,CA-50,simetrica_duas_faces,Venturini,1,A1_w120,033,ManusAI,Especialista,validado,
A-1,0.05,1.475,0.645,1.2,CA-50,simetrica_duas_faces,Venturini,1,A1_w120,034,ManusAI,Especialista,validado,
A-1,0.05,1.5727,0.6041,1.2,CA-50,simetrica_duas_faces,Venturini,1,A1_w120,035,ManusAI,Especialista,validado,
A-1,0.05,1.6705,0.5597,1.2,CA-50,simetrica_duas_faces,Venturini,1,A1_w120,036,ManusAI,Especialista,validado,
A-1,0.05,1.7682,0.5117,1.2,CA-50,simetrica_duas_faces,Venturini,1,A1_w120,037,ManusAI,Especialista,validado,
A-1,0.05,1.8659,0.4602,1.2,CA-50,simetrica_duas_faces,Venturini,1,A1_w120,038,ManusAI,Especialista,validado,
A-1,0.05,1.9636,0.4051,1.2,CA-50,simetrica_duas_faces,Venturini,1,A1_w120,039,ManusAI,Especialista,validado,
A-1,0.05,2.0614,0.3465,1.2,CA-50,simetrica_duas_faces,Venturini,1,A1_w120,040,ManusAI,Especialista,validado,
A-1,0.05,2.1591,0.2843,1.2,CA-50,simetrica_duas_faces,Venturini,1,A1_w120,041,ManusAI,Especialista,validado,
A-1,0.05,2.2568,0.2186,1.2,CA-50,simetrica_duas_faces,Venturini,1,A1_w120,042,ManusAI,Especialista,validado,
A-1,0.05,2.3545,0.1493,1.2,CA-50,simetrica_duas_faces,Venturini,1,A1_w120,043,ManusAI,Especialista,validado,
A-1,0.05,2.4523,0.0764,1.2,CA-50,simetrica_duas_faces,Venturini,1,A1_w120,044,ManusAI,Especialista,validado,
A-1,0.05,-1.6523,0.0813,1.3,CA-50,simetrica_duas_faces,Venturini,1,A1_w130,002,ManusAI,Especialista,validado,
A-1,0.05,-1.5545,0.1588,1.3,CA-50,simetrica_duas_faces,Venturini,1,A1_w130,003,ManusAI,Especialista,validado,
A-1,0.05,-1.4568,0.2325,1.3,CA-50,simetrica_duas_faces,Venturini,1,A1_w130,004,ManusAI,Especialista,validado,
A-1,0.05,-1.3591,0.3025,1.3,CA-50,simetrica_duas_faces,Venturini,1,A1_w130,005,ManusAI,Especialista,validado,
A-1,0.05,-1.2614,0.3686,1.3,CA-50,simetrica_duas_faces,Venturini,1,A1_w130,006,ManusAI,Especialista,validado,
A-1,0.05,-1.1636,0.431,1.3,CA-50,simetrica_duas_faces,Venturini,1,A1_w130,007,ManusAI,Especialista,validado,
A-1,0.05,-1.0659,0.4896,1.3,CA-50,simetrica_duas_faces,Venturini,1,A1_w130,008,ManusAI,Especialista,validado,
A-1,0.05,-0.9682,0.5445,1.3,CA-50,simetrica_duas_faces,Venturini,1,A1_w130,009,ManusAI,Especialista,validado,
A-1,0.05,-0.8705,0.5955,1.3,CA-50,simetrica_duas_faces,Venturini,1,A1_w130,010,ManusAI,Especialista,validado,
A-1,0.05,-0.7727,0.6428,1.3,CA-50,simetrica_duas_faces,Venturini,1,A1_w130,011,ManusAI,Especialista,validado,
A-1,0.05,-0.675,0.6862,1.3,CA-50,simetrica_duas_faces,Venturini,1,A1_w130,012,ManusAI,Especialista,validado,
A-1,0.05,-0.5773,0.726,1.3,CA-50,simetrica_duas_faces,Venturini,1,A1_w130,013,ManusAI,Especialista,validado,
A-1,0.05,-0.4795,0.7619,1.3,CA-50,simetrica_duas_faces,Venturini,1,A1_w130,014,ManusAI,Especialista,validado,
A-1,0.05,-0.3818,0.794,1.3,CA-50,simetrica_duas_faces,Venturini,1,A1_w130,015,ManusAI,Especialista,validado,
A-1,0.05,-0.2841,0.8224,1.3,CA-50,simetrica_duas_faces,Venturini,1,A1_w130,016,ManusAI,Especialista,validado,
A-1,0.05,-0.1864,0.8469,1.3,CA-50,simetrica_duas_faces,Venturini,1,A1_w130,017,ManusAI,Especialista,validado,
A-1,0.05,-0.0886,0.8677,1.3,CA-50,simetrica_duas_faces,Venturini,1,A1_w130,018,ManusAI,Especialista,validado,
A-1,0.05,0.0091,0.8848,1.3,CA-50,simetrica_duas_faces,Venturini,1,A1_w130,019,ManusAI,Especialista,validado,
A-1,0.05,0.1068,0.898,1.3,CA-50,simetrica_duas_faces,Venturini,1,A1_w130,020,ManusAI,Especialista,validado,
A-1,0.05,0.2045,0.9074,1.3,CA-50,simetrica_duas_faces,Venturini,1,A1_w130,021,ManusAI,Especialista,validado,
A-1,0.05,0.3023,0.9131,1.3,CA-50,simetrica_duas_faces,Venturini,1,A1_w130,022,ManusAI,Especialista,validado,
A-1,0.05,0.4,0.915,1.3,CA-50,simetrica_duas_faces,Venturini,1,A1_w130,023,ManusAI,Especialista,validado,
A-1,0.05,0.4977,0.9131,1.3,CA-50,simetrica_duas_faces,Venturini,1,A1_w130,024,ManusAI,Especialista,validado,
A-1,0.05,0.5955,0.9074,1.3,CA-50,simetrica_duas_faces,Venturini,1,A1_w130,025,ManusAI,Especialista,validado,
A-1,0.05,0.6932,0.898,1.3,CA-50,simetrica_duas_faces,Venturini,1,A1_w130,026,ManusAI,Especialista,validado,
A-1,0.05,0.7909,0.8848,1.3,CA-50,simetrica_duas_faces,Venturini,1,A1_w130,027,ManusAI,Especialista,validado,
A-1,0.05,0.8886,0.8677,1.3,CA-50,simetrica_duas_faces,Venturini,1,A1_w130,028,ManusAI,Especialista,validado,
A-1,0.05,0.9864,0.8469,1.3,CA-50,simetrica_duas_faces,Venturini,1,A1_w130,029,ManusAI,Especialista,validado,
A-1,0.05,1.0841,0.8224,1.3,CA-50,simetrica_duas_faces,Venturini,1,A1_w130,030,ManusAI,Especialista,validado,
A-1,0.05,1.1818,0.794,1.3,CA-50,simetrica_duas_faces,Venturini,1,A1_w130,031,ManusAI,Especialista,validado,
A-1,0.05,1.2795,0.7619,1.3,CA-50,simetrica_duas_faces,Venturini,1,A1_w130,032,ManusAI,Especialista,validado,
A-1,0.05,1.3773,0.726,1.3,CA-50,simetrica_duas_faces,Venturini,1,A1_w130,033,ManusAI,Especialista,validado,
A-1,0.05,1.475,0.6863,1.3,CA-50,simetrica_duas_faces,Venturini,1,A1_w130,034,ManusAI,Especialista,validado,
A-1,0.05,1.5727,0.6428,1.3,CA-50,simetrica_duas_faces,Venturini,1,A1_w130,035,ManusAI,Especialista,validado,
A-1,0.05,1.6705,0.5955,1.3,CA-50,simetrica_duas_faces,Venturini,1,A1_w130,036,ManusAI,Especialista,validado,
A-1,0.05,1.7682,0.5445,1.3,CA-50,simetrica_duas_faces,Venturini,1,A1_w130,037,ManusAI,Especialista,validado,
A-1,0.05,1.8659,0.4896,1.3,CA-50,simetrica_duas_faces,Venturini,1,A1_w130,038,ManusAI,Especialista,validado,
A-1,0.05,1.9636,0.431,1.3,CA-50,simetrica_duas_faces,Venturini,1,A1_w130,039,ManusAI,Especialista,validado,
A-1,0.05,2.0614,0.3686,1.3,CA-50,simetrica_duas_faces,Venturini,1,A1_w130,040,ManusAI,Especialista,validado,
A-1,0.05,2.1591,0.3025,1.3,CA-50,simetrica_duas_faces,Venturini,1,A1_w130,041,ManusAI,Especialista,validado,
A-1,0.05,2.2568,0.2325,1.3,CA-50,simetrica_duas_faces,Venturini,1,A1_w130,042,ManusAI,Especialista,validado,
A-1,0.05,2.3545,0.1588,1.3,CA-50,simetrica_duas_faces,Venturini,1,A1_w130,043,ManusAI,Especialista,validado,
A-1,0.05,2.4523,0.0813,1.3,CA-50,simetrica_duas_faces,Venturini,1,A1_w130,044,ManusAI,Especialista,validado,
A-1,0.05,-1.6523,0.0862,1.4,CA-50,simetrica_duas_faces,Venturini,1,A1_w140,002,ManusAI,Especialista,validado,
A-1,0.05,-1.5545,0.1683,1.4,CA-50,simetrica_duas_faces,Venturini,1,A1_w140,003,ManusAI,Especialista,validado,
A-1,0.05,-1.4568,0.2465,1.4,CA-50,simetrica_duas_faces,Venturini,1,A1_w140,004,ManusAI,Especialista,validado,
A-1,0.05,-1.3591,0.3207,1.4,CA-50,simetrica_duas_faces,Venturini,1,A1_w140,005,ManusAI,Especialista,validado,
A-1,0.05,-1.2614,0.3908,1.4,CA-50,simetrica_duas_faces,Venturini,1,A1_w140,006,ManusAI,Especialista,validado,
A-1,0.05,-1.1636,0.4569,1.4,CA-50,simetrica_duas_faces,Venturini,1,A1_w140,007,ManusAI,Especialista,validado,
A-1,0.05,-1.0659,0.5191,1.4,CA-50,simetrica_duas_faces,Venturini,1,A1_w140,008,ManusAI,Especialista,validado,
A-1,0.05,-0.9682,0.5772,1.4,CA-50,simetrica_duas_faces,Venturini,1,A1_w140,009,ManusAI,Especialista,validado,
A-1,0.05,-0.8705,0.6313,1.4,CA-50,simetrica_duas_faces,Venturini,1,A1_w140,010,ManusAI,Especialista,validado,
A-1,0.05,-0.7727,0.6814,1.4,CA-50,simetrica_duas_faces,Venturini,1,A1_w140,011,ManusAI,Especialista,validado,
A-1,0.05,-0.675,0.7275,1.4,CA-50,simetrica_duas_faces,Venturini,1,A1_w140,012,ManusAI,Especialista,validado,
A-1,0.05,-0.5773,0.7696,1.4,CA-50,simetrica_duas_faces,Venturini,1,A1_w140,013,ManusAI,Especialista,validado,
A-1,0.05,-0.4795,0.8077,1.4,CA-50,simetrica_duas_faces,Venturini,1,A1_w140,014,ManusAI,Especialista,validado,
A-1,0.05,-0.3818,0.8417,1.4,CA-50,simetrica_duas_faces,Venturini,1,A1_w140,015,ManusAI,Especialista,validado,
A-1,0.05,-0.2841,0.8718,1.4,CA-50,simetrica_duas_faces,Venturini,1,A1_w140,016,ManusAI,Especialista,validado,
A-1,0.05,-0.1864,0.8979,1.4,CA-50,simetrica_duas_faces,Venturini,1,A1_w140,017,ManusAI,Especialista,validado,
A-1,0.05,-0.0886,0.9199,1.4,CA-50,simetrica_duas_faces,Venturini,1,A1_w140,018,ManusAI,Especialista,validado,
A-1,0.05,0.0091,0.9379,1.4,CA-50,simetrica_duas_faces,Venturini,1,A1_w140,019,ManusAI,Especialista,validado,
A-1,0.05,0.1068,0.952,1.4,CA-50,simetrica_duas_faces,Venturini,1,A1_w140,020,ManusAI,Especialista,validado,
A-1,0.05,0.2045,0.962,1.4,CA-50,simetrica_duas_faces,Venturini,1,A1_w140,021,ManusAI,Especialista,validado,
A-1,0.05,0.3023,0.968,1.4,CA-50,simetrica_duas_faces,Venturini,1,A1_w140,022,ManusAI,Especialista,validado,
A-1,0.05,0.4,0.97,1.4,CA-50,simetrica_duas_faces,Venturini,1,A1_w140,023,ManusAI,Especialista,validado,
A-1,0.05,0.4977,0.968,1.4,CA-50,simetrica_duas_faces,Venturini,1,A1_w140,024,ManusAI,Especialista,validado,
A-1,0.05,0.5955,0.962,1.4,CA-50,simetrica_duas_faces,Venturini,1,A1_w140,025,ManusAI,Especialista,validado,
A-1,0.05,0.6932,0.952,1.4,CA-50,simetrica_duas_faces,Venturini,1,A1_w140,026,ManusAI,Especialista,validado,
A-1,0.05,0.7909,0.9379,1.4,CA-50,simetrica_duas_faces,Venturini,1,A1_w140,027,ManusAI,Especialista,validado,
A-1,0.05,0.8886,0.9199,1.4,CA-50,simetrica_duas_faces,Venturini,1,A1_w140,028,ManusAI,Especialista,validado,
A-1,0.05,0.9864,0.8979,1.4,CA-50,simetrica_duas_faces,Venturini,1,A1_w140,029,ManusAI,Especialista,validado,
A-1,0.05,1.0841,0.8718,1.4,CA-50,simetrica_duas_faces,Venturini,1,A1_w140,030,ManusAI,Especialista,validado,
A-1,0.05,1.1818,0.8417,1.4,CA-50,simetrica_duas_faces,Venturini,1,A1_w140,031,ManusAI,Especialista,validado,
A-1,0.05,1.2795,0.8077,1.4,CA-50,simetrica_duas_faces,Venturini,1,A1_w140,032,ManusAI,Especialista,validado,
A-1,0.05,1.3773,0.7696,1.4,CA-50,simetrica_duas_faces,Venturini,1,A1_w140,033,ManusAI,Especialista,validado,
A-1,0.05,1.475,0.7275,1.4,CA-50,simetrica_duas_faces,Venturini,1,A1_w140,034,ManusAI,Especialista,validado,
A-1,0.05,1.5727,0.6814,1.4,CA-50,simetrica_duas_faces,Venturini,1,A1_w140,035,ManusAI,Especialista,validado,
A-1,0.05,1.6705,0.6313,1.4,CA-50,simetrica_duas_faces,Venturini,1,A1_w140,036,ManusAI,Especialista,validado,
A-1,0.05,1.7682,0.5772,1.4,CA-50,simetrica_duas_faces,Venturini,1,A1_w140,037,ManusAI,Especialista,validado,
A-1,0.05,1.8659,0.5191,1.4,CA-50,simetrica_duas_faces,Venturini,1,A1_w140,038,ManusAI,Especialista,validado,
A-1,0.05,1.9636,0.4569,1.4,CA-50,simetrica_duas_faces,Venturini,1,A1_w140,039,ManusAI,Especialista,validado,
A-1,0.05,2.0614,0.3908,1.4,CA-50,simetrica_duas_faces,Venturini,1,A1_w140,040,ManusAI,Especialista,validado,
A-1,0.05,2.1591,0.3207,1.4,CA-50,simetrica_duas_faces,Venturini,1,A1_w140,041,ManusAI,Especialista,validado,
A-1,0.05,2.2568,0.2465,1.4,CA-50,simetrica_duas_faces,Venturini,1,A1_w140,042,ManusAI,Especialista,validado,
A-1,0.05,2.3545,0.1683,1.4,CA-50,simetrica_duas_faces,Venturini,1,A1_w140,043,ManusAI,Especialista,validado,
A-1,0.05,2.4523,0.0862,1.4,CA-50,simetrica_duas_faces,Venturini,1,A1_w140,044,ManusAI,Especialista,validado,
A-1,0.05,-1.6523,0.0911,1.5,CA-50,simetrica_duas_faces,Venturini,1,A1_w150,002,ManusAI,Especialista,validado,
A-1,0.05,-1.5545,0.1779,1.5,CA-50,simetrica_duas_faces,Venturini,1,A1_w150,003,ManusAI,Especialista,validado,
A-1,0.05,-1.4568,0.2605,1.5,CA-50,simetrica_duas_faces,Venturini,1,A1_w150,004,ManusAI,Especialista,validado,
A-1,0.05,-1.3591,0.3388,1.5,CA-50,simetrica_duas_faces,Venturini,1,A1_w150,005,ManusAI,Especialista,validado,
A-1,0.05,-1.2614,0.413,1.5,CA-50,simetrica_duas_faces,Venturini,1,A1_w150,006,ManusAI,Especialista,validado,
A-1,0.05,-1.1636,0.4829,1.5,CA-50,simetrica_duas_faces,Venturini,1,A1_w150,007,ManusAI,Especialista,validado,
A-1,0.05,-1.0659,0.5485,1.5,CA-50,simetrica_duas_faces,Venturini,1,A1_w150,008,ManusAI,Especialista,validado,
A-1,0.05,-0.9682,0.6099,1.5,CA-50,simetrica_duas_faces,Venturini,1,A1_w150,009,ManusAI,Especialista,validado,
A-1,0.05,-0.8705,0.6671,1.5,CA-50,simetrica_duas_faces,Venturini,1,A1_w150,010,ManusAI,Especialista,validado,
A-1,0.05,-0.7727,0.72,1.5,CA-50,simetrica_duas_faces,Venturini,1,A1_w150,011,ManusAI,Especialista,validado,
A-1,0.05,-0.675,0.7687,1.5,CA-50,simetrica_duas_faces,Venturini,1,A1_w150,012,ManusAI,Especialista,validado,
A-1,0.05,-0.5773,0.8132,1.5,CA-50,simetrica_duas_faces,Venturini,1,A1_w150,013,ManusAI,Especialista,validado,
A-1,0.05,-0.4795,0.8535,1.5,CA-50,simetrica_duas_faces,Venturini,1,A1_w150,014,ManusAI,Especialista,validado,
A-1,0.05,-0.3818,0.8895,1.5,CA-50,simetrica_duas_faces,Venturini,1,A1_w150,015,ManusAI,Especialista,validado,
A-1,0.05,-0.2841,0.9212,1.5,CA-50,simetrica_duas_faces,Venturini,1,A1_w150,016,ManusAI,Especialista,validado,
A-1,0.05,-0.1864,0.9488,1.5,CA-50,simetrica_duas_faces,Venturini,1,A1_w150,017,ManusAI,Especialista,validado,
A-1,0.05,-0.0886,0.9721,1.5,CA-50,simetrica_duas_faces,Venturini,1,A1_w150,018,ManusAI,Especialista,validado,
A-1,0.05,0.0091,0.9911,1.5,CA-50,simetrica_duas_faces,Venturini,1,A1_w150,019,ManusAI,Especialista,validado,
A-1,0.05,0.1068,1.0059,1.5,CA-50,simetrica_duas_faces,Venturini,1,A1_w150,020,ManusAI,Especialista,validado,
A-1,0.05,0.2045,1.0165,1.5,CA-50,simetrica_duas_faces,Venturini,1,A1_w150,021,ManusAI,Especialista,validado,
A-1,0.05,0.3023,1.0229,1.5,CA-50,simetrica_duas_faces,Venturini,1,A1_w150,022,ManusAI,Especialista,validado,
A-1,0.05,0.4,1.025,1.5,CA-50,simetrica_duas_faces,Venturini,1,A1_w150,023,ManusAI,Especialista,validado,
A-1,0.05,0.4977,1.0229,1.5,CA-50,simetrica_duas_faces,Venturini,1,A1_w150,024,ManusAI,Especialista,validado,
A-1,0.05,0.5955,1.0165,1.5,CA-50,simetrica_duas_faces,Venturini,1,A1_w150,025,ManusAI,Especialista,validado,
A-1,0.05,0.6932,1.0059,1.5,CA-50,simetrica_duas_faces,Venturini,1,A1_w150,026,ManusAI,Especialista,validado,
A-1,0.05,0.7909,0.9911,1.5,CA-50,simetrica_duas_faces,Venturini,1,A1_w150,027,ManusAI,Especialista,validado,
A-1,0.05,0.8886,0.9721,1.5,CA-50,simetrica_duas_faces,Venturini,1,A1_w150,028,ManusAI,Especialista,validado,
A-1,0.05,0.9864,0.9488,1.5,CA-50,simetrica_duas_faces,Venturini,1,A1_w150,029,ManusAI,Especialista,validado,
A-1,0.05,1.0841,0.9212,1.5,CA-50,simetrica_duas_faces,Venturini,1,A1_w150,030,ManusAI,Especialista,validado,
A-1,0.05,1.1818,0.8895,1.5,CA-50,simetrica_duas_faces,Venturini,1,A1_w150,031,ManusAI,Especialista,validado,
A-1,0.05,1.2795,0.8535,1.5,CA-50,simetrica_duas_faces,Venturini,1,A1_w150,032,ManusAI,Especialista,validado,
A-1,0.05,1.3773,0.8132,1.5,CA-50,simetrica_duas_faces,Venturini,1,A1_w150,033,ManusAI,Especialista,validado,
A-1,0.05,1.475,0.7688,1.5,CA-50,simetrica_duas_faces,Venturini,1,A1_w150,034,ManusAI,Especialista,validado,
A-1,0.05,1.5727,0.72,1.5,CA-50,simetrica_duas_faces,Venturini,1,A1_w150,035,ManusAI,Especialista,validado,
A-1,0.05,1.6705,0.6671,1.5,CA-50,simetrica_duas_faces,Venturini,1,A1_w150,036,ManusAI,Especialista,validado,
A-1,0.05,1.7682,0.6099,1.5,CA-50,simetrica_duas_faces,Venturini,1,A1_w150,037,ManusAI,Especialista,validado,
A-1,0.05,1.8659,0.5485,1.5,CA-50,simetrica_duas_faces,Venturini,1,A1_w150,038,ManusAI,Especialista,validado,
A-1,0.05,1.9636,0.4829,1.5,CA-50,simetrica_duas_faces,Venturini,1,A1_w150,039,ManusAI,Especialista,validado,
A-1,0.05,2.0614,0.413,1.5,CA-50,simetrica_duas_faces,Venturini,1,A1_w150,040,ManusAI,Especialista,validado,
A-1,0.05,2.1591,0.3388,1.5,CA-50,simetrica_duas_faces,Venturini,1,A1_w150,041,ManusAI,Especialista,validado,
A-1,0.05,2.2568,0.2605,1.5,CA-50,simetrica_duas_faces,Venturini,1,A1_w150,042,ManusAI,Especialista,validado,
A-1,0.05,2.3545,0.1779,1.5,CA-50,simetrica_duas_faces,Venturini,1,A1_w150,043,ManusAI,Especialista,validado,
A-1,0.05,2.4523,0.0911,1.5,CA-50,simetrica_duas_faces,Venturini,1,A1_w150,044,ManusAI,Especialista,validado,
A-1,0.05,-1.6523,0.096,1.6,CA-50,simetrica_duas_faces,Venturini,1,A1_w160,002,ManusAI,Especialista,validado,
A-1,0.05,-1.5545,0.1874,1.6,CA-50,simetrica_duas_faces,Venturini,1,A1_w160,003,ManusAI,Especialista,validado,
A-1,0.05,-1.4568,0.2745,1.6,CA-50,simetrica_duas_faces,Venturini,1,A1_w160,004,ManusAI,Especialista,validado,
A-1,0.05,-1.3591,0.357,1.6,CA-50,simetrica_duas_faces,Venturini,1,A1_w160,005,ManusAI,Especialista,validado,
A-1,0.05,-1.2614,0.4351,1.6,CA-50,simetrica_duas_faces,Venturini,1,A1_w160,006,ManusAI,Especialista,validado,
A-1,0.05,-1.1636,0.5088,1.6,CA-50,simetrica_duas_faces,Venturini,1,A1_w160,007,ManusAI,Especialista,validado,
A-1,0.05,-1.0659,0.5779,1.6,CA-50,simetrica_duas_faces,Venturini,1,A1_w160,008,ManusAI,Especialista,validado,
A-1,0.05,-0.9682,0.6426,1.6,CA-50,simetrica_duas_faces,Venturini,1,A1_w160,009,ManusAI,Especialista,validado,
A-1,0.05,-0.8705,0.7029,1.6,CA-50,simetrica_duas_faces,Venturini,1,A1_w160,010,ManusAI,Especialista,validado,
A-1,0.05,-0.7727,0.7587,1.6,CA-50,simetrica_duas_faces,Venturini,1,A1_w160,011,ManusAI,Especialista,validado,
A-1,0.05,-0.675,0.81,1.6,CA-50,simetrica_duas_faces,Venturini,1,A1_w160,012,ManusAI,Especialista,validado,
A-1,0.05,-0.5773,0.8569,1.6,CA-50,simetrica_duas_faces,Venturini,1,A1_w160,013,ManusAI,Especialista,validado,
A-1,0.05,-0.4795,0.8993,1.6,CA-50,simetrica_duas_faces,Venturini,1,A1_w160,014,ManusAI,Especialista,validado,
A-1,0.05,-0.3818,0.9372,1.6,CA-50,simetrica_duas_faces,Venturini,1,A1_w160,015,ManusAI,Especialista,validado,
A-1,0.05,-0.2841,0.9707,1.6,CA-50,simetrica_duas_faces,Venturini,1,A1_w160,016,ManusAI,Especialista,validado,
A-1,0.05,-0.1864,0.9997,1.6,CA-50,simetrica_duas_faces,Venturini,1,A1_w160,017,ManusAI,Especialista,validado,
A-1,0.05,-0.0886,1.0242,1.6,CA-50,simetrica_duas_faces,Venturini,1,A1_w160,018,ManusAI,Especialista,validado,
A-1,0.05,0.0091,1.0443,1.6,CA-50,simetrica_duas_faces,Venturini,1,A1_w160,019,ManusAI,Especialista,validado,
A-1,0.05,0.1068,1.0599,1.6,CA-50,simetrica_duas_faces,Venturini,1,A1_w160,020,ManusAI,Especialista,validado,
A-1,0.05,0.2045,1.0711,1.6,CA-50,simetrica_duas_faces,Venturini,1,A1_w160,021,ManusAI,Especialista,validado,
A-1,0.05,0.3023,1.0778,1.6,CA-50,simetrica_duas_faces,Venturini,1,A1_w160,022,ManusAI,Especialista,validado,
A-1,0.05,0.4,1.08,1.6,CA-50,simetrica_duas_faces,Venturini,1,A1_w160,023,ManusAI,Especialista,validado,
A-1,0.05,0.4977,1.0778,1.6,CA-50,simetrica_duas_faces,Venturini,1,A1_w160,024,ManusAI,Especialista,validado,
A-1,0.05,0.5955,1.0711,1.6,CA-50,simetrica_duas_faces,Venturini,1,A1_w160,025,ManusAI,Especialista,validado,
A-1,0.05,0.6932,1.0599,1.6,CA-50,simetrica_duas_faces,Venturini,1,A1_w160,026,ManusAI,Especialista,validado,
A-1,0.05,0.7909,1.0443,1.6,CA-50,simetrica_duas_faces,Venturini,1,A1_w160,027,ManusAI,Especialista,validado,
A-1,0.05,0.8886,1.0242,1.6,CA-50,simetrica_duas_faces,Venturini,1,A1_w160,028,ManusAI,Especialista,validado,
A-1,0.05,0.9864,0.9997,1.6,CA-50,simetrica_duas_faces,Venturini,1,A1_w160,029,ManusAI,Especialista,validado,
A-1,0.05,1.0841,0.9707,1.6,CA-50,simetrica_duas_faces,Venturini,1,A1_w160,030,ManusAI,Especialista,validado,
A-1,0.05,1.1818,0.9372,1.6,CA-50,simetrica_duas_faces,Venturini,1,A1_w160,031,ManusAI,Especialista,validado,
A-1,0.05,1.2795,0.8993,1.6,CA-50,simetrica_duas_faces,Venturini,1,A1_w160,032,ManusAI,Especialista,validado,
A-1,0.05,1.3773,0.8569,1.6,CA-50,simetrica_duas_faces,Venturini,1,A1_w160,033,ManusAI,Especialista,validado,
A-1,0.05,1.475,0.81,1.6,CA-50,simetrica_duas_faces,Venturini,1,A1_w160,034,ManusAI,Especialista,validado,
A-1,0.05,1.5727,0.7587,1.6,CA-50,simetrica_duas_faces,Venturini,1,A1_w160,035,ManusAI,Especialista,validado,
A-1,0.05,1.6705,0.7029,1.6,CA-50,simetrica_duas_faces,Venturini,1,A1_w160,036,ManusAI,Especialista,validado,
A-1,0.05,1.7682,0.6426,1.6,CA-50,simetrica_duas_faces,Venturini,1,A1_w160,037,ManusAI,Especialista,validado,
A-1,0.05,1.8659,0.5779,1.6,CA-50,simetrica_duas_faces,Venturini,1,A1_w160,038,ManusAI,Especialista,validado,
A-1,0.05,1.9636,0.5088,1.6,CA-50,simetrica_duas_faces,Venturini,1,A1_w160,039,ManusAI,Especialista,validado,
A-1,0.05,2.0614,0.4351,1.6,CA-50,simetrica_duas_faces,Venturini,1,A1_w160,040,ManusAI,Especialista,validado,
A-1,0.05,2.1591,0.357,1.6,CA-50,simetrica_duas_faces,Venturini,1,A1_w160,041,ManusAI,Especialista,validado,
A-1,0.05,2.2568,0.2745,1.6,CA-50,simetrica_duas_faces,Venturini,1,A1_w160,042,ManusAI,Especialista,validado,
A-1,0.05,2.3545,0.1874,1.6,CA-50,simetrica_duas_faces,Venturini,1,A1_w160,043,ManusAI,Especialista,validado,
A-1,0.05,2.4523,0.096,1.6,CA-50,simetrica_duas_faces,Venturini,1,A1_w160,044,ManusAI,Especialista,validado,
A-2,0.1,-1.6523,0.0173,0.0,CA-50,simetrica_duas_faces,Venturini,2,A2_w000,002,ManusAI,Especialista,validado,
A-2,0.1,-1.5545,0.0338,0.0,CA-50,simetrica_duas_faces,Venturini,2,A2_w000,003,ManusAI,Especialista,validado,
A-2,0.1,-1.4568,0.0496,0.0,CA-50,simetrica_duas_faces,Venturini,2,A2_w000,004,ManusAI,Especialista,validado,
A-2,0.1,-1.3591,0.0645,0.0,CA-50,simetrica_duas_faces,Venturini,2,A2_w000,005,ManusAI,Especialista,validado,
A-2,0.1,-1.2614,0.0786,0.0,CA-50,simetrica_duas_faces,Venturini,2,A2_w000,006,ManusAI,Especialista,validado,
A-2,0.1,-1.1636,0.0919,0.0,CA-50,simetrica_duas_faces,Venturini,2,A2_w000,007,ManusAI,Especialista,validado,
A-2,0.1,-1.0659,0.1043,0.0,CA-50,simetrica_duas_faces,Venturini,2,A2_w000,008,ManusAI,Especialista,validado,
A-2,0.1,-0.9682,0.116,0.0,CA-50,simetrica_duas_faces,Venturini,2,A2_w000,009,ManusAI,Especialista,validado,
A-2,0.1,-0.8705,0.1269,0.0,CA-50,simetrica_duas_faces,Venturini,2,A2_w000,010,ManusAI,Especialista,validado,
A-2,0.1,-0.7727,0.137,0.0,CA-50,simetrica_duas_faces,Venturini,2,A2_w000,011,ManusAI,Especialista,validado,
A-2,0.1,-0.675,0.1462,0.0,CA-50,simetrica_duas_faces,Venturini,2,A2_w000,012,ManusAI,Especialista,validado,
A-2,0.1,-0.5773,0.1547,0.0,CA-50,simetrica_duas_faces,Venturini,2,A2_w000,013,ManusAI,Especialista,validado,
A-2,0.1,-0.4795,0.1624,0.0,CA-50,simetrica_duas_faces,Venturini,2,A2_w000,014,ManusAI,Especialista,validado,
A-2,0.1,-0.3818,0.1692,0.0,CA-50,simetrica_duas_faces,Venturini,2,A2_w000,015,ManusAI,Especialista,validado,
A-2,0.1,-0.2841,0.1753,0.0,CA-50,simetrica_duas_faces,Venturini,2,A2_w000,016,ManusAI,Especialista,validado,
A-2,0.1,-0.1864,0.1805,0.0,CA-50,simetrica_duas_faces,Venturini,2,A2_w000,017,ManusAI,Especialista,validado,
A-2,0.1,-0.0886,0.1849,0.0,CA-50,simetrica_duas_faces,Venturini,2,A2_w000,018,ManusAI,Especialista,validado,
A-2,0.1,0.0091,0.1886,0.0,CA-50,simetrica_duas_faces,Venturini,2,A2_w000,019,ManusAI,Especialista,validado,
A-2,0.1,0.1068,0.1914,0.0,CA-50,simetrica_duas_faces,Venturini,2,A2_w000,020,ManusAI,Especialista,validado,
A-2,0.1,0.2045,0.1934,0.0,CA-50,simetrica_duas_faces,Venturini,2,A2_w000,021,ManusAI,Especialista,validado,
A-2,0.1,0.3023,0.1946,0.0,CA-50,simetrica_duas_faces,Venturini,2,A2_w000,022,ManusAI,Especialista,validado,
A-2,0.1,0.4,0.195,0.0,CA-50,simetrica_duas_faces,Venturini,2,A2_w000,023,ManusAI,Especialista,validado,
A-2,0.1,0.4977,0.1946,0.0,CA-50,simetrica_duas_faces,Venturini,2,A2_w000,024,ManusAI,Especialista,validado,
A-2,0.1,0.5955,0.1934,0.0,CA-50,simetrica_duas_faces,Venturini,2,A2_w000,025,ManusAI,Especialista,validado,
A-2,0.1,0.6932,0.1914,0.0,CA-50,simetrica_duas_faces,Venturini,2,A2_w000,026,ManusAI,Especialista,validado,
A-2,0.1,0.7909,0.1886,0.0,CA-50,simetrica_duas_faces,Venturini,2,A2_w000,027,ManusAI,Especialista,validado,
A-2,0.1,0.8886,0.1849,0.0,CA-50,simetrica_duas_faces,Venturini,2,A2_w000,028,ManusAI,Especialista,validado,
A-2,0.1,0.9864,0.1805,0.0,CA-50,simetrica_duas_faces,Venturini,2,A2_w000,029,ManusAI,Especialista,validado,
A-2,0.1,1.0841,0.1753,0.0,CA-50,simetrica_duas_faces,Venturini,2,A2_w000,030,ManusAI,Especialista,validado,
A-2,0.1,1.1818,0.1692,0.0,CA-50,simetrica_duas_faces,Venturini,2,A2_w000,031,ManusAI,Especialista,validado,
A-2,0.1,1.2795,0.1624,0.0,CA-50,simetrica_duas_faces,Venturini,2,A2_w000,032,ManusAI,Especialista,validado,
A-2,0.1,1.3773,0.1547,0.0,CA-50,simetrica_duas_faces,Venturini,2,A2_w000,033,ManusAI,Especialista,validado,
A-2,0.1,1.475,0.1463,0.0,CA-50,simetrica_duas_faces,Venturini,2,A2_w000,034,ManusAI,Especialista,validado,
A-2,0.1,1.5727,0.137,0.0,CA-50,simetrica_duas_faces,Venturini,2,A2_w000,035,ManusAI,Especialista,validado,
A-2,0.1,1.6705,0.1269,0.0,CA-50,simetrica_duas_faces,Venturini,2,A2_w000,036,ManusAI,Especialista,validado,
A-2,0.1,1.7682,0.116,0.0,CA-50,simetrica_duas_faces,Venturini,2,A2_w000,037,ManusAI,Especialista,validado,
A-2,0.1,1.8659,0.1043,0.0,CA-50,simetrica_duas_faces,Venturini,2,A2_w000,038,ManusAI,Especialista,validado,
A-2,0.1,1.9636,0.0919,0.0,CA-50,simetrica_duas_faces,Venturini,2,A2_w000,039,ManusAI,Especialista,validado,
A-2,0.1,2.0614,0.0786,0.0,CA-50,simetrica_duas_faces,Venturini,2,A2_w000,040,ManusAI,Especialista,validado,
A-2,0.1,2.1591,0.0645,0.0,CA-50,simetrica_duas_faces,Venturini,2,A2_w000,041,ManusAI,Especialista,validado,
A-2,0.1,2.2568,0.0496,0.0,CA-50,simetrica_duas_faces,Venturini,2,A2_w000,042,ManusAI,Especialista,validado,
A-2,0.1,2.3545,0.0338,0.0,CA-50,simetrica_duas_faces,Venturini,2,A2_w000,043,ManusAI,Especialista,validado,
A-2,0.1,2.4523,0.0173,0.0,CA-50,simetrica_duas_faces,Venturini,2,A2_w000,044,ManusAI,Especialista,validado,
A-2,0.1,-1.6523,0.0221,0.1,CA-50,simetrica_duas_faces,Venturini,2,A2_w010,002,ManusAI,Especialista,validado,
A-2,0.1,-1.5545,0.0431,0.1,CA-50,simetrica_duas_faces,Venturini,2,A2_w010,003,ManusAI,Especialista,validado,
A-2,0.1,-1.4568,0.0632,0.1,CA-50,simetrica_duas_faces,Venturini,2,A2_w010,004,ManusAI,Especialista,validado,
A-2,0.1,-1.3591,0.0822,0.1,CA-50,simetrica_duas_faces,Venturini,2,A2_w010,005,ManusAI,Especialista,validado,
A-2,0.1,-1.2614,0.1002,0.1,CA-50,simetrica_duas_faces,Venturini,2,A2_w010,006,ManusAI,Especialista,validado,
A-2,0.1,-1.1636,0.1171,0.1,CA-50,simetrica_duas_faces,Venturini,2,A2_w010,007,ManusAI,Especialista,validado,
A-2,0.1,-1.0659,0.133,0.1,CA-50,simetrica_duas_faces,Venturini,2,A2_w010,008,ManusAI,Especialista,validado,
A-2,0.1,-0.9682,0.1479,0.1,CA-50,simetrica_duas_faces,Venturini,2,A2_w010,009,ManusAI,Especialista,validado,
A-2,0.1,-0.8705,0.1618,0.1,CA-50,simetrica_duas_faces,Venturini,2,A2_w010,010,ManusAI,Especialista,validado,
A-2,0.1,-0.7727,0.1747,0.1,CA-50,simetrica_duas_faces,Venturini,2,A2_w010,011,ManusAI,Especialista,validado,
A-2,0.1,-0.675,0.1865,0.1,CA-50,simetrica_duas_faces,Venturini,2,A2_w010,012,ManusAI,Especialista,validado,
A-2,0.1,-0.5773,0.1973,0.1,CA-50,simetrica_duas_faces,Venturini,2,A2_w010,013,ManusAI,Especialista,validado,
A-2,0.1,-0.4795,0.207,0.1,CA-50,simetrica_duas_faces,Venturini,2,A2_w010,014,ManusAI,Especialista,validado,
A-2,0.1,-0.3818,0.2157,0.1,CA-50,simetrica_duas_faces,Venturini,2,A2_w010,015,ManusAI,Especialista,validado,
A-2,0.1,-0.2841,0.2235,0.1,CA-50,simetrica_duas_faces,Venturini,2,A2_w010,016,ManusAI,Especialista,validado,
A-2,0.1,-0.1864,0.2301,0.1,CA-50,simetrica_duas_faces,Venturini,2,A2_w010,017,ManusAI,Especialista,validado,
A-2,0.1,-0.0886,0.2358,0.1,CA-50,simetrica_duas_faces,Venturini,2,A2_w010,018,ManusAI,Especialista,validado,
A-2,0.1,0.0091,0.2404,0.1,CA-50,simetrica_duas_faces,Venturini,2,A2_w010,019,ManusAI,Especialista,validado,
A-2,0.1,0.1068,0.244,0.1,CA-50,simetrica_duas_faces,Venturini,2,A2_w010,020,ManusAI,Especialista,validado,
A-2,0.1,0.2045,0.2466,0.1,CA-50,simetrica_duas_faces,Venturini,2,A2_w010,021,ManusAI,Especialista,validado,
A-2,0.1,0.3023,0.2481,0.1,CA-50,simetrica_duas_faces,Venturini,2,A2_w010,022,ManusAI,Especialista,validado,
A-2,0.1,0.4,0.2486,0.1,CA-50,simetrica_duas_faces,Venturini,2,A2_w010,023,ManusAI,Especialista,validado,
A-2,0.1,0.4977,0.2481,0.1,CA-50,simetrica_duas_faces,Venturini,2,A2_w010,024,ManusAI,Especialista,validado,
A-2,0.1,0.5955,0.2466,0.1,CA-50,simetrica_duas_faces,Venturini,2,A2_w010,025,ManusAI,Especialista,validado,
A-2,0.1,0.6932,0.244,0.1,CA-50,simetrica_duas_faces,Venturini,2,A2_w010,026,ManusAI,Especialista,validado,
A-2,0.1,0.7909,0.2404,0.1,CA-50,simetrica_duas_faces,Venturini,2,A2_w010,027,ManusAI,Especialista,validado,
A-2,0.1,0.8886,0.2358,0.1,CA-50,simetrica_duas_faces,Venturini,2,A2_w010,028,ManusAI,Especialista,validado,
A-2,0.1,0.9864,0.2301,0.1,CA-50,simetrica_duas_faces,Venturini,2,A2_w010,029,ManusAI,Especialista,validado,
A-2,0.1,1.0841,0.2235,0.1,CA-50,simetrica_duas_faces,Venturini,2,A2_w010,030,ManusAI,Especialista,validado,
A-2,0.1,1.1818,0.2157,0.1,CA-50,simetrica_duas_faces,Venturini,2,A2_w010,031,ManusAI,Especialista,validado,
A-2,0.1,1.2795,0.207,0.1,CA-50,simetrica_duas_faces,Venturini,2,A2_w010,032,ManusAI,Especialista,validado,
A-2,0.1,1.3773,0.1973,0.1,CA-50,simetrica_duas_faces,Venturini,2,A2_w010,033,ManusAI,Especialista,validado,
A-2,0.1,1.475,0.1865,0.1,CA-50,simetrica_duas_faces,Venturini,2,A2_w010,034,ManusAI,Especialista,validado,
A-2,0.1,1.5727,0.1747,0.1,CA-50,simetrica_duas_faces,Venturini,2,A2_w010,035,ManusAI,Especialista,validado,
A-2,0.1,1.6705,0.1618,0.1,CA-50,simetrica_duas_faces,Venturini,2,A2_w010,036,ManusAI,Especialista,validado,
A-2,0.1,1.7682,0.1479,0.1,CA-50,simetrica_duas_faces,Venturini,2,A2_w010,037,ManusAI,Especialista,validado,
A-2,0.1,1.8659,0.133,0.1,CA-50,simetrica_duas_faces,Venturini,2,A2_w010,038,ManusAI,Especialista,validado,
A-2,0.1,1.9636,0.1171,0.1,CA-50,simetrica_duas_faces,Venturini,2,A2_w010,039,ManusAI,Especialista,validado,
A-2,0.1,2.0614,0.1002,0.1,CA-50,simetrica_duas_faces,Venturini,2,A2_w010,040,ManusAI,Especialista,validado,
A-2,0.1,2.1591,0.0822,0.1,CA-50,simetrica_duas_faces,Venturini,2,A2_w010,041,ManusAI,Especialista,validado,
A-2,0.1,2.2568,0.0632,0.1,CA-50,simetrica_duas_faces,Venturini,2,A2_w010,042,ManusAI,Especialista,validado,
A-2,0.1,2.3545,0.0431,0.1,CA-50,simetrica_duas_faces,Venturini,2,A2_w010,043,ManusAI,Especialista,validado,
A-2,0.1,2.4523,0.0221,0.1,CA-50,simetrica_duas_faces,Venturini,2,A2_w010,044,ManusAI,Especialista,validado,
A-2,0.1,-1.6523,0.0269,0.2,CA-50,simetrica_duas_faces,Venturini,2,A2_w020,002,ManusAI,Especialista,validado,
A-2,0.1,-1.5545,0.0525,0.2,CA-50,simetrica_duas_faces,Venturini,2,A2_w020,003,ManusAI,Especialista,validado,
A-2,0.1,-1.4568,0.0768,0.2,CA-50,simetrica_duas_faces,Venturini,2,A2_w020,004,ManusAI,Especialista,validado,
A-2,0.1,-1.3591,0.0999,0.2,CA-50,simetrica_duas_faces,Venturini,2,A2_w020,005,ManusAI,Especialista,validado,
A-2,0.1,-1.2614,0.1218,0.2,CA-50,simetrica_duas_faces,Venturini,2,A2_w020,006,ManusAI,Especialista,validado,
A-2,0.1,-1.1636,0.1424,0.2,CA-50,simetrica_duas_faces,Venturini,2,A2_w020,007,ManusAI,Especialista,validado,
A-2,0.1,-1.0659,0.1617,0.2,CA-50,simetrica_duas_faces,Venturini,2,A2_w020,008,ManusAI,Especialista,validado,
A-2,0.1,-0.9682,0.1799,0.2,CA-50,simetrica_duas_faces,Venturini,2,A2_w020,009,ManusAI,Especialista,validado,
A-2,0.1,-0.8705,0.1967,0.2,CA-50,simetrica_duas_faces,Venturini,2,A2_w020,010,ManusAI,Especialista,validado,
A-2,0.1,-0.7727,0.2123,0.2,CA-50,simetrica_duas_faces,Venturini,2,A2_w020,011,ManusAI,Especialista,validado,
A-2,0.1,-0.675,0.2267,0.2,CA-50,simetrica_duas_faces,Venturini,2,A2_w020,012,ManusAI,Especialista,validado,
A-2,0.1,-0.5773,0.2398,0.2,CA-50,simetrica_duas_faces,Venturini,2,A2_w020,013,ManusAI,Especialista,validado,
A-2,0.1,-0.4795,0.2517,0.2,CA-50,simetrica_duas_faces,Venturini,2,A2_w020,014,ManusAI,Especialista,validado,
A-2,0.1,-0.3818,0.2623,0.2,CA-50,simetrica_duas_faces,Venturini,2,A2_w020,015,ManusAI,Especialista,validado,
A-2,0.1,-0.2841,0.2717,0.2,CA-50,simetrica_duas_faces,Venturini,2,A2_w020,016,ManusAI,Especialista,validado,
A-2,0.1,-0.1864,0.2798,0.2,CA-50,simetrica_duas_faces,Venturini,2,A2_w020,017,ManusAI,Especialista,validado,
A-2,0.1,-0.0886,0.2866,0.2,CA-50,simetrica_duas_faces,Venturini,2,A2_w020,018,ManusAI,Especialista,validado,
A-2,0.1,0.0091,0.2923,0.2,CA-50,simetrica_duas_faces,Venturini,2,A2_w020,019,ManusAI,Especialista,validado,
A-2,0.1,0.1068,0.2966,0.2,CA-50,simetrica_duas_faces,Venturini,2,A2_w020,020,ManusAI,Especialista,validado,
A-2,0.1,0.2045,0.2998,0.2,CA-50,simetrica_duas_faces,Venturini,2,A2_w020,021,ManusAI,Especialista,validado,
A-2,0.1,0.3023,0.3016,0.2,CA-50,simetrica_duas_faces,Venturini,2,A2_w020,022,ManusAI,Especialista,validado,
A-2,0.1,0.4,0.3022,0.2,CA-50,simetrica_duas_faces,Venturini,2,A2_w020,023,ManusAI,Especialista,validado,
A-2,0.1,0.4977,0.3016,0.2,CA-50,simetrica_duas_faces,Venturini,2,A2_w020,024,ManusAI,Especialista,validado,
A-2,0.1,0.5955,0.2998,0.2,CA-50,simetrica_duas_faces,Venturini,2,A2_w020,025,ManusAI,Especialista,validado,
A-2,0.1,0.6932,0.2966,0.2,CA-50,simetrica_duas_faces,Venturini,2,A2_w020,026,ManusAI,Especialista,validado,
A-2,0.1,0.7909,0.2923,0.2,CA-50,simetrica_duas_faces,Venturini,2,A2_w020,027,ManusAI,Especialista,validado,
A-2,0.1,0.8886,0.2866,0.2,CA-50,simetrica_duas_faces,Venturini,2,A2_w020,028,ManusAI,Especialista,validado,
A-2,0.1,0.9864,0.2798,0.2,CA-50,simetrica_duas_faces,Venturini,2,A2_w020,029,ManusAI,Especialista,validado,
A-2,0.1,1.0841,0.2717,0.2,CA-50,simetrica_duas_faces,Venturini,2,A2_w020,030,ManusAI,Especialista,validado,
A-2,0.1,1.1818,0.2623,0.2,CA-50,simetrica_duas_faces,Venturini,2,A2_w020,031,ManusAI,Especialista,validado,
A-2,0.1,1.2795,0.2517,0.2,CA-50,simetrica_duas_faces,Venturini,2,A2_w020,032,ManusAI,Especialista,validado,
A-2,0.1,1.3773,0.2398,0.2,CA-50,simetrica_duas_faces,Venturini,2,A2_w020,033,ManusAI,Especialista,validado,
A-2,0.1,1.475,0.2267,0.2,CA-50,simetrica_duas_faces,Venturini,2,A2_w020,034,ManusAI,Especialista,validado,
A-2,0.1,1.5727,0.2123,0.2,CA-50,simetrica_duas_faces,Venturini,2,A2_w020,035,ManusAI,Especialista,validado,
A-2,0.1,1.6705,0.1967,0.2,CA-50,simetrica_duas_faces,Venturini,2,A2_w020,036,ManusAI,Especialista,validado,
A-2,0.1,1.7682,0.1799,0.2,CA-50,simetrica_duas_faces,Venturini,2,A2_w020,037,ManusAI,Especialista,validado,
A-2,0.1,1.8659,0.1617,0.2,CA-50,simetrica_duas_faces,Venturini,2,A2_w020,038,ManusAI,Especialista,validado,
A-2,0.1,1.9636,0.1424,0.2,CA-50,simetrica_duas_faces,Venturini,2,A2_w020,039,ManusAI,Especialista,validado,
A-2,0.1,2.0614,0.1218,0.2,CA-50,simetrica_duas_faces,Venturini,2,A2_w020,040,ManusAI,Especialista,validado,
A-2,0.1,2.1591,0.0999,0.2,CA-50,simetrica_duas_faces,Venturini,2,A2_w020,041,ManusAI,Especialista,validado,
A-2,0.1,2.2568,0.0768,0.2,CA-50,simetrica_duas_faces,Venturini,2,A2_w020,042,ManusAI,Especialista,validado,
A-2,0.1,2.3545,0.0525,0.2,CA-50,simetrica_duas_faces,Venturini,2,A2_w020,043,ManusAI,Especialista,validado,
A-2,0.1,2.4523,0.0269,0.2,CA-50,simetrica_duas_faces,Venturini,2,A2_w020,044,ManusAI,Especialista,validado,
A-2,0.1,-1.6523,0.0316,0.3,CA-50,simetrica_duas_faces,Venturini,2,A2_w030,002,ManusAI,Especialista,validado,
A-2,0.1,-1.5545,0.0618,0.3,CA-50,simetrica_duas_faces,Venturini,2,A2_w030,003,ManusAI,Especialista,validado,
A-2,0.1,-1.4568,0.0904,0.3,CA-50,simetrica_duas_faces,Venturini,2,A2_w030,004,ManusAI,Especialista,validado,
A-2,0.1,-1.3591,0.1176,0.3,CA-50,simetrica_duas_faces,Venturini,2,A2_w030,005,ManusAI,Especialista,validado,
A-2,0.1,-1.2614,0.1434,0.3,CA-50,simetrica_duas_faces,Venturini,2,A2_w030,006,ManusAI,Especialista,validado,
A-2,0.1,-1.1636,0.1676,0.3,CA-50,simetrica_duas_faces,Venturini,2,A2_w030,007,ManusAI,Especialista,validado,
A-2,0.1,-1.0659,0.1904,0.3,CA-50,simetrica_duas_faces,Venturini,2,A2_w030,008,ManusAI,Especialista,validado,
A-2,0.1,-0.9682,0.2118,0.3,CA-50,simetrica_duas_faces,Venturini,2,A2_w030,009,ManusAI,Especialista,validado,
A-2,0.1,-0.8705,0.2316,0.3,CA-50,simetrica_duas_faces,Venturini,2,A2_w030,010,ManusAI,Especialista,validado,
A-2,0.1,-0.7727,0.25,0.3,CA-50,simetrica_duas_faces,Venturini,2,A2_w030,011,ManusAI,Especialista,validado,
A-2,0.1,-0.675,0.2669,0.3,CA-50,simetrica_duas_faces,Venturini,2,A2_w030,012,ManusAI,Especialista,validado,
A-2,0.1,-0.5773,0.2823,0.3,CA-50,simetrica_duas_faces,Venturini,2,A2_w030,013,ManusAI,Especialista,validado,
A-2,0.1,-0.4795,0.2963,0.3,CA-50,simetrica_duas_faces,Venturini,2,A2_w030,014,ManusAI,Especialista,validado,
A-2,0.1,-0.3818,0.3088,0.3,CA-50,simetrica_duas_faces,Venturini,2,A2_w030,015,ManusAI,Especialista,validado,
A-2,0.1,-0.2841,0.3198,0.3,CA-50,simetrica_duas_faces,Venturini,2,A2_w030,016,ManusAI,Especialista,validado,
A-2,0.1,-0.1864,0.3294,0.3,CA-50,simetrica_duas_faces,Venturini,2,A2_w030,017,ManusAI,Especialista,validado,
A-2,0.1,-0.0886,0.3375,0.3,CA-50,simetrica_duas_faces,Venturini,2,A2_w030,018,ManusAI,Especialista,validado,
A-2,0.1,0.0091,0.3441,0.3,CA-50,simetrica_duas_faces,Venturini,2,A2_w030,019,ManusAI,Especialista,validado,
A-2,0.1,0.1068,0.3493,0.3,CA-50,simetrica_duas_faces,Venturini,2,A2_w030,020,ManusAI,Especialista,validado,
A-2,0.1,0.2045,0.3529,0.3,CA-50,simetrica_duas_faces,Venturini,2,A2_w030,021,ManusAI,Especialista,validado,
A-2,0.1,0.3023,0.3551,0.3,CA-50,simetrica_duas_faces,Venturini,2,A2_w030,022,ManusAI,Especialista,validado,
A-2,0.1,0.4,0.3559,0.3,CA-50,simetrica_duas_faces,Venturini,2,A2_w030,023,ManusAI,Especialista,validado,
A-2,0.1,0.4977,0.3551,0.3,CA-50,simetrica_duas_faces,Venturini,2,A2_w030,024,ManusAI,Especialista,validado,
A-2,0.1,0.5955,0.3529,0.3,CA-50,simetrica_duas_faces,Venturini,2,A2_w030,025,ManusAI,Especialista,validado,
A-2,0.1,0.6932,0.3493,0.3,CA-50,simetrica_duas_faces,Venturini,2,A2_w030,026,ManusAI,Especialista,validado,
A-2,0.1,0.7909,0.3441,0.3,CA-50,simetrica_duas_faces,Venturini,2,A2_w030,027,ManusAI,Especialista,validado,
A-2,0.1,0.8886,0.3375,0.3,CA-50,simetrica_duas_faces,Venturini,2,A2_w030,028,ManusAI,Especialista,validado,
A-2,0.1,0.9864,0.3294,0.3,CA-50,simetrica_duas_faces,Venturini,2,A2_w030,029,ManusAI,Especialista,validado,
A-2,0.1,1.0841,0.3198,0.3,CA-50,simetrica_duas_faces,Venturini,2,A2_w030,030,ManusAI,Especialista,validado,
A-2,0.1,1.1818,0.3088,0.3,CA-50,simetrica_duas_faces,Venturini,2,A2_w030,031,ManusAI,Especialista,validado,
A-2,0.1,1.2795,0.2963,0.3,CA-50,simetrica_duas_faces,Venturini,2,A2_w030,032,ManusAI,Especialista,validado,
A-2,0.1,1.3773,0.2823,0.3,CA-50,simetrica_duas_faces,Venturini,2,A2_w030,033,ManusAI,Especialista,validado,
A-2,0.1,1.475,0.2669,0.3,CA-50,simetrica_duas_faces,Venturini,2,A2_w030,034,ManusAI,Especialista,validado,
A-2,0.1,1.5727,0.25,0.3,CA-50,simetrica_duas_faces,Venturini,2,A2_w030,035,ManusAI,Especialista,validado,
A-2,0.1,1.6705,0.2316,0.3,CA-50,simetrica_duas_faces,Venturini,2,A2_w030,036,ManusAI,Especialista,validado,
A-2,0.1,1.7682,0.2118,0.3,CA-50,simetrica_duas_faces,Venturini,2,A2_w030,037,ManusAI,Especialista,validado,
A-2,0.1,1.8659,0.1904,0.3,CA-50,simetrica_duas_faces,Venturini,2,A2_w030,038,ManusAI,Especialista,validado,
A-2,0.1,1.9636,0.1676,0.3,CA-50,simetrica_duas_faces,Venturini,2,A2_w030,039,ManusAI,Especialista,validado,
A-2,0.1,2.0614,0.1434,0.3,CA-50,simetrica_duas_faces,Venturini,2,A2_w030,040,ManusAI,Especialista,validado,
A-2,0.1,2.1591,0.1176,0.3,CA-50,simetrica_duas_faces,Venturini,2,A2_w030,041,ManusAI,Especialista,validado,
A-2,0.1,2.2568,0.0904,0.3,CA-50,simetrica_duas_faces,Venturini,2,A2_w030,042,ManusAI,Especialista,validado,
A-2,0.1,2.3545,0.0618,0.3,CA-50,simetrica_duas_faces,Venturini,2,A2_w030,043,ManusAI,Especialista,validado,
A-2,0.1,2.4523,0.0316,0.3,CA-50,simetrica_duas_faces,Venturini,2,A2_w030,044,ManusAI,Especialista,validado,
A-2,0.1,-1.6523,0.0364,0.4,CA-50,simetrica_duas_faces,Venturini,2,A2_w040,002,ManusAI,Especialista,validado,
A-2,0.1,-1.5545,0.0711,0.4,CA-50,simetrica_duas_faces,Venturini,2,A2_w040,003,ManusAI,Especialista,validado,
A-2,0.1,-1.4568,0.1041,0.4,CA-50,simetrica_duas_faces,Venturini,2,A2_w040,004,ManusAI,Especialista,validado,
A-2,0.1,-1.3591,0.1354,0.4,CA-50,simetrica_duas_faces,Venturini,2,A2_w040,005,ManusAI,Especialista,validado,
A-2,0.1,-1.2614,0.165,0.4,CA-50,simetrica_duas_faces,Venturini,2,A2_w040,006,ManusAI,Especialista,validado,
A-2,0.1,-1.1636,0.1929,0.4,CA-50,simetrica_duas_faces,Venturini,2,A2_w040,007,ManusAI,Especialista,validado,
A-2,0.1,-1.0659,0.2191,0.4,CA-50,simetrica_duas_faces,Venturini,2,A2_w040,008,ManusAI,Especialista,validado,
A-2,0.1,-0.9682,0.2437,0.4,CA-50,simetrica_duas_faces,Venturini,2,A2_w040,009,ManusAI,Especialista,validado,
A-2,0.1,-0.8705,0.2665,0.4,CA-50,simetrica_duas_faces,Venturini,2,A2_w040,010,ManusAI,Especialista,validado,
A-2,0.1,-0.7727,0.2877,0.4,CA-50,simetrica_duas_faces,Venturini,2,A2_w040,011,ManusAI,Especialista,validado,
A-2,0.1,-0.675,0.3071,0.4,CA-50,simetrica_duas_faces,Venturini,2,A2_w040,012,ManusAI,Especialista,validado,
A-2,0.1,-0.5773,0.3249,0.4,CA-50,simetrica_duas_faces,Venturini,2,A2_w040,013,ManusAI,Especialista,validado,
A-2,0.1,-0.4795,0.341,0.4,CA-50,simetrica_duas_faces,Venturini,2,A2_w040,014,ManusAI,Especialista,validado,
A-2,0.1,-0.3818,0.3554,0.4,CA-50,simetrica_duas_faces,Venturini,2,A2_w040,015,ManusAI,Especialista,validado,
A-2,0.1,-0.2841,0.368,0.4,CA-50,simetrica_duas_faces,Venturini,2,A2_w040,016,ManusAI,Especialista,validado,
A-2,0.1,-0.1864,0.379,0.4,CA-50,simetrica_duas_faces,Venturini,2,A2_w040,017,ManusAI,Especialista,validado,
A-2,0.1,-0.0886,0.3883,0.4,CA-50,simetrica_duas_faces,Venturini,2,A2_w040,018,ManusAI,Especialista,validado,
A-2,0.1,0.0091,0.396,0.4,CA-50,simetrica_duas_faces,Venturini,2,A2_w040,019,ManusAI,Especialista,validado,
A-2,0.1,0.1068,0.4019,0.4,CA-50,simetrica_duas_faces,Venturini,2,A2_w040,020,ManusAI,Especialista,validado,
A-2,0.1,0.2045,0.4061,0.4,CA-50,simetrica_duas_faces,Venturini,2,A2_w040,021,ManusAI,Especialista,validado,
A-2,0.1,0.3023,0.4087,0.4,CA-50,simetrica_duas_faces,Venturini,2,A2_w040,022,ManusAI,Especialista,validado,
A-2,0.1,0.4,0.4095,0.4,CA-50,simetrica_duas_faces,Venturini,2,A2_w040,023,ManusAI,Especialista,validado,
A-2,0.1,0.4977,0.4087,0.4,CA-50,simetrica_duas_faces,Venturini,2,A2_w040,024,ManusAI,Especialista,validado,
A-2,0.1,0.5955,0.4061,0.4,CA-50,simetrica_duas_faces,Venturini,2,A2_w040,025,ManusAI,Especialista,validado,
A-2,0.1,0.6932,0.4019,0.4,CA-50,simetrica_duas_faces,Venturini,2,A2_w040,026,ManusAI,Especialista,validado,
A-2,0.1,0.7909,0.396,0.4,CA-50,simetrica_duas_faces,Venturini,2,A2_w040,027,ManusAI,Especialista,validado,
A-2,0.1,0.8886,0.3883,0.4,CA-50,simetrica_duas_faces,Venturini,2,A2_w040,028,ManusAI,Especialista,validado,
A-2,0.1,0.9864,0.379,0.4,CA-50,simetrica_duas_faces,Venturini,2,A2_w040,029,ManusAI,Especialista,validado,
A-2,0.1,1.0841,0.368,0.4,CA-50,simetrica_duas_faces,Venturini,2,A2_w040,030,ManusAI,Especialista,validado,
A-2,0.1,1.1818,0.3554,0.4,CA-50,simetrica_duas_faces,Venturini,2,A2_w040,031,ManusAI,Especialista,validado,
A-2,0.1,1.2795,0.341,0.4,CA-50,simetrica_duas_faces,Venturini,2,A2_w040,032,ManusAI,Especialista,validado,
A-2,0.1,1.3773,0.3249,0.4,CA-50,simetrica_duas_faces,Venturini,2,A2_w040,033,ManusAI,Especialista,validado,
A-2,0.1,1.475,0.3071,0.4,CA-50,simetrica_duas_faces,Venturini,2,A2_w040,034,ManusAI,Especialista,validado,
A-2,0.1,1.5727,0.2877,0.4,CA-50,simetrica_duas_faces,Venturini,2,A2_w040,035,ManusAI,Especialista,validado,
A-2,0.1,1.6705,0.2665,0.4,CA-50,simetrica_duas_faces,Venturini,2,A2_w040,036,ManusAI,Especialista,validado,
A-2,0.1,1.7682,0.2437,0.4,CA-50,simetrica_duas_faces,Venturini,2,A2_w040,037,ManusAI,Especialista,validado,
A-2,0.1,1.8659,0.2191,0.4,CA-50,simetrica_duas_faces,Venturini,2,A2_w040,038,ManusAI,Especialista,validado,
A-2,0.1,1.9636,0.1929,0.4,CA-50,simetrica_duas_faces,Venturini,2,A2_w040,039,ManusAI,Especialista,validado,
A-2,0.1,2.0614,0.165,0.4,CA-50,simetrica_duas_faces,Venturini,2,A2_w040,040,ManusAI,Especialista,validado,
A-2,0.1,2.1591,0.1354,0.4,CA-50,simetrica_duas_faces,Venturini,2,A2_w040,041,ManusAI,Especialista,validado,
A-2,0.1,2.2568,0.1041,0.4,CA-50,simetrica_duas_faces,Venturini,2,A2_w040,042,ManusAI,Especialista,validado,
A-2,0.1,2.3545,0.0711,0.4,CA-50,simetrica_duas_faces,Venturini,2,A2_w040,043,ManusAI,Especialista,validado,
A-2,0.1,2.4523,0.0364,0.4,CA-50,simetrica_duas_faces,Venturini,2,A2_w040,044,ManusAI,Especialista,validado,
A-2,0.1,-1.6523,0.0411,0.5,CA-50,simetrica_duas_faces,Venturini,2,A2_w050,002,ManusAI,Especialista,validado,
A-2,0.1,-1.5545,0.0804,0.5,CA-50,simetrica_duas_faces,Venturini,2,A2_w050,003,ManusAI,Especialista,validado,
A-2,0.1,-1.4568,0.1177,0.5,CA-50,simetrica_duas_faces,Venturini,2,A2_w050,004,ManusAI,Especialista,validado,
A-2,0.1,-1.3591,0.1531,0.5,CA-50,simetrica_duas_faces,Venturini,2,A2_w050,005,ManusAI,Especialista,validado,
A-2,0.1,-1.2614,0.1866,0.5,CA-50,simetrica_duas_faces,Venturini,2,A2_w050,006,ManusAI,Especialista,validado,
A-2,0.1,-1.1636,0.2182,0.5,CA-50,simetrica_duas_faces,Venturini,2,A2_w050,007,ManusAI,Especialista,validado,
A-2,0.1,-1.0659,0.2478,0.5,CA-50,simetrica_duas_faces,Venturini,2,A2_w050,008,ManusAI,Especialista,validado,
A-2,0.1,-0.9682,0.2756,0.5,CA-50,simetrica_duas_faces,Venturini,2,A2_w050,009,ManusAI,Especialista,validado,
A-2,0.1,-0.8705,0.3014,0.5,CA-50,simetrica_duas_faces,Venturini,2,A2_w050,010,ManusAI,Especialista,validado,
A-2,0.1,-0.7727,0.3253,0.5,CA-50,simetrica_duas_faces,Venturini,2,A2_w050,011,ManusAI,Especialista,validado,
A-2,0.1,-0.675,0.3473,0.5,CA-50,simetrica_duas_faces,Venturini,2,A2_w050,012,ManusAI,Especialista,validado,
A-2,0.1,-0.5773,0.3674,0.5,CA-50,simetrica_duas_faces,Venturini,2,A2_w050,013,ManusAI,Especialista,validado,
A-2,0.1,-0.4795,0.3856,0.5,CA-50,simetrica_duas_faces,Venturini,2,A2_w050,014,ManusAI,Especialista,validado,
A-2,0.1,-0.3818,0.4019,0.5,CA-50,simetrica_duas_faces,Venturini,2,A2_w050,015,ManusAI,Especialista,validado,
A-2,0.1,-0.2841,0.4162,0.5,CA-50,simetrica_duas_faces,Venturini,2,A2_w050,016,ManusAI,Especialista,validado,
A-2,0.1,-0.1864,0.4287,0.5,CA-50,simetrica_duas_faces,Venturini,2,A2_w050,017,ManusAI,Especialista,validado,
A-2,0.1,-0.0886,0.4392,0.5,CA-50,simetrica_duas_faces,Venturini,2,A2_w050,018,ManusAI,Especialista,validado,
A-2,0.1,0.0091,0.4478,0.5,CA-50,simetrica_duas_faces,Venturini,2,A2_w050,019,ManusAI,Especialista,validado,
A-2,0.1,0.1068,0.4545,0.5,CA-50,simetrica_duas_faces,Venturini,2,A2_w050,020,ManusAI,Especialista,validado,
A-2,0.1,0.2045,0.4593,0.5,CA-50,simetrica_duas_faces,Venturini,2,A2_w050,021,ManusAI,Especialista,validado,
A-2,0.1,0.3023,0.4622,0.5,CA-50,simetrica_duas_faces,Venturini,2,A2_w050,022,ManusAI,Especialista,validado,
A-2,0.1,0.4,0.4631,0.5,CA-50,simetrica_duas_faces,Venturini,2,A2_w050,023,ManusAI,Especialista,validado,
A-2,0.1,0.4977,0.4622,0.5,CA-50,simetrica_duas_faces,Venturini,2,A2_w050,024,ManusAI,Especialista,validado,
A-2,0.1,0.5955,0.4593,0.5,CA-50,simetrica_duas_faces,Venturini,2,A2_w050,025,ManusAI,Especialista,validado,
A-2,0.1,0.6932,0.4545,0.5,CA-50,simetrica_duas_faces,Venturini,2,A2_w050,026,ManusAI,Especialista,validado,
A-2,0.1,0.7909,0.4478,0.5,CA-50,simetrica_duas_faces,Venturini,2,A2_w050,027,ManusAI,Especialista,validado,
A-2,0.1,0.8886,0.4392,0.5,CA-50,simetrica_duas_faces,Venturini,2,A2_w050,028,ManusAI,Especialista,validado,
A-2,0.1,0.9864,0.4287,0.5,CA-50,simetrica_duas_faces,Venturini,2,A2_w050,029,ManusAI,Especialista,validado,
A-2,0.1,1.0841,0.4162,0.5,CA-50,simetrica_duas_faces,Venturini,2,A2_w050,030,ManusAI,Especialista,validado,
A-2,0.1,1.1818,0.4019,0.5,CA-50,simetrica_duas_faces,Venturini,2,A2_w050,031,ManusAI,Especialista,validado,
A-2,0.1,1.2795,0.3856,0.5,CA-50,simetrica_duas_faces,Venturini,2,A2_w050,032,ManusAI,Especialista,validado,
A-2,0.1,1.3773,0.3674,0.5,CA-50,simetrica_duas_faces,Venturini,2,A2_w050,033,ManusAI,Especialista,validado,
A-2,0.1,1.475,0.3473,0.5,CA-50,simetrica_duas_faces,Venturini,2,A2_w050,034,ManusAI,Especialista,validado,
A-2,0.1,1.5727,0.3253,0.5,CA-50,simetrica_duas_faces,Venturini,2,A2_w050,035,ManusAI,Especialista,validado,
A-2,0.1,1.6705,0.3014,0.5,CA-50,simetrica_duas_faces,Venturini,2,A2_w050,036,ManusAI,Especialista,validado,
A-2,0.1,1.7682,0.2756,0.5,CA-50,simetrica_duas_faces,Venturini,2,A2_w050,037,ManusAI,Especialista,validado,
A-2,0.1,1.8659,0.2478,0.5,CA-50,simetrica_duas_faces,Venturini,2,A2_w050,038,ManusAI,Especialista,validado,
A-2,0.1,1.9636,0.2182,0.5,CA-50,simetrica_duas_faces,Venturini,2,A2_w050,039,ManusAI,Especialista,validado,
A-2,0.1,2.0614,0.1866,0.5,CA-50,simetrica_duas_faces,Venturini,2,A2_w050,040,ManusAI,Especialista,validado,
A-2,0.1,2.1591,0.1531,0.5,CA-50,simetrica_duas_faces,Venturini,2,A2_w050,041,ManusAI,Especialista,validado,
A-2,0.1,2.2568,0.1177,0.5,CA-50,simetrica_duas_faces,Venturini,2,A2_w050,042,ManusAI,Especialista,validado,
A-2,0.1,2.3545,0.0804,0.5,CA-50,simetrica_duas_faces,Venturini,2,A2_w050,043,ManusAI,Especialista,validado,
A-2,0.1,2.4523,0.0411,0.5,CA-50,simetrica_duas_faces,Venturini,2,A2_w050,044,ManusAI,Especialista,validado,
A-2,0.1,-1.6523,0.0459,0.6,CA-50,simetrica_duas_faces,Venturini,2,A2_w060,002,ManusAI,Especialista,validado,
A-2,0.1,-1.5545,0.0897,0.6,CA-50,simetrica_duas_faces,Venturini,2,A2_w060,003,ManusAI,Especialista,validado,
A-2,0.1,-1.4568,0.1313,0.6,CA-50,simetrica_duas_faces,Venturini,2,A2_w060,004,ManusAI,Especialista,validado,
A-2,0.1,-1.3591,0.1708,0.6,CA-50,simetrica_duas_faces,Venturini,2,A2_w060,005,ManusAI,Especialista,validado,
A-2,0.1,-1.2614,0.2082,0.6,CA-50,simetrica_duas_faces,Venturini,2,A2_w060,006,ManusAI,Especialista,validado,
A-2,0.1,-1.1636,0.2434,0.6,CA-50,simetrica_duas_faces,Venturini,2,A2_w060,007,ManusAI,Especialista,validado,
A-2,0.1,-1.0659,0.2765,0.6,CA-50,simetrica_duas_faces,Venturini,2,A2_w060,008,ManusAI,Especialista,validado,
A-2,0.1,-0.9682,0.3075,0.6,CA-50,simetrica_duas_faces,Venturini,2,A2_w060,009,ManusAI,Especialista,validado,
A-2,0.1,-0.8705,0.3363,0.6,CA-50,simetrica_duas_faces,Venturini,2,A2_w060,010,ManusAI,Especialista,validado,
A-2,0.1,-0.7727,0.363,0.6,CA-50,simetrica_duas_faces,Venturini,2,A2_w060,011,ManusAI,Especialista,validado,
A-2,0.1,-0.675,0.3876,0.6,CA-50,simetrica_duas_faces,Venturini,2,A2_w060,012,ManusAI,Especialista,validado,
A-2,0.1,-0.5773,0.41,0.6,CA-50,simetrica_duas_faces,Venturini,2,A2_w060,013,ManusAI,Especialista,validado,
A-2,0.1,-0.4795,0.4303,0.6,CA-50,simetrica_duas_faces,Venturini,2,A2_w060,014,ManusAI,Especialista,validado,
A-2,0.1,-0.3818,0.4484,0.6,CA-50,simetrica_duas_faces,Venturini,2,A2_w060,015,ManusAI,Especialista,validado,
A-2,0.1,-0.2841,0.4644,0.6,CA-50,simetrica_duas_faces,Venturini,2,A2_w060,016,ManusAI,Especialista,validado,
A-2,0.1,-0.1864,0.4783,0.6,CA-50,simetrica_duas_faces,Venturini,2,A2_w060,017,ManusAI,Especialista,validado,
A-2,0.1,-0.0886,0.4901,0.6,CA-50,simetrica_duas_faces,Venturini,2,A2_w060,018,ManusAI,Especialista,validado,
A-2,0.1,0.0091,0.4997,0.6,CA-50,simetrica_duas_faces,Venturini,2,A2_w060,019,ManusAI,Especialista,validado,
A-2,0.1,0.1068,0.5071,0.6,CA-50,simetrica_duas_faces,Venturini,2,A2_w060,020,ManusAI,Especialista,validado,
A-2,0.1,0.2045,0.5125,0.6,CA-50,simetrica_duas_faces,Venturini,2,A2_w060,021,ManusAI,Especialista,validado,
A-2,0.1,0.3023,0.5157,0.6,CA-50,simetrica_duas_faces,Venturini,2,A2_w060,022,ManusAI,Especialista,validado,
A-2,0.1,0.4,0.5168,0.6,CA-50,simetrica_duas_faces,Venturini,2,A2_w060,023,ManusAI,Especialista,validado,
A-2,0.1,0.4977,0.5157,0.6,CA-50,simetrica_duas_faces,Venturini,2,A2_w060,024,ManusAI,Especialista,validado,
A-2,0.1,0.5955,0.5125,0.6,CA-50,simetrica_duas_faces,Venturini,2,A2_w060,025,ManusAI,Especialista,validado,
A-2,0.1,0.6932,0.5071,0.6,CA-50,simetrica_duas_faces,Venturini,2,A2_w060,026,ManusAI,Especialista,validado,
A-2,0.1,0.7909,0.4997,0.6,CA-50,simetrica_duas_faces,Venturini,2,A2_w060,027,ManusAI,Especialista,validado,
A-2,0.1,0.8886,0.4901,0.6,CA-50,simetrica_duas_faces,Venturini,2,A2_w060,028,ManusAI,Especialista,validado,
A-2,0.1,0.9864,0.4783,0.6,CA-50,simetrica_duas_faces,Venturini,2,A2_w060,029,ManusAI,Especialista,validado,
A-2,0.1,1.0841,0.4644,0.6,CA-50,simetrica_duas_faces,Venturini,2,A2_w060,030,ManusAI,Especialista,validado,
A-2,0.1,1.1818,0.4484,0.6,CA-50,simetrica_duas_faces,Venturini,2,A2_w060,031,ManusAI,Especialista,validado,
A-2,0.1,1.2795,0.4303,0.6,CA-50,simetrica_duas_faces,Venturini,2,A2_w060,032,ManusAI,Especialista,validado,
A-2,0.1,1.3773,0.41,0.6,CA-50,simetrica_duas_faces,Venturini,2,A2_w060,033,ManusAI,Especialista,validado,
A-2,0.1,1.475,0.3876,0.6,CA-50,simetrica_duas_faces,Venturini,2,A2_w060,034,ManusAI,Especialista,validado,
A-2,0.1,1.5727,0.363,0.6,CA-50,simetrica_duas_faces,Venturini,2,A2_w060,035,ManusAI,Especialista,validado,
A-2,0.1,1.6705,0.3363,0.6,CA-50,simetrica_duas_faces,Venturini,2,A2_w060,036,ManusAI,Especialista,validado,
A-2,0.1,1.7682,0.3075,0.6,CA-50,simetrica_duas_faces,Venturini,2,A2_w060,037,ManusAI,Especialista,validado,
A-2,0.1,1.8659,0.2765,0.6,CA-50,simetrica_duas_faces,Venturini,2,A2_w060,038,ManusAI,Especialista,validado,
A-2,0.1,1.9636,0.2434,0.6,CA-50,simetrica_duas_faces,Venturini,2,A2_w060,039,ManusAI,Especialista,validado,
A-2,0.1,2.0614,0.2082,0.6,CA-50,simetrica_duas_faces,Venturini,2,A2_w060,040,ManusAI,Especialista,validado,
A-2,0.1,2.1591,0.1708,0.6,CA-50,simetrica_duas_faces,Venturini,2,A2_w060,041,ManusAI,Especialista,validado,
A-2,0.1,2.2568,0.1313,0.6,CA-50,simetrica_duas_faces,Venturini,2,A2_w060,042,ManusAI,Especialista,validado,
A-2,0.1,2.3545,0.0897,0.6,CA-50,simetrica_duas_faces,Venturini,2,A2_w060,043,ManusAI,Especialista,validado,
A-2,0.1,2.4523,0.0459,0.6,CA-50,simetrica_duas_faces,Venturini,2,A2_w060,044,ManusAI,Especialista,validado,
A-2,0.1,-1.6523,0.0507,0.7,CA-50,simetrica_duas_faces,Venturini,2,A2_w070,002,ManusAI,Especialista,validado,
A-2,0.1,-1.5545,0.099,0.7,CA-50,simetrica_duas_faces,Venturini,2,A2_w070,003,ManusAI,Especialista,validado,
A-2,0.1,-1.4568,0.145,0.7,CA-50,simetrica_duas_faces,Venturini,2,A2_w070,004,ManusAI,Especialista,validado,
A-2,0.1,-1.3591,0.1886,0.7,CA-50,simetrica_duas_faces,Venturini,2,A2_w070,005,ManusAI,Especialista,validado,
A-2,0.1,-1.2614,0.2298,0.7,CA-50,simetrica_duas_faces,Venturini,2,A2_w070,006,ManusAI,Especialista,validado,
A-2,0.1,-1.1636,0.2687,0.7,CA-50,simetrica_duas_faces,Venturini,2,A2_w070,007,ManusAI,Especialista,validado,
A-2,0.1,-1.0659,0.3052,0.7,CA-50,simetrica_duas_faces,Venturini,2,A2_w070,008,ManusAI,Especialista,validado,
A-2,0.1,-0.9682,0.3394,0.7,CA-50,simetrica_duas_faces,Venturini,2,A2_w070,009,ManusAI,Especialista,validado,
A-2,0.1,-0.8705,0.3712,0.7,CA-50,simetrica_duas_faces,Venturini,2,A2_w070,010,ManusAI,Especialista,validado,
A-2,0.1,-0.7727,0.4007,0.7,CA-50,simetrica_duas_faces,Venturini,2,A2_w070,011,ManusAI,Especialista,validado,
A-2,0.1,-0.675,0.4278,0.7,CA-50,simetrica_duas_faces,Venturini,2,A2_w070,012,ManusAI,Especialista,validado,
A-2,0.1,-0.5773,0.4525,0.7,CA-50,simetrica_duas_faces,Venturini,2,A2_w070,013,ManusAI,Especialista,validado,
A-2,0.1,-0.4795,0.4749,0.7,CA-50,simetrica_duas_faces,Venturini,2,A2_w070,014,ManusAI,Especialista,validado,
A-2,0.1,-0.3818,0.495,0.7,CA-50,simetrica_duas_faces,Venturini,2,A2_w070,015,ManusAI,Especialista,validado,
A-2,0.1,-0.2841,0.5126,0.7,CA-50,simetrica_duas_faces,Venturini,2,A2_w070,016,ManusAI,Especialista,validado,
A-2,0.1,-0.1864,0.528,0.7,CA-50,simetrica_duas_faces,Venturini,2,A2_w070,017,ManusAI,Especialista,validado,
A-2,0.1,-0.0886,0.5409,0.7,CA-50,simetrica_duas_faces,Venturini,2,A2_w070,018,ManusAI,Especialista,validado,
A-2,0.1,0.0091,0.5515,0.7,CA-50,simetrica_duas_faces,Venturini,2,A2_w070,019,ManusAI,Especialista,validado,
A-2,0.1,0.1068,0.5598,0.7,CA-50,simetrica_duas_faces,Venturini,2,A2_w070,020,ManusAI,Especialista,validado,
A-2,0.1,0.2045,0.5657,0.7,CA-50,simetrica_duas_faces,Venturini,2,A2_w070,021,ManusAI,Especialista,validado,
A-2,0.1,0.3023,0.5692,0.7,CA-50,simetrica_duas_faces,Venturini,2,A2_w070,022,ManusAI,Especialista,validado,
A-2,0.1,0.4,0.5704,0.7,CA-50,simetrica_duas_faces,Venturini,2,A2_w070,023,ManusAI,Especialista,validado,
A-2,0.1,0.4977,0.5692,0.7,CA-50,simetrica_duas_faces,Venturini,2,A2_w070,024,ManusAI,Especialista,validado,
A-2,0.1,0.5955,0.5657,0.7,CA-50,simetrica_duas_faces,Venturini,2,A2_w070,025,ManusAI,Especialista,validado,
A-2,0.1,0.6932,0.5598,0.7,CA-50,simetrica_duas_faces,Venturini,2,A2_w070,026,ManusAI,Especialista,validado,
A-2,0.1,0.7909,0.5515,0.7,CA-50,simetrica_duas_faces,Venturini,2,A2_w070,027,ManusAI,Especialista,validado,
A-2,0.1,0.8886,0.5409,0.7,CA-50,simetrica_duas_faces,Venturini,2,A2_w070,028,ManusAI,Especialista,validado,
A-2,0.1,0.9864,0.528,0.7,CA-50,simetrica_duas_faces,Venturini,2,A2_w070,029,ManusAI,Especialista,validado,
A-2,0.1,1.0841,0.5126,0.7,CA-50,simetrica_duas_faces,Venturini,2,A2_w070,030,ManusAI,Especialista,validado,
A-2,0.1,1.1818,0.495,0.7,CA-50,simetrica_duas_faces,Venturini,2,A2_w070,031,ManusAI,Especialista,validado,
A-2,0.1,1.2795,0.4749,0.7,CA-50,simetrica_duas_faces,Venturini,2,A2_w070,032,ManusAI,Especialista,validado,
A-2,0.1,1.3773,0.4525,0.7,CA-50,simetrica_duas_faces,Venturini,2,A2_w070,033,ManusAI,Especialista,validado,
A-2,0.1,1.475,0.4278,0.7,CA-50,simetrica_duas_faces,Venturini,2,A2_w070,034,ManusAI,Especialista,validado,
A-2,0.1,1.5727,0.4007,0.7,CA-50,simetrica_duas_faces,Venturini,2,A2_w070,035,ManusAI,Especialista,validado,
A-2,0.1,1.6705,0.3712,0.7,CA-50,simetrica_duas_faces,Venturini,2,A2_w070,036,ManusAI,Especialista,validado,
A-2,0.1,1.7682,0.3394,0.7,CA-50,simetrica_duas_faces,Venturini,2,A2_w070,037,ManusAI,Especialista,validado,
A-2,0.1,1.8659,0.3052,0.7,CA-50,simetrica_duas_faces,Venturini,2,A2_w070,038,ManusAI,Especialista,validado,
A-2,0.1,1.9636,0.2687,0.7,CA-50,simetrica_duas_faces,Venturini,2,A2_w070,039,ManusAI,Especialista,validado,
A-2,0.1,2.0614,0.2298,0.7,CA-50,simetrica_duas_faces,Venturini,2,A2_w070,040,ManusAI,Especialista,validado,
A-2,0.1,2.1591,0.1886,0.7,CA-50,simetrica_duas_faces,Venturini,2,A2_w070,041,ManusAI,Especialista,validado,
A-2,0.1,2.2568,0.145,0.7,CA-50,simetrica_duas_faces,Venturini,2,A2_w070,042,ManusAI,Especialista,validado,
A-2,0.1,2.3545,0.099,0.7,CA-50,simetrica_duas_faces,Venturini,2,A2_w070,043,ManusAI,Especialista,validado,
A-2,0.1,2.4523,0.0507,0.7,CA-50,simetrica_duas_faces,Venturini,2,A2_w070,044,ManusAI,Especialista,validado,
A-2,0.1,-1.6523,0.0554,0.8,CA-50,simetrica_duas_faces,Venturini,2,A2_w080,002,ManusAI,Especialista,validado,
A-2,0.1,-1.5545,0.1083,0.8,CA-50,simetrica_duas_faces,Venturini,2,A2_w080,003,ManusAI,Especialista,validado,
A-2,0.1,-1.4568,0.1586,0.8,CA-50,simetrica_duas_faces,Venturini,2,A2_w080,004,ManusAI,Especialista,validado,
A-2,0.1,-1.3591,0.2063,0.8,CA-50,simetrica_duas_faces,Venturini,2,A2_w080,005,ManusAI,Especialista,validado,
A-2,0.1,-1.2614,0.2514,0.8,CA-50,simetrica_duas_faces,Venturini,2,A2_w080,006,ManusAI,Especialista,validado,
A-2,0.1,-1.1636,0.294,0.8,CA-50,simetrica_duas_faces,Venturini,2,A2_w080,007,ManusAI,Especialista,validado,
A-2,0.1,-1.0659,0.3339,0.8,CA-50,simetrica_duas_faces,Venturini,2,A2_w080,008,ManusAI,Especialista,validado,
A-2,0.1,-0.9682,0.3713,0.8,CA-50,simetrica_duas_faces,Venturini,2,A2_w080,009,ManusAI,Especialista,validado,
A-2,0.1,-0.8705,0.4061,0.8,CA-50,simetrica_duas_faces,Venturini,2,A2_w080,010,ManusAI,Especialista,validado,
A-2,0.1,-0.7727,0.4383,0.8,CA-50,simetrica_duas_faces,Venturini,2,A2_w080,011,ManusAI,Especialista,validado,
A-2,0.1,-0.675,0.468,0.8,CA-50,simetrica_duas_faces,Venturini,2,A2_w080,012,ManusAI,Especialista,validado,
A-2,0.1,-0.5773,0.4951,0.8,CA-50,simetrica_duas_faces,Venturini,2,A2_w080,013,ManusAI,Especialista,validado,
A-2,0.1,-0.4795,0.5196,0.8,CA-50,simetrica_duas_faces,Venturini,2,A2_w080,014,ManusAI,Especialista,validado,
A-2,0.1,-0.3818,0.5415,0.8,CA-50,simetrica_duas_faces,Venturini,2,A2_w080,015,ManusAI,Especialista,validado,
A-2,0.1,-0.2841,0.5608,0.8,CA-50,simetrica_duas_faces,Venturini,2,A2_w080,016,ManusAI,Especialista,validado,
A-2,0.1,-0.1864,0.5776,0.8,CA-50,simetrica_duas_faces,Venturini,2,A2_w080,017,ManusAI,Especialista,validado,
A-2,0.1,-0.0886,0.5918,0.8,CA-50,simetrica_duas_faces,Venturini,2,A2_w080,018,ManusAI,Especialista,validado,
A-2,0.1,0.0091,0.6034,0.8,CA-50,simetrica_duas_faces,Venturini,2,A2_w080,019,ManusAI,Especialista,validado,
A-2,0.1,0.1068,0.6124,0.8,CA-50,simetrica_duas_faces,Venturini,2,A2_w080,020,ManusAI,Especialista,validado,
A-2,0.1,0.2045,0.6188,0.8,CA-50,simetrica_duas_faces,Venturini,2,A2_w080,021,ManusAI,Especialista,validado,
A-2,0.1,0.3023,0.6227,0.8,CA-50,simetrica_duas_faces,Venturini,2,A2_w080,022,ManusAI,Especialista,validado,
A-2,0.1,0.4,0.624,0.8,CA-50,simetrica_duas_faces,Venturini,2,A2_w080,023,ManusAI,Especialista,validado,
A-2,0.1,0.4977,0.6227,0.8,CA-50,simetrica_duas_faces,Venturini,2,A2_w080,024,ManusAI,Especialista,validado,
A-2,0.1,0.5955,0.6188,0.8,CA-50,simetrica_duas_faces,Venturini,2,A2_w080,025,ManusAI,Especialista,validado,
A-2,0.1,0.6932,0.6124,0.8,CA-50,simetrica_duas_faces,Venturini,2,A2_w080,026,ManusAI,Especialista,validado,
A-2,0.1,0.7909,0.6034,0.8,CA-50,simetrica_duas_faces,Venturini,2,A2_w080,027,ManusAI,Especialista,validado,
A-2,0.1,0.8886,0.5918,0.8,CA-50,simetrica_duas_faces,Venturini,2,A2_w080,028,ManusAI,Especialista,validado,
A-2,0.1,0.9864,0.5776,0.8,CA-50,simetrica_duas_faces,Venturini,2,A2_w080,029,ManusAI,Especialista,validado,
A-2,0.1,1.0841,0.5608,0.8,CA-50,simetrica_duas_faces,Venturini,2,A2_w080,030,ManusAI,Especialista,validado,
A-2,0.1,1.1818,0.5415,0.8,CA-50,simetrica_duas_faces,Venturini,2,A2_w080,031,ManusAI,Especialista,validado,
A-2,0.1,1.2795,0.5196,0.8,CA-50,simetrica_duas_faces,Venturini,2,A2_w080,032,ManusAI,Especialista,validado,
A-2,0.1,1.3773,0.4951,0.8,CA-50,simetrica_duas_faces,Venturini,2,A2_w080,033,ManusAI,Especialista,validado,
A-2,0.1,1.475,0.468,0.8,CA-50,simetrica_duas_faces,Venturini,2,A2_w080,034,ManusAI,Especialista,validado,
A-2,0.1,1.5727,0.4383,0.8,CA-50,simetrica_duas_faces,Venturini,2,A2_w080,035,ManusAI,Especialista,validado,
A-2,0.1,1.6705,0.4061,0.8,CA-50,simetrica_duas_faces,Venturini,2,A2_w080,036,ManusAI,Especialista,validado,
A-2,0.1,1.7682,0.3713,0.8,CA-50,simetrica_duas_faces,Venturini,2,A2_w080,037,ManusAI,Especialista,validado,
A-2,0.1,1.8659,0.3339,0.8,CA-50,simetrica_duas_faces,Venturini,2,A2_w080,038,ManusAI,Especialista,validado,
A-2,0.1,1.9636,0.294,0.8,CA-50,simetrica_duas_faces,Venturini,2,A2_w080,039,ManusAI,Especialista,validado,
A-2,0.1,2.0614,0.2514,0.8,CA-50,simetrica_duas_faces,Venturini,2,A2_w080,040,ManusAI,Especialista,validado,
A-2,0.1,2.1591,0.2063,0.8,CA-50,simetrica_duas_faces,Venturini,2,A2_w080,041,ManusAI,Especialista,validado,
A-2,0.1,2.2568,0.1586,0.8,CA-50,simetrica_duas_faces,Venturini,2,A2_w080,042,ManusAI,Especialista,validado,
A-2,0.1,2.3545,0.1083,0.8,CA-50,simetrica_duas_faces,Venturini,2,A2_w080,043,ManusAI,Especialista,validado,
A-2,0.1,2.4523,0.0554,0.8,CA-50,simetrica_duas_faces,Venturini,2,A2_w080,044,ManusAI,Especialista,validado,
A-2,0.1,-1.6523,0.0602,0.9,CA-50,simetrica_duas_faces,Venturini,2,A2_w090,002,ManusAI,Especialista,validado,
A-2,0.1,-1.5545,0.1176,0.9,CA-50,simetrica_duas_faces,Venturini,2,A2_w090,003,ManusAI,Especialista,validado,
A-2,0.1,-1.4568,0.1722,0.9,CA-50,simetrica_duas_faces,Venturini,2,A2_w090,004,ManusAI,Especialista,validado,
A-2,0.1,-1.3591,0.224,0.9,CA-50,simetrica_duas_faces,Venturini,2,A2_w090,005,ManusAI,Especialista,validado,
A-2,0.1,-1.2614,0.273,0.9,CA-50,simetrica_duas_faces,Venturini,2,A2_w090,006,ManusAI,Especialista,validado,
A-2,0.1,-1.1636,0.3192,0.9,CA-50,simetrica_duas_faces,Venturini,2,A2_w090,007,ManusAI,Especialista,validado,
A-2,0.1,-1.0659,0.3626,0.9,CA-50,simetrica_duas_faces,Venturini,2,A2_w090,008,ManusAI,Especialista,validado,
A-2,0.1,-0.9682,0.4032,0.9,CA-50,simetrica_duas_faces,Venturini,2,A2_w090,009,ManusAI,Especialista,validado,
A-2,0.1,-0.8705,0.441,0.9,CA-50,simetrica_duas_faces,Venturini,2,A2_w090,010,ManusAI,Especialista,validado,
A-2,0.1,-0.7727,0.476,0.9,CA-50,simetrica_duas_faces,Venturini,2,A2_w090,011,ManusAI,Especialista,validado,
A-2,0.1,-0.675,0.5082,0.9,CA-50,simetrica_duas_faces,Venturini,2,A2_w090,012,ManusAI,Especialista,validado,
A-2,0.1,-0.5773,0.5376,0.9,CA-50,simetrica_duas_faces,Venturini,2,A2_w090,013,ManusAI,Especialista,validado,
A-2,0.1,-0.4795,0.5642,0.9,CA-50,simetrica_duas_faces,Venturini,2,A2_w090,014,ManusAI,Especialista,validado,
A-2,0.1,-0.3818,0.588,0.9,CA-50,simetrica_duas_faces,Venturini,2,A2_w090,015,ManusAI,Especialista,validado,
A-2,0.1,-0.2841,0.609,0.9,CA-50,simetrica_duas_faces,Venturini,2,A2_w090,016,ManusAI,Especialista,validado,
A-2,0.1,-0.1864,0.6272,0.9,CA-50,simetrica_duas_faces,Venturini,2,A2_w090,017,ManusAI,Especialista,validado,
A-2,0.1,-0.0886,0.6426,0.9,CA-50,simetrica_duas_faces,Venturini,2,A2_w090,018,ManusAI,Especialista,validado,
A-2,0.1,0.0091,0.6552,0.9,CA-50,simetrica_duas_faces,Venturini,2,A2_w090,019,ManusAI,Especialista,validado,
A-2,0.1,0.1068,0.665,0.9,CA-50,simetrica_duas_faces,Venturini,2,A2_w090,020,ManusAI,Especialista,validado,
A-2,0.1,0.2045,0.672,0.9,CA-50,simetrica_duas_faces,Venturini,2,A2_w090,021,ManusAI,Especialista,validado,
A-2,0.1,0.3023,0.6762,0.9,CA-50,simetrica_duas_faces,Venturini,2,A2_w090,022,ManusAI,Especialista,validado,
A-2,0.1,0.4,0.6776,0.9,CA-50,simetrica_duas_faces,Venturini,2,A2_w090,023,ManusAI,Especialista,validado,
A-2,0.1,0.4977,0.6762,0.9,CA-50,simetrica_duas_faces,Venturini,2,A2_w090,024,ManusAI,Especialista,validado,
A-2,0.1,0.5955,0.672,0.9,CA-50,simetrica_duas_faces,Venturini,2,A2_w090,025,ManusAI,Especialista,validado,
A-2,0.1,0.6932,0.665,0.9,CA-50,simetrica_duas_faces,Venturini,2,A2_w090,026,ManusAI,Especialista,validado,
A-2,0.1,0.7909,0.6552,0.9,CA-50,simetrica_duas_faces,Venturini,2,A2_w090,027,ManusAI,Especialista,validado,
A-2,0.1,0.8886,0.6426,0.9,CA-50,simetrica_duas_faces,Venturini,2,A2_w090,028,ManusAI,Especialista,validado,
A-2,0.1,0.9864,0.6272,0.9,CA-50,simetrica_duas_faces,Venturini,2,A2_w090,029,ManusAI,Especialista,validado,
A-2,0.1,1.0841,0.609,0.9,CA-50,simetrica_duas_faces,Venturini,2,A2_w090,030,ManusAI,Especialista,validado,
A-2,0.1,1.1818,0.588,0.9,CA-50,simetrica_duas_faces,Venturini,2,A2_w090,031,ManusAI,Especialista,validado,
A-2,0.1,1.2795,0.5642,0.9,CA-50,simetrica_duas_faces,Venturini,2,A2_w090,032,ManusAI,Especialista,validado,
A-2,0.1,1.3773,0.5376,0.9,CA-50,simetrica_duas_faces,Venturini,2,A2_w090,033,ManusAI,Especialista,validado,
A-2,0.1,1.475,0.5082,0.9,CA-50,simetrica_duas_faces,Venturini,2,A2_w090,034,ManusAI,Especialista,validado,
A-2,0.1,1.5727,0.476,0.9,CA-50,simetrica_duas_faces,Venturini,2,A2_w090,035,ManusAI,Especialista,validado,
A-2,0.1,1.6705,0.441,0.9,CA-50,simetrica_duas_faces,Venturini,2,A2_w090,036,ManusAI,Especialista,validado,
A-2,0.1,1.7682,0.4032,0.9,CA-50,simetrica_duas_faces,Venturini,2,A2_w090,037,ManusAI,Especialista,validado,
A-2,0.1,1.8659,0.3626,0.9,CA-50,simetrica_duas_faces,Venturini,2,A2_w090,038,ManusAI,Especialista,validado,
A-2,0.1,1.9636,0.3192,0.9,CA-50,simetrica_duas_faces,Venturini,2,A2_w090,039,ManusAI,Especialista,validado,
A-2,0.1,2.0614,0.273,0.9,CA-50,simetrica_duas_faces,Venturini,2,A2_w090,040,ManusAI,Especialista,validado,
A-2,0.1,2.1591,0.224,0.9,CA-50,simetrica_duas_faces,Venturini,2,A2_w090,041,ManusAI,Especialista,validado,
A-2,0.1,2.2568,0.1722,0.9,CA-50,simetrica_duas_faces,Venturini,2,A2_w090,042,ManusAI,Especialista,validado,
A-2,0.1,2.3545,0.1176,0.9,CA-50,simetrica_duas_faces,Venturini,2,A2_w090,043,ManusAI,Especialista,validado,
A-2,0.1,2.4523,0.0602,0.9,CA-50,simetrica_duas_faces,Venturini,2,A2_w090,044,ManusAI,Especialista,validado,
A-2,0.1,-1.6523,0.065,1.0,CA-50,simetrica_duas_faces,Venturini,2,A2_w100,002,ManusAI,Especialista,validado,
A-2,0.1,-1.5545,0.1269,1.0,CA-50,simetrica_duas_faces,Venturini,2,A2_w100,003,ManusAI,Especialista,validado,
A-2,0.1,-1.4568,0.1858,1.0,CA-50,simetrica_duas_faces,Venturini,2,A2_w100,004,ManusAI,Especialista,validado,
A-2,0.1,-1.3591,0.2417,1.0,CA-50,simetrica_duas_faces,Venturini,2,A2_w100,005,ManusAI,Especialista,validado,
A-2,0.1,-1.2614,0.2946,1.0,CA-50,simetrica_duas_faces,Venturini,2,A2_w100,006,ManusAI,Especialista,validado,
A-2,0.1,-1.1636,0.3445,1.0,CA-50,simetrica_duas_faces,Venturini,2,A2_w100,007,ManusAI,Especialista,validado,
A-2,0.1,-1.0659,0.3913,1.0,CA-50,simetrica_duas_faces,Venturini,2,A2_w100,008,ManusAI,Especialista,validado,
A-2,0.1,-0.9682,0.4351,1.0,CA-50,simetrica_duas_faces,Venturini,2,A2_w100,009,ManusAI,Especialista,validado,
A-2,0.1,-0.8705,0.4759,1.0,CA-50,simetrica_duas_faces,Venturini,2,A2_w100,010,ManusAI,Especialista,validado,
A-2,0.1,-0.7727,0.5137,1.0,CA-50,simetrica_duas_faces,Venturini,2,A2_w100,011,ManusAI,Especialista,validado,
A-2,0.1,-0.675,0.5484,1.0,CA-50,simetrica_duas_faces,Venturini,2,A2_w100,012,ManusAI,Especialista,validado,
A-2,0.1,-0.5773,0.5802,1.0,CA-50,simetrica_duas_faces,Venturini,2,A2_w100,013,ManusAI,Especialista,validado,
A-2,0.1,-0.4795,0.6089,1.0,CA-50,simetrica_duas_faces,Venturini,2,A2_w100,014,ManusAI,Especialista,validado,
A-2,0.1,-0.3818,0.6346,1.0,CA-50,simetrica_duas_faces,Venturini,2,A2_w100,015,ManusAI,Especialista,validado,
A-2,0.1,-0.2841,0.6572,1.0,CA-50,simetrica_duas_faces,Venturini,2,A2_w100,016,ManusAI,Especialista,validado,
A-2,0.1,-0.1864,0.6769,1.0,CA-50,simetrica_duas_faces,Venturini,2,A2_w100,017,ManusAI,Especialista,validado,
A-2,0.1,-0.0886,0.6935,1.0,CA-50,simetrica_duas_faces,Venturini,2,A2_w100,018,ManusAI,Especialista,validado,
A-2,0.1,0.0091,0.7071,1.0,CA-50,simetrica_duas_faces,Venturini,2,A2_w100,019,ManusAI,Especialista,validado,
A-2,0.1,0.1068,0.7177,1.0,CA-50,simetrica_duas_faces,Venturini,2,A2_w100,020,ManusAI,Especialista,validado,
A-2,0.1,0.2045,0.7252,1.0,CA-50,simetrica_duas_faces,Venturini,2,A2_w100,021,ManusAI,Especialista,validado,
A-2,0.1,0.3023,0.7297,1.0,CA-50,simetrica_duas_faces,Venturini,2,A2_w100,022,ManusAI,Especialista,validado,
A-2,0.1,0.4,0.7312,1.0,CA-50,simetrica_duas_faces,Venturini,2,A2_w100,023,ManusAI,Especialista,validado,
A-2,0.1,0.4977,0.7297,1.0,CA-50,simetrica_duas_faces,Venturini,2,A2_w100,024,ManusAI,Especialista,validado,
A-2,0.1,0.5955,0.7252,1.0,CA-50,simetrica_duas_faces,Venturini,2,A2_w100,025,ManusAI,Especialista,validado,
A-2,0.1,0.6932,0.7177,1.0,CA-50,simetrica_duas_faces,Venturini,2,A2_w100,026,ManusAI,Especialista,validado,
A-2,0.1,0.7909,0.7071,1.0,CA-50,simetrica_duas_faces,Venturini,2,A2_w100,027,ManusAI,Especialista,validado,
A-2,0.1,0.8886,0.6935,1.0,CA-50,simetrica_duas_faces,Venturini,2,A2_w100,028,ManusAI,Especialista,validado,
A-2,0.1,0.9864,0.6769,1.0,CA-50,simetrica_duas_faces,Venturini,2,A2_w100,029,ManusAI,Especialista,validado,
A-2,0.1,1.0841,0.6572,1.0,CA-50,simetrica_duas_faces,Venturini,2,A2_w100,030,ManusAI,Especialista,validado,
A-2,0.1,1.1818,0.6346,1.0,CA-50,simetrica_duas_faces,Venturini,2,A2_w100,031,ManusAI,Especialista,validado,
A-2,0.1,1.2795,0.6089,1.0,CA-50,simetrica_duas_faces,Venturini,2,A2_w100,032,ManusAI,Especialista,validado,
A-2,0.1,1.3773,0.5802,1.0,CA-50,simetrica_duas_faces,Venturini,2,A2_w100,033,ManusAI,Especialista,validado,
A-2,0.1,1.475,0.5484,1.0,CA-50,simetrica_duas_faces,Venturini,2,A2_w100,034,ManusAI,Especialista,validado,
A-2,0.1,1.5727,0.5137,1.0,CA-50,simetrica_duas_faces,Venturini,2,A2_w100,035,ManusAI,Especialista,validado,
A-2,0.1,1.6705,0.4759,1.0,CA-50,simetrica_duas_faces,Venturini,2,A2_w100,036,ManusAI,Especialista,validado,
A-2,0.1,1.7682,0.4351,1.0,CA-50,simetrica_duas_faces,Venturini,2,A2_w100,037,ManusAI,Especialista,validado,
A-2,0.1,1.8659,0.3913,1.0,CA-50,simetrica_duas_faces,Venturini,2,A2_w100,038,ManusAI,Especialista,validado,
A-2,0.1,1.9636,0.3445,1.0,CA-50,simetrica_duas_faces,Venturini,2,A2_w100,039,ManusAI,Especialista,validado,
A-2,0.1,2.0614,0.2946,1.0,CA-50,simetrica_duas_faces,Venturini,2,A2_w100,040,ManusAI,Especialista,validado,
A-2,0.1,2.1591,0.2417,1.0,CA-50,simetrica_duas_faces,Venturini,2,A2_w100,041,ManusAI,Especialista,validado,
A-2,0.1,2.2568,0.1858,1.0,CA-50,simetrica_duas_faces,Venturini,2,A2_w100,042,ManusAI,Especialista,validado,
A-2,0.1,2.3545,0.1269,1.0,CA-50,simetrica_duas_faces,Venturini,2,A2_w100,043,ManusAI,Especialista,validado,
A-2,0.1,2.4523,0.065,1.0,CA-50,simetrica_duas_faces,Venturini,2,A2_w100,044,ManusAI,Especialista,validado,
A-2,0.1,-1.6523,0.0697,1.1,CA-50,simetrica_duas_faces,Venturini,2,A2_w110,002,ManusAI,Especialista,validado,
A-2,0.1,-1.5545,0.1362,1.1,CA-50,simetrica_duas_faces,Venturini,2,A2_w110,003,ManusAI,Especialista,validado,
A-2,0.1,-1.4568,0.1995,1.1,CA-50,simetrica_duas_faces,Venturini,2,A2_w110,004,ManusAI,Especialista,validado,
A-2,0.1,-1.3591,0.2595,1.1,CA-50,simetrica_duas_faces,Venturini,2,A2_w110,005,ManusAI,Especialista,validado,
A-2,0.1,-1.2614,0.3162,1.1,CA-50,simetrica_duas_faces,Venturini,2,A2_w110,006,ManusAI,Especialista,validado,
A-2,0.1,-1.1636,0.3697,1.1,CA-50,simetrica_duas_faces,Venturini,2,A2_w110,007,ManusAI,Especialista,validado,
A-2,0.1,-1.0659,0.42,1.1,CA-50,simetrica_duas_faces,Venturini,2,A2_w110,008,ManusAI,Especialista,validado,
A-2,0.1,-0.9682,0.467,1.1,CA-50,simetrica_duas_faces,Venturini,2,A2_w110,009,ManusAI,Especialista,validado,
A-2,0.1,-0.8705,0.5108,1.1,CA-50,simetrica_duas_faces,Venturini,2,A2_w110,010,ManusAI,Especialista,validado,
A-2,0.1,-0.7727,0.5514,1.1,CA-50,simetrica_duas_faces,Venturini,2,A2_w110,011,ManusAI,Especialista,validado,
A-2,0.1,-0.675,0.5887,1.1,CA-50,simetrica_duas_faces,Venturini,2,A2_w110,012,ManusAI,Especialista,validado,
A-2,0.1,-0.5773,0.6227,1.1,CA-50,simetrica_duas_faces,Venturini,2,A2_w110,013,ManusAI,Especialista,validado,
A-2,0.1,-0.4795,0.6535,1.1,CA-50,simetrica_duas_faces,Venturini,2,A2_w110,014,ManusAI,Especialista,validado,
A-2,0.1,-0.3818,0.6811,1.1,CA-50,simetrica_duas_faces,Venturini,2,A2_w110,015,ManusAI,Especialista,validado,
A-2,0.1,-0.2841,0.7054,1.1,CA-50,simetrica_duas_faces,Venturini,2,A2_w110,016,ManusAI,Especialista,validado,
A-2,0.1,-0.1864,0.7265,1.1,CA-50,simetrica_duas_faces,Venturini,2,A2_w110,017,ManusAI,Especialista,validado,
A-2,0.1,-0.0886,0.7443,1.1,CA-50,simetrica_duas_faces,Venturini,2,A2_w110,018,ManusAI,Especialista,validado,
A-2,0.1,0.0091,0.7589,1.1,CA-50,simetrica_duas_faces,Venturini,2,A2_w110,019,ManusAI,Especialista,validado,
A-2,0.1,0.1068,0.7703,1.1,CA-50,simetrica_duas_faces,Venturini,2,A2_w110,020,ManusAI,Especialista,validado,
A-2,0.1,0.2045,0.7784,1.1,CA-50,simetrica_duas_faces,Venturini,2,A2_w110,021,ManusAI,Especialista,validado,
A-2,0.1,0.3023,0.7833,1.1,CA-50,simetrica_duas_faces,Venturini,2,A2_w110,022,ManusAI,Especialista,validado,
A-2,0.1,0.4,0.7849,1.1,CA-50,simetrica_duas_faces,Venturini,2,A2_w110,023,ManusAI,Especialista,validado,
A-2,0.1,0.4977,0.7833,1.1,CA-50,simetrica_duas_faces,Venturini,2,A2_w110,024,ManusAI,Especialista,validado,
A-2,0.1,0.5955,0.7784,1.1,CA-50,simetrica_duas_faces,Venturini,2,A2_w110,025,ManusAI,Especialista,validado,
A-2,0.1,0.6932,0.7703,1.1,CA-50,simetrica_duas_faces,Venturini,2,A2_w110,026,ManusAI,Especialista,validado,
A-2,0.1,0.7909,0.7589,1.1,CA-50,simetrica_duas_faces,Venturini,2,A2_w110,027,ManusAI,Especialista,validado,
A-2,0.1,0.8886,0.7443,1.1,CA-50,simetrica_duas_faces,Venturini,2,A2_w110,028,ManusAI,Especialista,validado,
A-2,0.1,0.9864,0.7265,1.1,CA-50,simetrica_duas_faces,Venturini,2,A2_w110,029,ManusAI,Especialista,validado,
A-2,0.1,1.0841,0.7054,1.1,CA-50,simetrica_duas_faces,Venturini,2,A2_w110,030,ManusAI,Especialista,validado,
A-2,0.1,1.1818,0.6811,1.1,CA-50,simetrica_duas_faces,Venturini,2,A2_w110,031,ManusAI,Especialista,validado,
A-2,0.1,1.2795,0.6535,1.1,CA-50,simetrica_duas_faces,Venturini,2,A2_w110,032,ManusAI,Especialista,validado,
A-2,0.1,1.3773,0.6227,1.1,CA-50,simetrica_duas_faces,Venturini,2,A2_w110,033,ManusAI,Especialista,validado,
A-2,0.1,1.475,0.5887,1.1,CA-50,simetrica_duas_faces,Venturini,2,A2_w110,034,ManusAI,Especialista,validado,
A-2,0.1,1.5727,0.5514,1.1,CA-50,simetrica_duas_faces,Venturini,2,A2_w110,035,ManusAI,Especialista,validado,
A-2,0.1,1.6705,0.5108,1.1,CA-50,simetrica_duas_faces,Venturini,2,A2_w110,036,ManusAI,Especialista,validado,
A-2,0.1,1.7682,0.467,1.1,CA-50,simetrica_duas_faces,Venturini,2,A2_w110,037,ManusAI,Especialista,validado,
A-2,0.1,1.8659,0.42,1.1,CA-50,simetrica_duas_faces,Venturini,2,A2_w110,038,ManusAI,Especialista,validado,
A-2,0.1,1.9636,0.3697,1.1,CA-50,simetrica_duas_faces,Venturini,2,A2_w110,039,ManusAI,Especialista,validado,
A-2,0.1,2.0614,0.3162,1.1,CA-50,simetrica_duas_faces,Venturini,2,A2_w110,040,ManusAI,Especialista,validado,
A-2,0.1,2.1591,0.2595,1.1,CA-50,simetrica_duas_faces,Venturini,2,A2_w110,041,ManusAI,Especialista,validado,
A-2,0.1,2.2568,0.1995,1.1,CA-50,simetrica_duas_faces,Venturini,2,A2_w110,042,ManusAI,Especialista,validado,
A-2,0.1,2.3545,0.1362,1.1,CA-50,simetrica_duas_faces,Venturini,2,A2_w110,043,ManusAI,Especialista,validado,
A-2,0.1,2.4523,0.0697,1.1,CA-50,simetrica_duas_faces,Venturini,2,A2_w110,044,ManusAI,Especialista,validado,
A-2,0.1,-1.6523,0.0745,1.2,CA-50,simetrica_duas_faces,Venturini,2,A2_w120,002,ManusAI,Especialista,validado,
A-2,0.1,-1.5545,0.1455,1.2,CA-50,simetrica_duas_faces,Venturini,2,A2_w120,003,ManusAI,Especialista,validado,
A-2,0.1,-1.4568,0.2131,1.2,CA-50,simetrica_duas_faces,Venturini,2,A2_w120,004,ManusAI,Especialista,validado,
A-2,0.1,-1.3591,0.2772,1.2,CA-50,simetrica_duas_faces,Venturini,2,A2_w120,005,ManusAI,Especialista,validado,
A-2,0.1,-1.2614,0.3378,1.2,CA-50,simetrica_duas_faces,Venturini,2,A2_w120,006,ManusAI,Especialista,validado,
A-2,0.1,-1.1636,0.395,1.2,CA-50,simetrica_duas_faces,Venturini,2,A2_w120,007,ManusAI,Especialista,validado,
A-2,0.1,-1.0659,0.4487,1.2,CA-50,simetrica_duas_faces,Venturini,2,A2_w120,008,ManusAI,Especialista,validado,
A-2,0.1,-0.9682,0.4989,1.2,CA-50,simetrica_duas_faces,Venturini,2,A2_w120,009,ManusAI,Especialista,validado,
A-2,0.1,-0.8705,0.5457,1.2,CA-50,simetrica_duas_faces,Venturini,2,A2_w120,010,ManusAI,Especialista,validado,
A-2,0.1,-0.7727,0.589,1.2,CA-50,simetrica_duas_faces,Venturini,2,A2_w120,011,ManusAI,Especialista,validado,
A-2,0.1,-0.675,0.6289,1.2,CA-50,simetrica_duas_faces,Venturini,2,A2_w120,012,ManusAI,Especialista,validado,
A-2,0.1,-0.5773,0.6653,1.2,CA-50,simetrica_duas_faces,Venturini,2,A2_w120,013,ManusAI,Especialista,validado,
A-2,0.1,-0.4795,0.6982,1.2,CA-50,simetrica_duas_faces,Venturini,2,A2_w120,014,ManusAI,Especialista,validado,
A-2,0.1,-0.3818,0.7276,1.2,CA-50,simetrica_duas_faces,Venturini,2,A2_w120,015,ManusAI,Especialista,validado,
A-2,0.1,-0.2841,0.7536,1.2,CA-50,simetrica_duas_faces,Venturini,2,A2_w120,016,ManusAI,Especialista,validado,
A-2,0.1,-0.1864,0.7761,1.2,CA-50,simetrica_duas_faces,Venturini,2,A2_w120,017,ManusAI,Especialista,validado,
A-2,0.1,-0.0886,0.7952,1.2,CA-50,simetrica_duas_faces,Venturini,2,A2_w120,018,ManusAI,Especialista,validado,
A-2,0.1,0.0091,0.8108,1.2,CA-50,simetrica_duas_faces,Venturini,2,A2_w120,019,ManusAI,Especialista,validado,
A-2,0.1,0.1068,0.8229,1.2,CA-50,simetrica_duas_faces,Venturini,2,A2_w120,020,ManusAI,Especialista,validado,
A-2,0.1,0.2045,0.8316,1.2,CA-50,simetrica_duas_faces,Venturini,2,A2_w120,021,ManusAI,Especialista,validado,
A-2,0.1,0.3023,0.8368,1.2,CA-50,simetrica_duas_faces,Venturini,2,A2_w120,022,ManusAI,Especialista,validado,
A-2,0.1,0.4,0.8385,1.2,CA-50,simetrica_duas_faces,Venturini,2,A2_w120,023,ManusAI,Especialista,validado,
A-2,0.1,0.4977,0.8368,1.2,CA-50,simetrica_duas_faces,Venturini,2,A2_w120,024,ManusAI,Especialista,validado,
A-2,0.1,0.5955,0.8316,1.2,CA-50,simetrica_duas_faces,Venturini,2,A2_w120,025,ManusAI,Especialista,validado,
A-2,0.1,0.6932,0.8229,1.2,CA-50,simetrica_duas_faces,Venturini,2,A2_w120,026,ManusAI,Especialista,validado,
A-2,0.1,0.7909,0.8108,1.2,CA-50,simetrica_duas_faces,Venturini,2,A2_w120,027,ManusAI,Especialista,validado,
A-2,0.1,0.8886,0.7952,1.2,CA-50,simetrica_duas_faces,Venturini,2,A2_w120,028,ManusAI,Especialista,validado,
A-2,0.1,0.9864,0.7761,1.2,CA-50,simetrica_duas_faces,Venturini,2,A2_w120,029,ManusAI,Especialista,validado,
A-2,0.1,1.0841,0.7536,1.2,CA-50,simetrica_duas_faces,Venturini,2,A2_w120,030,ManusAI,Especialista,validado,
A-2,0.1,1.1818,0.7276,1.2,CA-50,simetrica_duas_faces,Venturini,2,A2_w120,031,ManusAI,Especialista,validado,
A-2,0.1,1.2795,0.6982,1.2,CA-50,simetrica_duas_faces,Venturini,2,A2_w120,032,ManusAI,Especialista,validado,
A-2,0.1,1.3773,0.6653,1.2,CA-50,simetrica_duas_faces,Venturini,2,A2_w120,033,ManusAI,Especialista,validado,
A-2,0.1,1.475,0.6289,1.2,CA-50,simetrica_duas_faces,Venturini,2,A2_w120,034,ManusAI,Especialista,validado,
A-2,0.1,1.5727,0.589,1.2,CA-50,simetrica_duas_faces,Venturini,2,A2_w120,035,ManusAI,Especialista,validado,
A-2,0.1,1.6705,0.5457,1.2,CA-50,simetrica_duas_faces,Venturini,2,A2_w120,036,ManusAI,Especialista,validado,
A-2,0.1,1.7682,0.4989,1.2,CA-50,simetrica_duas_faces,Venturini,2,A2_w120,037,ManusAI,Especialista,validado,
A-2,0.1,1.8659,0.4487,1.2,CA-50,simetrica_duas_faces,Venturini,2,A2_w120,038,ManusAI,Especialista,validado,
A-2,0.1,1.9636,0.395,1.2,CA-50,simetrica_duas_faces,Venturini,2,A2_w120,039,ManusAI,Especialista,validado,
A-2,0.1,2.0614,0.3378,1.2,CA-50,simetrica_duas_faces,Venturini,2,A2_w120,040,ManusAI,Especialista,validado,
A-2,0.1,2.1591,0.2772,1.2,CA-50,simetrica_duas_faces,Venturini,2,A2_w120,041,ManusAI,Especialista,validado,
A-2,0.1,2.2568,0.2131,1.2,CA-50,simetrica_duas_faces,Venturini,2,A2_w120,042,ManusAI,Especialista,validado,
A-2,0.1,2.3545,0.1455,1.2,CA-50,simetrica_duas_faces,Venturini,2,A2_w120,043,ManusAI,Especialista,validado,
A-2,0.1,2.4523,0.0745,1.2,CA-50,simetrica_duas_faces,Venturini,2,A2_w120,044,ManusAI,Especialista,validado,
A-2,0.1,-1.6523,0.0793,1.3,CA-50,simetrica_duas_faces,Venturini,2,A2_w130,002,ManusAI,Especialista,validado,
A-2,0.1,-1.5545,0.1548,1.3,CA-50,simetrica_duas_faces,Venturini,2,A2_w130,003,ManusAI,Especialista,validado,
A-2,0.1,-1.4568,0.2267,1.3,CA-50,simetrica_duas_faces,Venturini,2,A2_w130,004,ManusAI,Especialista,validado,
A-2,0.1,-1.3591,0.2949,1.3,CA-50,simetrica_duas_faces,Venturini,2,A2_w130,005,ManusAI,Especialista,validado,
A-2,0.1,-1.2614,0.3594,1.3,CA-50,simetrica_duas_faces,Venturini,2,A2_w130,006,ManusAI,Especialista,validado,
A-2,0.1,-1.1636,0.4203,1.3,CA-50,simetrica_duas_faces,Venturini,2,A2_w130,007,ManusAI,Especialista,validado,
A-2,0.1,-1.0659,0.4774,1.3,CA-50,simetrica_duas_faces,Venturini,2,A2_w130,008,ManusAI,Especialista,validado,
A-2,0.1,-0.9682,0.5309,1.3,CA-50,simetrica_duas_faces,Venturini,2,A2_w130,009,ManusAI,Especialista,validado,
A-2,0.1,-0.8705,0.5806,1.3,CA-50,simetrica_duas_faces,Venturini,2,A2_w130,010,ManusAI,Especialista,validado,
A-2,0.1,-0.7727,0.6267,1.3,CA-50,simetrica_duas_faces,Venturini,2,A2_w130,011,ManusAI,Especialista,validado,
A-2,0.1,-0.675,0.6691,1.3,CA-50,simetrica_duas_faces,Venturini,2,A2_w130,012,ManusAI,Especialista,validado,
A-2,0.1,-0.5773,0.7078,1.3,CA-50,simetrica_duas_faces,Venturini,2,A2_w130,013,ManusAI,Especialista,validado,
A-2,0.1,-0.4795,0.7428,1.3,CA-50,simetrica_duas_faces,Venturini,2,A2_w130,014,ManusAI,Especialista,validado,
A-2,0.1,-0.3818,0.7742,1.3,CA-50,simetrica_duas_faces,Venturini,2,A2_w130,015,ManusAI,Especialista,validado,
A-2,0.1,-0.2841,0.8018,1.3,CA-50,simetrica_duas_faces,Venturini,2,A2_w130,016,ManusAI,Especialista,validado,
A-2,0.1,-0.1864,0.8258,1.3,CA-50,simetrica_duas_faces,Venturini,2,A2_w130,017,ManusAI,Especialista,validado,
A-2,0.1,-0.0886,0.846,1.3,CA-50,simetrica_duas_faces,Venturini,2,A2_w130,018,ManusAI,Especialista,validado,
A-2,0.1,0.0091,0.8626,1.3,CA-50,simetrica_duas_faces,Venturini,2,A2_w130,019,ManusAI,Especialista,validado,
A-2,0.1,0.1068,0.8755,1.3,CA-50,simetrica_duas_faces,Venturini,2,A2_w130,020,ManusAI,Especialista,validado,
A-2,0.1,0.2045,0.8848,1.3,CA-50,simetrica_duas_faces,Venturini,2,A2_w130,021,ManusAI,Especialista,validado,
A-2,0.1,0.3023,0.8903,1.3,CA-50,simetrica_duas_faces,Venturini,2,A2_w130,022,ManusAI,Especialista,validado,
A-2,0.1,0.4,0.8921,1.3,CA-50,simetrica_duas_faces,Venturini,2,A2_w130,023,ManusAI,Especialista,validado,
A-2,0.1,0.4977,0.8903,1.3,CA-50,simetrica_duas_faces,Venturini,2,A2_w130,024,ManusAI,Especialista,validado,
A-2,0.1,0.5955,0.8848,1.3,CA-50,simetrica_duas_faces,Venturini,2,A2_w130,025,ManusAI,Especialista,validado,
A-2,0.1,0.6932,0.8755,1.3,CA-50,simetrica_duas_faces,Venturini,2,A2_w130,026,ManusAI,Especialista,validado,
A-2,0.1,0.7909,0.8626,1.3,CA-50,simetrica_duas_faces,Venturini,2,A2_w130,027,ManusAI,Especialista,validado,
A-2,0.1,0.8886,0.846,1.3,CA-50,simetrica_duas_faces,Venturini,2,A2_w130,028,ManusAI,Especialista,validado,
A-2,0.1,0.9864,0.8258,1.3,CA-50,simetrica_duas_faces,Venturini,2,A2_w130,029,ManusAI,Especialista,validado,
A-2,0.1,1.0841,0.8018,1.3,CA-50,simetrica_duas_faces,Venturini,2,A2_w130,030,ManusAI,Especialista,validado,
A-2,0.1,1.1818,0.7742,1.3,CA-50,simetrica_duas_faces,Venturini,2,A2_w130,031,ManusAI,Especialista,validado,
A-2,0.1,1.2795,0.7428,1.3,CA-50,simetrica_duas_faces,Venturini,2,A2_w130,032,ManusAI,Especialista,validado,
A-2,0.1,1.3773,0.7078,1.3,CA-50,simetrica_duas_faces,Venturini,2,A2_w130,033,ManusAI,Especialista,validado,
A-2,0.1,1.475,0.6691,1.3,CA-50,simetrica_duas_faces,Venturini,2,A2_w130,034,ManusAI,Especialista,validado,
A-2,0.1,1.5727,0.6267,1.3,CA-50,simetrica_duas_faces,Venturini,2,A2_w130,035,ManusAI,Especialista,validado,
A-2,0.1,1.6705,0.5806,1.3,CA-50,simetrica_duas_faces,Venturini,2,A2_w130,036,ManusAI,Especialista,validado,
A-2,0.1,1.7682,0.5309,1.3,CA-50,simetrica_duas_faces,Venturini,2,A2_w130,037,ManusAI,Especialista,validado,
A-2,0.1,1.8659,0.4774,1.3,CA-50,simetrica_duas_faces,Venturini,2,A2_w130,038,ManusAI,Especialista,validado,
A-2,0.1,1.9636,0.4203,1.3,CA-50,simetrica_duas_faces,Venturini,2,A2_w130,039,ManusAI,Especialista,validado,
A-2,0.1,2.0614,0.3594,1.3,CA-50,simetrica_duas_faces,Venturini,2,A2_w130,040,ManusAI,Especialista,validado,
A-2,0.1,2.1591,0.2949,1.3,CA-50,simetrica_duas_faces,Venturini,2,A2_w130,041,ManusAI,Especialista,validado,
A-2,0.1,2.2568,0.2267,1.3,CA-50,simetrica_duas_faces,Venturini,2,A2_w130,042,ManusAI,Especialista,validado,
A-2,0.1,2.3545,0.1548,1.3,CA-50,simetrica_duas_faces,Venturini,2,A2_w130,043,ManusAI,Especialista,validado,
A-2,0.1,2.4523,0.0793,1.3,CA-50,simetrica_duas_faces,Venturini,2,A2_w130,044,ManusAI,Especialista,validado,
A-2,0.1,-1.6523,0.084,1.4,CA-50,simetrica_duas_faces,Venturini,2,A2_w140,002,ManusAI,Especialista,validado,
A-2,0.1,-1.5545,0.1641,1.4,CA-50,simetrica_duas_faces,Venturini,2,A2_w140,003,ManusAI,Especialista,validado,
A-2,0.1,-1.4568,0.2403,1.4,CA-50,simetrica_duas_faces,Venturini,2,A2_w140,004,ManusAI,Especialista,validado,
A-2,0.1,-1.3591,0.3126,1.4,CA-50,simetrica_duas_faces,Venturini,2,A2_w140,005,ManusAI,Especialista,validado,
A-2,0.1,-1.2614,0.381,1.4,CA-50,simetrica_duas_faces,Venturini,2,A2_w140,006,ManusAI,Especialista,validado,
A-2,0.1,-1.1636,0.4455,1.4,CA-50,simetrica_duas_faces,Venturini,2,A2_w140,007,ManusAI,Especialista,validado,
A-2,0.1,-1.0659,0.5061,1.4,CA-50,simetrica_duas_faces,Venturini,2,A2_w140,008,ManusAI,Especialista,validado,
A-2,0.1,-0.9682,0.5628,1.4,CA-50,simetrica_duas_faces,Venturini,2,A2_w140,009,ManusAI,Especialista,validado,
A-2,0.1,-0.8705,0.6155,1.4,CA-50,simetrica_duas_faces,Venturini,2,A2_w140,010,ManusAI,Especialista,validado,
A-2,0.1,-0.7727,0.6644,1.4,CA-50,simetrica_duas_faces,Venturini,2,A2_w140,011,ManusAI,Especialista,validado,
A-2,0.1,-0.675,0.7093,1.4,CA-50,simetrica_duas_faces,Venturini,2,A2_w140,012,ManusAI,Especialista,validado,
A-2,0.1,-0.5773,0.7503,1.4,CA-50,simetrica_duas_faces,Venturini,2,A2_w140,013,ManusAI,Especialista,validado,
A-2,0.1,-0.4795,0.7875,1.4,CA-50,simetrica_duas_faces,Venturini,2,A2_w140,014,ManusAI,Especialista,validado,
A-2,0.1,-0.3818,0.8207,1.4,CA-50,simetrica_duas_faces,Venturini,2,A2_w140,015,ManusAI,Especialista,validado,
A-2,0.1,-0.2841,0.85,1.4,CA-50,simetrica_duas_faces,Venturini,2,A2_w140,016,ManusAI,Especialista,validado,
A-2,0.1,-0.1864,0.8754,1.4,CA-50,simetrica_duas_faces,Venturini,2,A2_w140,017,ManusAI,Especialista,validado,
A-2,0.1,-0.0886,0.8969,1.4,CA-50,simetrica_duas_faces,Venturini,2,A2_w140,018,ManusAI,Especialista,validado,
A-2,0.1,0.0091,0.9145,1.4,CA-50,simetrica_duas_faces,Venturini,2,A2_w140,019,ManusAI,Especialista,validado,
A-2,0.1,0.1068,0.9282,1.4,CA-50,simetrica_duas_faces,Venturini,2,A2_w140,020,ManusAI,Especialista,validado,
A-2,0.1,0.2045,0.9379,1.4,CA-50,simetrica_duas_faces,Venturini,2,A2_w140,021,ManusAI,Especialista,validado,
A-2,0.1,0.3023,0.9438,1.4,CA-50,simetrica_duas_faces,Venturini,2,A2_w140,022,ManusAI,Especialista,validado,
A-2,0.1,0.4,0.9458,1.4,CA-50,simetrica_duas_faces,Venturini,2,A2_w140,023,ManusAI,Especialista,validado,
A-2,0.1,0.4977,0.9438,1.4,CA-50,simetrica_duas_faces,Venturini,2,A2_w140,024,ManusAI,Especialista,validado,
A-2,0.1,0.5955,0.9379,1.4,CA-50,simetrica_duas_faces,Venturini,2,A2_w140,025,ManusAI,Especialista,validado,
A-2,0.1,0.6932,0.9282,1.4,CA-50,simetrica_duas_faces,Venturini,2,A2_w140,026,ManusAI,Especialista,validado,
A-2,0.1,0.7909,0.9145,1.4,CA-50,simetrica_duas_faces,Venturini,2,A2_w140,027,ManusAI,Especialista,validado,
A-2,0.1,0.8886,0.8969,1.4,CA-50,simetrica_duas_faces,Venturini,2,A2_w140,028,ManusAI,Especialista,validado,
A-2,0.1,0.9864,0.8754,1.4,CA-50,simetrica_duas_faces,Venturini,2,A2_w140,029,ManusAI,Especialista,validado,
A-2,0.1,1.0841,0.85,1.4,CA-50,simetrica_duas_faces,Venturini,2,A2_w140,030,ManusAI,Especialista,validado,
A-2,0.1,1.1818,0.8207,1.4,CA-50,simetrica_duas_faces,Venturini,2,A2_w140,031,ManusAI,Especialista,validado,
A-2,0.1,1.2795,0.7875,1.4,CA-50,simetrica_duas_faces,Venturini,2,A2_w140,032,ManusAI,Especialista,validado,
A-2,0.1,1.3773,0.7503,1.4,CA-50,simetrica_duas_faces,Venturini,2,A2_w140,033,ManusAI,Especialista,validado,
A-2,0.1,1.475,0.7093,1.4,CA-50,simetrica_duas_faces,Venturini,2,A2_w140,034,ManusAI,Especialista,validado,
A-2,0.1,1.5727,0.6644,1.4,CA-50,simetrica_duas_faces,Venturini,2,A2_w140,035,ManusAI,Especialista,validado,
A-2,0.1,1.6705,0.6155,1.4,CA-50,simetrica_duas_faces,Venturini,2,A2_w140,036,ManusAI,Especialista,validado,
A-2,0.1,1.7682,0.5628,1.4,CA-50,simetrica_duas_faces,Venturini,2,A2_w140,037,ManusAI,Especialista,validado,
A-2,0.1,1.8659,0.5061,1.4,CA-50,simetrica_duas_faces,Venturini,2,A2_w140,038,ManusAI,Especialista,validado,
A-2,0.1,1.9636,0.4455,1.4,CA-50,simetrica_duas_faces,Venturini,2,A2_w140,039,ManusAI,Especialista,validado,
A-2,0.1,2.0614,0.381,1.4,CA-50,simetrica_duas_faces,Venturini,2,A2_w140,040,ManusAI,Especialista,validado,
A-2,0.1,2.1591,0.3126,1.4,CA-50,simetrica_duas_faces,Venturini,2,A2_w140,041,ManusAI,Especialista,validado,
A-2,0.1,2.2568,0.2403,1.4,CA-50,simetrica_duas_faces,Venturini,2,A2_w140,042,ManusAI,Especialista,validado,
A-2,0.1,2.3545,0.1641,1.4,CA-50,simetrica_duas_faces,Venturini,2,A2_w140,043,ManusAI,Especialista,validado,
A-2,0.1,2.4523,0.084,1.4,CA-50,simetrica_duas_faces,Venturini,2,A2_w140,044,ManusAI,Especialista,validado,
A-2,0.1,-1.6523,0.0888,1.5,CA-50,simetrica_duas_faces,Venturini,2,A2_w150,002,ManusAI,Especialista,validado,
A-2,0.1,-1.5545,0.1734,1.5,CA-50,simetrica_duas_faces,Venturini,2,A2_w150,003,ManusAI,Especialista,validado,
A-2,0.1,-1.4568,0.254,1.5,CA-50,simetrica_duas_faces,Venturini,2,A2_w150,004,ManusAI,Especialista,validado,
A-2,0.1,-1.3591,0.3304,1.5,CA-50,simetrica_duas_faces,Venturini,2,A2_w150,005,ManusAI,Especialista,validado,
A-2,0.1,-1.2614,0.4026,1.5,CA-50,simetrica_duas_faces,Venturini,2,A2_w150,006,ManusAI,Especialista,validado,
A-2,0.1,-1.1636,0.4708,1.5,CA-50,simetrica_duas_faces,Venturini,2,A2_w150,007,ManusAI,Especialista,validado,
A-2,0.1,-1.0659,0.5348,1.5,CA-50,simetrica_duas_faces,Venturini,2,A2_w150,008,ManusAI,Especialista,validado,
A-2,0.1,-0.9682,0.5947,1.5,CA-50,simetrica_duas_faces,Venturini,2,A2_w150,009,ManusAI,Especialista,validado,
A-2,0.1,-0.8705,0.6504,1.5,CA-50,simetrica_duas_faces,Venturini,2,A2_w150,010,ManusAI,Especialista,validado,
A-2,0.1,-0.7727,0.702,1.5,CA-50,simetrica_duas_faces,Venturini,2,A2_w150,011,ManusAI,Especialista,validado,
A-2,0.1,-0.675,0.7495,1.5,CA-50,simetrica_duas_faces,Venturini,2,A2_w150,012,ManusAI,Especialista,validado,
A-2,0.1,-0.5773,0.7929,1.5,CA-50,simetrica_duas_faces,Venturini,2,A2_w150,013,ManusAI,Especialista,validado,
A-2,0.1,-0.4795,0.8321,1.5,CA-50,simetrica_duas_faces,Venturini,2,A2_w150,014,ManusAI,Especialista,validado,
A-2,0.1,-0.3818,0.8672,1.5,CA-50,simetrica_duas_faces,Venturini,2,A2_w150,015,ManusAI,Especialista,validado,
A-2,0.1,-0.2841,0.8982,1.5,CA-50,simetrica_duas_faces,Venturini,2,A2_w150,016,ManusAI,Especialista,validado,
A-2,0.1,-0.1864,0.925,1.5,CA-50,simetrica_duas_faces,Venturini,2,A2_w150,017,ManusAI,Especialista,validado,
A-2,0.1,-0.0886,0.9478,1.5,CA-50,simetrica_duas_faces,Venturini,2,A2_w150,018,ManusAI,Especialista,validado,
A-2,0.1,0.0091,0.9663,1.5,CA-50,simetrica_duas_faces,Venturini,2,A2_w150,019,ManusAI,Especialista,validado,
A-2,0.1,0.1068,0.9808,1.5,CA-50,simetrica_duas_faces,Venturini,2,A2_w150,020,ManusAI,Especialista,validado,
A-2,0.1,0.2045,0.9911,1.5,CA-50,simetrica_duas_faces,Venturini,2,A2_w150,021,ManusAI,Especialista,validado,
A-2,0.1,0.3023,0.9973,1.5,CA-50,simetrica_duas_faces,Venturini,2,A2_w150,022,ManusAI,Especialista,validado,
A-2,0.1,0.4,0.9994,1.5,CA-50,simetrica_duas_faces,Venturini,2,A2_w150,023,ManusAI,Especialista,validado,
A-2,0.1,0.4977,0.9973,1.5,CA-50,simetrica_duas_faces,Venturini,2,A2_w150,024,ManusAI,Especialista,validado,
A-2,0.1,0.5955,0.9911,1.5,CA-50,simetrica_duas_faces,Venturini,2,A2_w150,025,ManusAI,Especialista,validado,
A-2,0.1,0.6932,0.9808,1.5,CA-50,simetrica_duas_faces,Venturini,2,A2_w150,026,ManusAI,Especialista,validado,
A-2,0.1,0.7909,0.9663,1.5,CA-50,simetrica_duas_faces,Venturini,2,A2_w150,027,ManusAI,Especialista,validado,
A-2,0.1,0.8886,0.9478,1.5,CA-50,simetrica_duas_faces,Venturini,2,A2_w150,028,ManusAI,Especialista,validado,
A-2,0.1,0.9864,0.925,1.5,CA-50,simetrica_duas_faces,Venturini,2,A2_w150,029,ManusAI,Especialista,validado,
A-2,0.1,1.0841,0.8982,1.5,CA-50,simetrica_duas_faces,Venturini,2,A2_w150,030,ManusAI,Especialista,validado,
A-2,0.1,1.1818,0.8672,1.5,CA-50,simetrica_duas_faces,Venturini,2,A2_w150,031,ManusAI,Especialista,validado,
A-2,0.1,1.2795,0.8321,1.5,CA-50,simetrica_duas_faces,Venturini,2,A2_w150,032,ManusAI,Especialista,validado,
A-2,0.1,1.3773,0.7929,1.5,CA-50,simetrica_duas_faces,Venturini,2,A2_w150,033,ManusAI,Especialista,validado,
A-2,0.1,1.475,0.7495,1.5,CA-50,simetrica_duas_faces,Venturini,2,A2_w150,034,ManusAI,Especialista,validado,
A-2,0.1,1.5727,0.702,1.5,CA-50,simetrica_duas_faces,Venturini,2,A2_w150,035,ManusAI,Especialista,validado,
A-2,0.1,1.6705,0.6504,1.5,CA-50,simetrica_duas_faces,Venturini,2,A2_w150,036,ManusAI,Especialista,validado,
A-2,0.1,1.7682,0.5947,1.5,CA-50,simetrica_duas_faces,Venturini,2,A2_w150,037,ManusAI,Especialista,validado,
A-2,0.1,1.8659,0.5348,1.5,CA-50,simetrica_duas_faces,Venturini,2,A2_w150,038,ManusAI,Especialista,validado,
A-2,0.1,1.9636,0.4708,1.5,CA-50,simetrica_duas_faces,Venturini,2,A2_w150,039,ManusAI,Especialista,validado,
A-2,0.1,2.0614,0.4026,1.5,CA-50,simetrica_duas_faces,Venturini,2,A2_w150,040,ManusAI,Especialista,validado,
A-2,0.1,2.1591,0.3304,1.5,CA-50,simetrica_duas_faces,Venturini,2,A2_w150,041,ManusAI,Especialista,validado,
A-2,0.1,2.2568,0.254,1.5,CA-50,simetrica_duas_faces,Venturini,2,A2_w150,042,ManusAI,Especialista,validado,
A-2,0.1,2.3545,0.1734,1.5,CA-50,simetrica_duas_faces,Venturini,2,A2_w150,043,ManusAI,Especialista,validado,
A-2,0.1,2.4523,0.0888,1.5,CA-50,simetrica_duas_faces,Venturini,2,A2_w150,044,ManusAI,Especialista,validado,
A-2,0.1,-1.6523,0.0936,1.6,CA-50,simetrica_duas_faces,Venturini,2,A2_w160,002,ManusAI,Especialista,validado,
A-2,0.1,-1.5545,0.1828,1.6,CA-50,simetrica_duas_faces,Venturini,2,A2_w160,003,ManusAI,Especialista,validado,
A-2,0.1,-1.4568,0.2676,1.6,CA-50,simetrica_duas_faces,Venturini,2,A2_w160,004,ManusAI,Especialista,validado,
A-2,0.1,-1.3591,0.3481,1.6,CA-50,simetrica_duas_faces,Venturini,2,A2_w160,005,ManusAI,Especialista,validado,
A-2,0.1,-1.2614,0.4242,1.6,CA-50,simetrica_duas_faces,Venturini,2,A2_w160,006,ManusAI,Especialista,validado,
A-2,0.1,-1.1636,0.496,1.6,CA-50,simetrica_duas_faces,Venturini,2,A2_w160,007,ManusAI,Especialista,validado,
A-2,0.1,-1.0659,0.5635,1.6,CA-50,simetrica_duas_faces,Venturini,2,A2_w160,008,ManusAI,Especialista,validado,
A-2,0.1,-0.9682,0.6266,1.6,CA-50,simetrica_duas_faces,Venturini,2,A2_w160,009,ManusAI,Especialista,validado,
A-2,0.1,-0.8705,0.6853,1.6,CA-50,simetrica_duas_faces,Venturini,2,A2_w160,010,ManusAI,Especialista,validado,
A-2,0.1,-0.7727,0.7397,1.6,CA-50,simetrica_duas_faces,Venturini,2,A2_w160,011,ManusAI,Especialista,validado,
A-2,0.1,-0.675,0.7897,1.6,CA-50,simetrica_duas_faces,Venturini,2,A2_w160,012,ManusAI,Especialista,validado,
A-2,0.1,-0.5773,0.8354,1.6,CA-50,simetrica_duas_faces,Venturini,2,A2_w160,013,ManusAI,Especialista,validado,
A-2,0.1,-0.4795,0.8768,1.6,CA-50,simetrica_duas_faces,Venturini,2,A2_w160,014,ManusAI,Especialista,validado,
A-2,0.1,-0.3818,0.9138,1.6,CA-50,simetrica_duas_faces,Venturini,2,A2_w160,015,ManusAI,Especialista,validado,
A-2,0.1,-0.2841,0.9464,1.6,CA-50,simetrica_duas_faces,Venturini,2,A2_w160,016,ManusAI,Especialista,validado,
A-2,0.1,-0.1864,0.9747,1.6,CA-50,simetrica_duas_faces,Venturini,2,A2_w160,017,ManusAI,Especialista,validado,
A-2,0.1,-0.0886,0.9986,1.6,CA-50,simetrica_duas_faces,Venturini,2,A2_w160,018,ManusAI,Especialista,validado,
A-2,0.1,0.0091,1.0182,1.6,CA-50,simetrica_duas_faces,Venturini,2,A2_w160,019,ManusAI,Especialista,validado,
A-2,0.1,0.1068,1.0334,1.6,CA-50,simetrica_duas_faces,Venturini,2,A2_w160,020,ManusAI,Especialista,validado,
A-2,0.1,0.2045,1.0443,1.6,CA-50,simetrica_duas_faces,Venturini,2,A2_w160,021,ManusAI,Especialista,validado,
A-2,0.1,0.3023,1.0508,1.6,CA-50,simetrica_duas_faces,Venturini,2,A2_w160,022,ManusAI,Especialista,validado,
A-2,0.1,0.4,1.053,1.6,CA-50,simetrica_duas_faces,Venturini,2,A2_w160,023,ManusAI,Especialista,validado,
A-2,0.1,0.4977,1.0508,1.6,CA-50,simetrica_duas_faces,Venturini,2,A2_w160,024,ManusAI,Especialista,validado,
A-2,0.1,0.5955,1.0443,1.6,CA-50,simetrica_duas_faces,Venturini,2,A2_w160,025,ManusAI,Especialista,validado,
A-2,0.1,0.6932,1.0334,1.6,CA-50,simetrica_duas_faces,Venturini,2,A2_w160,026,ManusAI,Especialista,validado,
A-2,0.1,0.7909,1.0182,1.6,CA-50,simetrica_duas_faces,Venturini,2,A2_w160,027,ManusAI,Especialista,validado,
A-2,0.1,0.8886,0.9986,1.6,CA-50,simetrica_duas_faces,Venturini,2,A2_w160,028,ManusAI,Especialista,validado,
A-2,0.1,0.9864,0.9747,1.6,CA-50,simetrica_duas_faces,Venturini,2,A2_w160,029,ManusAI,Especialista,validado,
A-2,0.1,1.0841,0.9464,1.6,CA-50,simetrica_duas_faces,Venturini,2,A2_w160,030,ManusAI,Especialista,validado,
A-2,0.1,1.1818,0.9138,1.6,CA-50,simetrica_duas_faces,Venturini,2,A2_w160,031,ManusAI,Especialista,validado,
A-2,0.1,1.2795,0.8768,1.6,CA-50,simetrica_duas_faces,Venturini,2,A2_w160,032,ManusAI,Especialista,validado,
A-2,0.1,1.3773,0.8354,1.6,CA-50,simetrica_duas_faces,Venturini,2,A2_w160,033,ManusAI,Especialista,validado,
A-2,0.1,1.475,0.7898,1.6,CA-50,simetrica_duas_faces,Venturini,2,A2_w160,034,ManusAI,Especialista,validado,
A-2,0.1,1.5727,0.7397,1.6,CA-50,simetrica_duas_faces,Venturini,2,A2_w160,035,ManusAI,Especialista,validado,
A-2,0.1,1.6705,0.6853,1.6,CA-50,simetrica_duas_faces,Venturini,2,A2_w160,036,ManusAI,Especialista,validado,
A-2,0.1,1.7682,0.6266,1.6,CA-50,simetrica_duas_faces,Venturini,2,A2_w160,037,ManusAI,Especialista,validado,
A-2,0.1,1.8659,0.5635,1.6,CA-50,simetrica_duas_faces,Venturini,2,A2_w160,038,ManusAI,Especialista,validado,
A-2,0.1,1.9636,0.496,1.6,CA-50,simetrica_duas_faces,Venturini,2,A2_w160,039,ManusAI,Especialista,validado,
A-2,0.1,2.0614,0.4242,1.6,CA-50,simetrica_duas_faces,Venturini,2,A2_w160,040,ManusAI,Especialista,validado,
A-2,0.1,2.1591,0.3481,1.6,CA-50,simetrica_duas_faces,Venturini,2,A2_w160,041,ManusAI,Especialista,validado,
A-2,0.1,2.2568,0.2676,1.6,CA-50,simetrica_duas_faces,Venturini,2,A2_w160,042,ManusAI,Especialista,validado,
A-2,0.1,2.3545,0.1828,1.6,CA-50,simetrica_duas_faces,Venturini,2,A2_w160,043,ManusAI,Especialista,validado,
A-2,0.1,2.4523,0.0936,1.6,CA-50,simetrica_duas_faces,Venturini,2,A2_w160,044,ManusAI,Especialista,validado,
A-3,0.15,-1.6523,0.0169,0.0,CA-50,simetrica_duas_faces,Venturini,3,A3_w000,002,ManusAI,Especialista,validado,
A-3,0.15,-1.5545,0.033,0.0,CA-50,simetrica_duas_faces,Venturini,3,A3_w000,003,ManusAI,Especialista,validado,
A-3,0.15,-1.4568,0.0483,0.0,CA-50,simetrica_duas_faces,Venturini,3,A3_w000,004,ManusAI,Especialista,validado,
A-3,0.15,-1.3591,0.0628,0.0,CA-50,simetrica_duas_faces,Venturini,3,A3_w000,005,ManusAI,Especialista,validado,
A-3,0.15,-1.2614,0.0765,0.0,CA-50,simetrica_duas_faces,Venturini,3,A3_w000,006,ManusAI,Especialista,validado,
A-3,0.15,-1.1636,0.0895,0.0,CA-50,simetrica_duas_faces,Venturini,3,A3_w000,007,ManusAI,Especialista,validado,
A-3,0.15,-1.0659,0.1017,0.0,CA-50,simetrica_duas_faces,Venturini,3,A3_w000,008,ManusAI,Especialista,validado,
A-3,0.15,-0.9682,0.1131,0.0,CA-50,simetrica_duas_faces,Venturini,3,A3_w000,009,ManusAI,Especialista,validado,
A-3,0.15,-0.8705,0.1237,0.0,CA-50,simetrica_duas_faces,Venturini,3,A3_w000,010,ManusAI,Especialista,validado,
A-3,0.15,-0.7727,0.1335,0.0,CA-50,simetrica_duas_faces,Venturini,3,A3_w000,011,ManusAI,Especialista,validado,
A-3,0.15,-0.675,0.1425,0.0,CA-50,simetrica_duas_faces,Venturini,3,A3_w000,012,ManusAI,Especialista,validado,
A-3,0.15,-0.5773,0.1507,0.0,CA-50,simetrica_duas_faces,Venturini,3,A3_w000,013,ManusAI,Especialista,validado,
A-3,0.15,-0.4795,0.1582,0.0,CA-50,simetrica_duas_faces,Venturini,3,A3_w000,014,ManusAI,Especialista,validado,
A-3,0.15,-0.3818,0.1649,0.0,CA-50,simetrica_duas_faces,Venturini,3,A3_w000,015,ManusAI,Especialista,validado,
A-3,0.15,-0.2841,0.1708,0.0,CA-50,simetrica_duas_faces,Venturini,3,A3_w000,016,ManusAI,Especialista,validado,
A-3,0.15,-0.1864,0.1759,0.0,CA-50,simetrica_duas_faces,Venturini,3,A3_w000,017,ManusAI,Especialista,validado,
A-3,0.15,-0.0886,0.1802,0.0,CA-50,simetrica_duas_faces,Venturini,3,A3_w000,018,ManusAI,Especialista,validado,
A-3,0.15,0.0091,0.1837,0.0,CA-50,simetrica_duas_faces,Venturini,3,A3_w000,019,ManusAI,Especialista,validado,
A-3,0.15,0.1068,0.1865,0.0,CA-50,simetrica_duas_faces,Venturini,3,A3_w000,020,ManusAI,Especialista,validado,
A-3,0.15,0.2045,0.1884,0.0,CA-50,simetrica_duas_faces,Venturini,3,A3_w000,021,ManusAI,Especialista,validado,
A-3,0.15,0.3023,0.1896,0.0,CA-50,simetrica_duas_faces,Venturini,3,A3_w000,022,ManusAI,Especialista,validado,
A-3,0.15,0.4,0.19,0.0,CA-50,simetrica_duas_faces,Venturini,3,A3_w000,023,ManusAI,Especialista,validado,
A-3,0.15,0.4977,0.1896,0.0,CA-50,simetrica_duas_faces,Venturini,3,A3_w000,024,ManusAI,Especialista,validado,
A-3,0.15,0.5955,0.1884,0.0,CA-50,simetrica_duas_faces,Venturini,3,A3_w000,025,ManusAI,Especialista,validado,
A-3,0.15,0.6932,0.1865,0.0,CA-50,simetrica_duas_faces,Venturini,3,A3_w000,026,ManusAI,Especialista,validado,
A-3,0.15,0.7909,0.1837,0.0,CA-50,simetrica_duas_faces,Venturini,3,A3_w000,027,ManusAI,Especialista,validado,
A-3,0.15,0.8886,0.1802,0.0,CA-50,simetrica_duas_faces,Venturini,3,A3_w000,028,ManusAI,Especialista,validado,
A-3,0.15,0.9864,0.1759,0.0,CA-50,simetrica_duas_faces,Venturini,3,A3_w000,029,ManusAI,Especialista,validado,
A-3,0.15,1.0841,0.1708,0.0,CA-50,simetrica_duas_faces,Venturini,3,A3_w000,030,ManusAI,Especialista,validado,
A-3,0.15,1.1818,0.1649,0.0,CA-50,simetrica_duas_faces,Venturini,3,A3_w000,031,ManusAI,Especialista,validado,
A-3,0.15,1.2795,0.1582,0.0,CA-50,simetrica_duas_faces,Venturini,3,A3_w000,032,ManusAI,Especialista,validado,
A-3,0.15,1.3773,0.1507,0.0,CA-50,simetrica_duas_faces,Venturini,3,A3_w000,033,ManusAI,Especialista,validado,
A-3,0.15,1.475,0.1425,0.0,CA-50,simetrica_duas_faces,Venturini,3,A3_w000,034,ManusAI,Especialista,validado,
A-3,0.15,1.5727,0.1335,0.0,CA-50,simetrica_duas_faces,Venturini,3,A3_w000,035,ManusAI,Especialista,validado,
A-3,0.15,1.6705,0.1237,0.0,CA-50,simetrica_duas_faces,Venturini,3,A3_w000,036,ManusAI,Especialista,validado,
A-3,0.15,1.7682,0.1131,0.0,CA-50,simetrica_duas_faces,Venturini,3,A3_w000,037,ManusAI,Especialista,validado,
A-3,0.15,1.8659,0.1017,0.0,CA-50,simetrica_duas_faces,Venturini,3,A3_w000,038,ManusAI,Especialista,validado,
A-3,0.15,1.9636,0.0895,0.0,CA-50,simetrica_duas_faces,Venturini,3,A3_w000,039,ManusAI,Especialista,validado,
A-3,0.15,2.0614,0.0765,0.0,CA-50,simetrica_duas_faces,Venturini,3,A3_w000,040,ManusAI,Especialista,validado,
A-3,0.15,2.1591,0.0628,0.0,CA-50,simetrica_duas_faces,Venturini,3,A3_w000,041,ManusAI,Especialista,validado,
A-3,0.15,2.2568,0.0483,0.0,CA-50,simetrica_duas_faces,Venturini,3,A3_w000,042,ManusAI,Especialista,validado,
A-3,0.15,2.3545,0.033,0.0,CA-50,simetrica_duas_faces,Venturini,3,A3_w000,043,ManusAI,Especialista,validado,
A-3,0.15,2.4523,0.0169,0.0,CA-50,simetrica_duas_faces,Venturini,3,A3_w000,044,ManusAI,Especialista,validado,
A-3,0.15,-1.6523,0.0215,0.1,CA-50,simetrica_duas_faces,Venturini,3,A3_w010,002,ManusAI,Especialista,validado,
A-3,0.15,-1.5545,0.042,0.1,CA-50,simetrica_duas_faces,Venturini,3,A3_w010,003,ManusAI,Especialista,validado,
A-3,0.15,-1.4568,0.0616,0.1,CA-50,simetrica_duas_faces,Venturini,3,A3_w010,004,ManusAI,Especialista,validado,
A-3,0.15,-1.3591,0.0801,0.1,CA-50,simetrica_duas_faces,Venturini,3,A3_w010,005,ManusAI,Especialista,validado,
A-3,0.15,-1.2614,0.0976,0.1,CA-50,simetrica_duas_faces,Venturini,3,A3_w010,006,ManusAI,Especialista,validado,
A-3,0.15,-1.1636,0.1141,0.1,CA-50,simetrica_duas_faces,Venturini,3,A3_w010,007,ManusAI,Especialista,validado,
A-3,0.15,-1.0659,0.1296,0.1,CA-50,simetrica_duas_faces,Venturini,3,A3_w010,008,ManusAI,Especialista,validado,
A-3,0.15,-0.9682,0.1441,0.1,CA-50,simetrica_duas_faces,Venturini,3,A3_w010,009,ManusAI,Especialista,validado,
A-3,0.15,-0.8705,0.1577,0.1,CA-50,simetrica_duas_faces,Venturini,3,A3_w010,010,ManusAI,Especialista,validado,
A-3,0.15,-0.7727,0.1702,0.1,CA-50,simetrica_duas_faces,Venturini,3,A3_w010,011,ManusAI,Especialista,validado,
A-3,0.15,-0.675,0.1817,0.1,CA-50,simetrica_duas_faces,Venturini,3,A3_w010,012,ManusAI,Especialista,validado,
A-3,0.15,-0.5773,0.1922,0.1,CA-50,simetrica_duas_faces,Venturini,3,A3_w010,013,ManusAI,Especialista,validado,
A-3,0.15,-0.4795,0.2017,0.1,CA-50,simetrica_duas_faces,Venturini,3,A3_w010,014,ManusAI,Especialista,validado,
A-3,0.15,-0.3818,0.2102,0.1,CA-50,simetrica_duas_faces,Venturini,3,A3_w010,015,ManusAI,Especialista,validado,
A-3,0.15,-0.2841,0.2177,0.1,CA-50,simetrica_duas_faces,Venturini,3,A3_w010,016,ManusAI,Especialista,validado,
A-3,0.15,-0.1864,0.2242,0.1,CA-50,simetrica_duas_faces,Venturini,3,A3_w010,017,ManusAI,Especialista,validado,
A-3,0.15,-0.0886,0.2297,0.1,CA-50,simetrica_duas_faces,Venturini,3,A3_w010,018,ManusAI,Especialista,validado,
A-3,0.15,0.0091,0.2342,0.1,CA-50,simetrica_duas_faces,Venturini,3,A3_w010,019,ManusAI,Especialista,validado,
A-3,0.15,0.1068,0.2377,0.1,CA-50,simetrica_duas_faces,Venturini,3,A3_w010,020,ManusAI,Especialista,validado,
A-3,0.15,0.2045,0.2402,0.1,CA-50,simetrica_duas_faces,Venturini,3,A3_w010,021,ManusAI,Especialista,validado,
A-3,0.15,0.3023,0.2417,0.1,CA-50,simetrica_duas_faces,Venturini,3,A3_w010,022,ManusAI,Especialista,validado,
A-3,0.15,0.4,0.2422,0.1,CA-50,simetrica_duas_faces,Venturini,3,A3_w010,023,ManusAI,Especialista,validado,
A-3,0.15,0.4977,0.2417,0.1,CA-50,simetrica_duas_faces,Venturini,3,A3_w010,024,ManusAI,Especialista,validado,
A-3,0.15,0.5955,0.2402,0.1,CA-50,simetrica_duas_faces,Venturini,3,A3_w010,025,ManusAI,Especialista,validado,
A-3,0.15,0.6932,0.2377,0.1,CA-50,simetrica_duas_faces,Venturini,3,A3_w010,026,ManusAI,Especialista,validado,
A-3,0.15,0.7909,0.2342,0.1,CA-50,simetrica_duas_faces,Venturini,3,A3_w010,027,ManusAI,Especialista,validado,
A-3,0.15,0.8886,0.2297,0.1,CA-50,simetrica_duas_faces,Venturini,3,A3_w010,028,ManusAI,Especialista,validado,
A-3,0.15,0.9864,0.2242,0.1,CA-50,simetrica_duas_faces,Venturini,3,A3_w010,029,ManusAI,Especialista,validado,
A-3,0.15,1.0841,0.2177,0.1,CA-50,simetrica_duas_faces,Venturini,3,A3_w010,030,ManusAI,Especialista,validado,
A-3,0.15,1.1818,0.2102,0.1,CA-50,simetrica_duas_faces,Venturini,3,A3_w010,031,ManusAI,Especialista,validado,
A-3,0.15,1.2795,0.2017,0.1,CA-50,simetrica_duas_faces,Venturini,3,A3_w010,032,ManusAI,Especialista,validado,
A-3,0.15,1.3773,0.1922,0.1,CA-50,simetrica_duas_faces,Venturini,3,A3_w010,033,ManusAI,Especialista,validado,
A-3,0.15,1.475,0.1817,0.1,CA-50,simetrica_duas_faces,Venturini,3,A3_w010,034,ManusAI,Especialista,validado,
A-3,0.15,1.5727,0.1702,0.1,CA-50,simetrica_duas_faces,Venturini,3,A3_w010,035,ManusAI,Especialista,validado,
A-3,0.15,1.6705,0.1577,0.1,CA-50,simetrica_duas_faces,Venturini,3,A3_w010,036,ManusAI,Especialista,validado,
A-3,0.15,1.7682,0.1441,0.1,CA-50,simetrica_duas_faces,Venturini,3,A3_w010,037,ManusAI,Especialista,validado,
A-3,0.15,1.8659,0.1296,0.1,CA-50,simetrica_duas_faces,Venturini,3,A3_w010,038,ManusAI,Especialista,validado,
A-3,0.15,1.9636,0.1141,0.1,CA-50,simetrica_duas_faces,Venturini,3,A3_w010,039,ManusAI,Especialista,validado,
A-3,0.15,2.0614,0.0976,0.1,CA-50,simetrica_duas_faces,Venturini,3,A3_w010,040,ManusAI,Especialista,validado,
A-3,0.15,2.1591,0.0801,0.1,CA-50,simetrica_duas_faces,Venturini,3,A3_w010,041,ManusAI,Especialista,validado,
A-3,0.15,2.2568,0.0616,0.1,CA-50,simetrica_duas_faces,Venturini,3,A3_w010,042,ManusAI,Especialista,validado,
A-3,0.15,2.3545,0.042,0.1,CA-50,simetrica_duas_faces,Venturini,3,A3_w010,043,ManusAI,Especialista,validado,
A-3,0.15,2.4523,0.0215,0.1,CA-50,simetrica_duas_faces,Venturini,3,A3_w010,044,ManusAI,Especialista,validado,
A-3,0.15,-1.6523,0.0262,0.2,CA-50,simetrica_duas_faces,Venturini,3,A3_w020,002,ManusAI,Especialista,validado,
A-3,0.15,-1.5545,0.0511,0.2,CA-50,simetrica_duas_faces,Venturini,3,A3_w020,003,ManusAI,Especialista,validado,
A-3,0.15,-1.4568,0.0748,0.2,CA-50,simetrica_duas_faces,Venturini,3,A3_w020,004,ManusAI,Especialista,validado,
A-3,0.15,-1.3591,0.0974,0.2,CA-50,simetrica_duas_faces,Venturini,3,A3_w020,005,ManusAI,Especialista,validado,
A-3,0.15,-1.2614,0.1187,0.2,CA-50,simetrica_duas_faces,Venturini,3,A3_w020,006,ManusAI,Especialista,validado,
A-3,0.15,-1.1636,0.1387,0.2,CA-50,simetrica_duas_faces,Venturini,3,A3_w020,007,ManusAI,Especialista,validado,
A-3,0.15,-1.0659,0.1576,0.2,CA-50,simetrica_duas_faces,Venturini,3,A3_w020,008,ManusAI,Especialista,validado,
A-3,0.15,-0.9682,0.1752,0.2,CA-50,simetrica_duas_faces,Venturini,3,A3_w020,009,ManusAI,Especialista,validado,
A-3,0.15,-0.8705,0.1917,0.2,CA-50,simetrica_duas_faces,Venturini,3,A3_w020,010,ManusAI,Especialista,validado,
A-3,0.15,-0.7727,0.2069,0.2,CA-50,simetrica_duas_faces,Venturini,3,A3_w020,011,ManusAI,Especialista,validado,
A-3,0.15,-0.675,0.2209,0.2,CA-50,simetrica_duas_faces,Venturini,3,A3_w020,012,ManusAI,Especialista,validado,
A-3,0.15,-0.5773,0.2337,0.2,CA-50,simetrica_duas_faces,Venturini,3,A3_w020,013,ManusAI,Especialista,validado,
A-3,0.15,-0.4795,0.2452,0.2,CA-50,simetrica_duas_faces,Venturini,3,A3_w020,014,ManusAI,Especialista,validado,
A-3,0.15,-0.3818,0.2556,0.2,CA-50,simetrica_duas_faces,Venturini,3,A3_w020,015,ManusAI,Especialista,validado,
A-3,0.15,-0.2841,0.2647,0.2,CA-50,simetrica_duas_faces,Venturini,3,A3_w020,016,ManusAI,Especialista,validado,
A-3,0.15,-0.1864,0.2726,0.2,CA-50,simetrica_duas_faces,Venturini,3,A3_w020,017,ManusAI,Especialista,validado,
A-3,0.15,-0.0886,0.2793,0.2,CA-50,simetrica_duas_faces,Venturini,3,A3_w020,018,ManusAI,Especialista,validado,
A-3,0.15,0.0091,0.2848,0.2,CA-50,simetrica_duas_faces,Venturini,3,A3_w020,019,ManusAI,Especialista,validado,
A-3,0.15,0.1068,0.289,0.2,CA-50,simetrica_duas_faces,Venturini,3,A3_w020,020,ManusAI,Especialista,validado,
A-3,0.15,0.2045,0.2921,0.2,CA-50,simetrica_duas_faces,Venturini,3,A3_w020,021,ManusAI,Especialista,validado,
A-3,0.15,0.3023,0.2939,0.2,CA-50,simetrica_duas_faces,Venturini,3,A3_w020,022,ManusAI,Especialista,validado,
A-3,0.15,0.4,0.2945,0.2,CA-50,simetrica_duas_faces,Venturini,3,A3_w020,023,ManusAI,Especialista,validado,
A-3,0.15,0.4977,0.2939,0.2,CA-50,simetrica_duas_faces,Venturini,3,A3_w020,024,ManusAI,Especialista,validado,
A-3,0.15,0.5955,0.2921,0.2,CA-50,simetrica_duas_faces,Venturini,3,A3_w020,025,ManusAI,Especialista,validado,
A-3,0.15,0.6932,0.289,0.2,CA-50,simetrica_duas_faces,Venturini,3,A3_w020,026,ManusAI,Especialista,validado,
A-3,0.15,0.7909,0.2848,0.2,CA-50,simetrica_duas_faces,Venturini,3,A3_w020,027,ManusAI,Especialista,validado,
A-3,0.15,0.8886,0.2793,0.2,CA-50,simetrica_duas_faces,Venturini,3,A3_w020,028,ManusAI,Especialista,validado,
A-3,0.15,0.9864,0.2726,0.2,CA-50,simetrica_duas_faces,Venturini,3,A3_w020,029,ManusAI,Especialista,validado,
A-3,0.15,1.0841,0.2647,0.2,CA-50,simetrica_duas_faces,Venturini,3,A3_w020,030,ManusAI,Especialista,validado,
A-3,0.15,1.1818,0.2556,0.2,CA-50,simetrica_duas_faces,Venturini,3,A3_w020,031,ManusAI,Especialista,validado,
A-3,0.15,1.2795,0.2452,0.2,CA-50,simetrica_duas_faces,Venturini,3,A3_w020,032,ManusAI,Especialista,validado,
A-3,0.15,1.3773,0.2337,0.2,CA-50,simetrica_duas_faces,Venturini,3,A3_w020,033,ManusAI,Especialista,validado,
A-3,0.15,1.475,0.2209,0.2,CA-50,simetrica_duas_faces,Venturini,3,A3_w020,034,ManusAI,Especialista,validado,
A-3,0.15,1.5727,0.2069,0.2,CA-50,simetrica_duas_faces,Venturini,3,A3_w020,035,ManusAI,Especialista,validado,
A-3,0.15,1.6705,0.1917,0.2,CA-50,simetrica_duas_faces,Venturini,3,A3_w020,036,ManusAI,Especialista,validado,
A-3,0.15,1.7682,0.1752,0.2,CA-50,simetrica_duas_faces,Venturini,3,A3_w020,037,ManusAI,Especialista,validado,
A-3,0.15,1.8659,0.1576,0.2,CA-50,simetrica_duas_faces,Venturini,3,A3_w020,038,ManusAI,Especialista,validado,
A-3,0.15,1.9636,0.1387,0.2,CA-50,simetrica_duas_faces,Venturini,3,A3_w020,039,ManusAI,Especialista,validado,
A-3,0.15,2.0614,0.1187,0.2,CA-50,simetrica_duas_faces,Venturini,3,A3_w020,040,ManusAI,Especialista,validado,
A-3,0.15,2.1591,0.0974,0.2,CA-50,simetrica_duas_faces,Venturini,3,A3_w020,041,ManusAI,Especialista,validado,
A-3,0.15,2.2568,0.0748,0.2,CA-50,simetrica_duas_faces,Venturini,3,A3_w020,042,ManusAI,Especialista,validado,
A-3,0.15,2.3545,0.0511,0.2,CA-50,simetrica_duas_faces,Venturini,3,A3_w020,043,ManusAI,Especialista,validado,
A-3,0.15,2.4523,0.0262,0.2,CA-50,simetrica_duas_faces,Venturini,3,A3_w020,044,ManusAI,Especialista,validado,
A-3,0.15,-1.6523,0.0308,0.3,CA-50,simetrica_duas_faces,Venturini,3,A3_w030,002,ManusAI,Especialista,validado,
A-3,0.15,-1.5545,0.0602,0.3,CA-50,simetrica_duas_faces,Venturini,3,A3_w030,003,ManusAI,Especialista,validado,
A-3,0.15,-1.4568,0.0881,0.3,CA-50,simetrica_duas_faces,Venturini,3,A3_w030,004,ManusAI,Especialista,validado,
A-3,0.15,-1.3591,0.1146,0.3,CA-50,simetrica_duas_faces,Venturini,3,A3_w030,005,ManusAI,Especialista,validado,
A-3,0.15,-1.2614,0.1397,0.3,CA-50,simetrica_duas_faces,Venturini,3,A3_w030,006,ManusAI,Especialista,validado,
A-3,0.15,-1.1636,0.1633,0.3,CA-50,simetrica_duas_faces,Venturini,3,A3_w030,007,ManusAI,Especialista,validado,
A-3,0.15,-1.0659,0.1856,0.3,CA-50,simetrica_duas_faces,Venturini,3,A3_w030,008,ManusAI,Especialista,validado,
A-3,0.15,-0.9682,0.2063,0.3,CA-50,simetrica_duas_faces,Venturini,3,A3_w030,009,ManusAI,Especialista,validado,
A-3,0.15,-0.8705,0.2257,0.3,CA-50,simetrica_duas_faces,Venturini,3,A3_w030,010,ManusAI,Especialista,validado,
A-3,0.15,-0.7727,0.2436,0.3,CA-50,simetrica_duas_faces,Venturini,3,A3_w030,011,ManusAI,Especialista,validado,
A-3,0.15,-0.675,0.2601,0.3,CA-50,simetrica_duas_faces,Venturini,3,A3_w030,012,ManusAI,Especialista,validado,
A-3,0.15,-0.5773,0.2751,0.3,CA-50,simetrica_duas_faces,Venturini,3,A3_w030,013,ManusAI,Especialista,validado,
A-3,0.15,-0.4795,0.2887,0.3,CA-50,simetrica_duas_faces,Venturini,3,A3_w030,014,ManusAI,Especialista,validado,
A-3,0.15,-0.3818,0.3009,0.3,CA-50,simetrica_duas_faces,Venturini,3,A3_w030,015,ManusAI,Especialista,validado,
A-3,0.15,-0.2841,0.3116,0.3,CA-50,simetrica_duas_faces,Venturini,3,A3_w030,016,ManusAI,Especialista,validado,
A-3,0.15,-0.1864,0.321,0.3,CA-50,simetrica_duas_faces,Venturini,3,A3_w030,017,ManusAI,Especialista,validado,
A-3,0.15,-0.0886,0.3288,0.3,CA-50,simetrica_duas_faces,Venturini,3,A3_w030,018,ManusAI,Especialista,validado,
A-3,0.15,0.0091,0.3353,0.3,CA-50,simetrica_duas_faces,Venturini,3,A3_w030,019,ManusAI,Especialista,validado,
A-3,0.15,0.1068,0.3403,0.3,CA-50,simetrica_duas_faces,Venturini,3,A3_w030,020,ManusAI,Especialista,validado,
A-3,0.15,0.2045,0.3439,0.3,CA-50,simetrica_duas_faces,Venturini,3,A3_w030,021,ManusAI,Especialista,validado,
A-3,0.15,0.3023,0.346,0.3,CA-50,simetrica_duas_faces,Venturini,3,A3_w030,022,ManusAI,Especialista,validado,
A-3,0.15,0.4,0.3468,0.3,CA-50,simetrica_duas_faces,Venturini,3,A3_w030,023,ManusAI,Especialista,validado,
A-3,0.15,0.4977,0.346,0.3,CA-50,simetrica_duas_faces,Venturini,3,A3_w030,024,ManusAI,Especialista,validado,
A-3,0.15,0.5955,0.3439,0.3,CA-50,simetrica_duas_faces,Venturini,3,A3_w030,025,ManusAI,Especialista,validado,
A-3,0.15,0.6932,0.3403,0.3,CA-50,simetrica_duas_faces,Venturini,3,A3_w030,026,ManusAI,Especialista,validado,
A-3,0.15,0.7909,0.3353,0.3,CA-50,simetrica_duas_faces,Venturini,3,A3_w030,027,ManusAI,Especialista,validado,
A-3,0.15,0.8886,0.3288,0.3,CA-50,simetrica_duas_faces,Venturini,3,A3_w030,028,ManusAI,Especialista,validado,
A-3,0.15,0.9864,0.321,0.3,CA-50,simetrica_duas_faces,Venturini,3,A3_w030,029,ManusAI,Especialista,validado,
A-3,0.15,1.0841,0.3116,0.3,CA-50,simetrica_duas_faces,Venturini,3,A3_w030,030,ManusAI,Especialista,validado,
A-3,0.15,1.1818,0.3009,0.3,CA-50,simetrica_duas_faces,Venturini,3,A3_w030,031,ManusAI,Especialista,validado,
A-3,0.15,1.2795,0.2887,0.3,CA-50,simetrica_duas_faces,Venturini,3,A3_w030,032,ManusAI,Especialista,validado,
A-3,0.15,1.3773,0.2751,0.3,CA-50,simetrica_duas_faces,Venturini,3,A3_w030,033,ManusAI,Especialista,validado,
A-3,0.15,1.475,0.2601,0.3,CA-50,simetrica_duas_faces,Venturini,3,A3_w030,034,ManusAI,Especialista,validado,
A-3,0.15,1.5727,0.2436,0.3,CA-50,simetrica_duas_faces,Venturini,3,A3_w030,035,ManusAI,Especialista,validado,
A-3,0.15,1.6705,0.2257,0.3,CA-50,simetrica_duas_faces,Venturini,3,A3_w030,036,ManusAI,Especialista,validado,
A-3,0.15,1.7682,0.2063,0.3,CA-50,simetrica_duas_faces,Venturini,3,A3_w030,037,ManusAI,Especialista,validado,
A-3,0.15,1.8659,0.1856,0.3,CA-50,simetrica_duas_faces,Venturini,3,A3_w030,038,ManusAI,Especialista,validado,
A-3,0.15,1.9636,0.1633,0.3,CA-50,simetrica_duas_faces,Venturini,3,A3_w030,039,ManusAI,Especialista,validado,
A-3,0.15,2.0614,0.1397,0.3,CA-50,simetrica_duas_faces,Venturini,3,A3_w030,040,ManusAI,Especialista,validado,
A-3,0.15,2.1591,0.1146,0.3,CA-50,simetrica_duas_faces,Venturini,3,A3_w030,041,ManusAI,Especialista,validado,
A-3,0.15,2.2568,0.0881,0.3,CA-50,simetrica_duas_faces,Venturini,3,A3_w030,042,ManusAI,Especialista,validado,
A-3,0.15,2.3545,0.0602,0.3,CA-50,simetrica_duas_faces,Venturini,3,A3_w030,043,ManusAI,Especialista,validado,
A-3,0.15,2.4523,0.0308,0.3,CA-50,simetrica_duas_faces,Venturini,3,A3_w030,044,ManusAI,Especialista,validado,
A-3,0.15,-1.6523,0.0354,0.4,CA-50,simetrica_duas_faces,Venturini,3,A3_w040,002,ManusAI,Especialista,validado,
A-3,0.15,-1.5545,0.0692,0.4,CA-50,simetrica_duas_faces,Venturini,3,A3_w040,003,ManusAI,Especialista,validado,
A-3,0.15,-1.4568,0.1014,0.4,CA-50,simetrica_duas_faces,Venturini,3,A3_w040,004,ManusAI,Especialista,validado,
A-3,0.15,-1.3591,0.1319,0.4,CA-50,simetrica_duas_faces,Venturini,3,A3_w040,005,ManusAI,Especialista,validado,
A-3,0.15,-1.2614,0.1608,0.4,CA-50,simetrica_duas_faces,Venturini,3,A3_w040,006,ManusAI,Especialista,validado,
A-3,0.15,-1.1636,0.188,0.4,CA-50,simetrica_duas_faces,Venturini,3,A3_w040,007,ManusAI,Especialista,validado,
A-3,0.15,-1.0659,0.2135,0.4,CA-50,simetrica_duas_faces,Venturini,3,A3_w040,008,ManusAI,Especialista,validado,
A-3,0.15,-0.9682,0.2374,0.4,CA-50,simetrica_duas_faces,Venturini,3,A3_w040,009,ManusAI,Especialista,validado,
A-3,0.15,-0.8705,0.2597,0.4,CA-50,simetrica_duas_faces,Venturini,3,A3_w040,010,ManusAI,Especialista,validado,
A-3,0.15,-0.7727,0.2803,0.4,CA-50,simetrica_duas_faces,Venturini,3,A3_w040,011,ManusAI,Especialista,validado,
A-3,0.15,-0.675,0.2992,0.4,CA-50,simetrica_duas_faces,Venturini,3,A3_w040,012,ManusAI,Especialista,validado,
A-3,0.15,-0.5773,0.3166,0.4,CA-50,simetrica_duas_faces,Venturini,3,A3_w040,013,ManusAI,Especialista,validado,
A-3,0.15,-0.4795,0.3322,0.4,CA-50,simetrica_duas_faces,Venturini,3,A3_w040,014,ManusAI,Especialista,validado,
A-3,0.15,-0.3818,0.3462,0.4,CA-50,simetrica_duas_faces,Venturini,3,A3_w040,015,ManusAI,Especialista,validado,
A-3,0.15,-0.2841,0.3586,0.4,CA-50,simetrica_duas_faces,Venturini,3,A3_w040,016,ManusAI,Especialista,validado,
A-3,0.15,-0.1864,0.3693,0.4,CA-50,simetrica_duas_faces,Venturini,3,A3_w040,017,ManusAI,Especialista,validado,
A-3,0.15,-0.0886,0.3784,0.4,CA-50,simetrica_duas_faces,Venturini,3,A3_w040,018,ManusAI,Especialista,validado,
A-3,0.15,0.0091,0.3858,0.4,CA-50,simetrica_duas_faces,Venturini,3,A3_w040,019,ManusAI,Especialista,validado,
A-3,0.15,0.1068,0.3916,0.4,CA-50,simetrica_duas_faces,Venturini,3,A3_w040,020,ManusAI,Especialista,validado,
A-3,0.15,0.2045,0.3957,0.4,CA-50,simetrica_duas_faces,Venturini,3,A3_w040,021,ManusAI,Especialista,validado,
A-3,0.15,0.3023,0.3982,0.4,CA-50,simetrica_duas_faces,Venturini,3,A3_w040,022,ManusAI,Especialista,validado,
A-3,0.15,0.4,0.399,0.4,CA-50,simetrica_duas_faces,Venturini,3,A3_w040,023,ManusAI,Especialista,validado,
A-3,0.15,0.4977,0.3982,0.4,CA-50,simetrica_duas_faces,Venturini,3,A3_w040,024,ManusAI,Especialista,validado,
A-3,0.15,0.5955,0.3957,0.4,CA-50,simetrica_duas_faces,Venturini,3,A3_w040,025,ManusAI,Especialista,validado,
A-3,0.15,0.6932,0.3916,0.4,CA-50,simetrica_duas_faces,Venturini,3,A3_w040,026,ManusAI,Especialista,validado,
A-3,0.15,0.7909,0.3858,0.4,CA-50,simetrica_duas_faces,Venturini,3,A3_w040,027,ManusAI,Especialista,validado,
A-3,0.15,0.8886,0.3784,0.4,CA-50,simetrica_duas_faces,Venturini,3,A3_w040,028,ManusAI,Especialista,validado,
A-3,0.15,0.9864,0.3693,0.4,CA-50,simetrica_duas_faces,Venturini,3,A3_w040,029,ManusAI,Especialista,validado,
A-3,0.15,1.0841,0.3586,0.4,CA-50,simetrica_duas_faces,Venturini,3,A3_w040,030,ManusAI,Especialista,validado,
A-3,0.15,1.1818,0.3462,0.4,CA-50,simetrica_duas_faces,Venturini,3,A3_w040,031,ManusAI,Especialista,validado,
A-3,0.15,1.2795,0.3322,0.4,CA-50,simetrica_duas_faces,Venturini,3,A3_w040,032,ManusAI,Especialista,validado,
A-3,0.15,1.3773,0.3166,0.4,CA-50,simetrica_duas_faces,Venturini,3,A3_w040,033,ManusAI,Especialista,validado,
A-3,0.15,1.475,0.2993,0.4,CA-50,simetrica_duas_faces,Venturini,3,A3_w040,034,ManusAI,Especialista,validado,
A-3,0.15,1.5727,0.2803,0.4,CA-50,simetrica_duas_faces,Venturini,3,A3_w040,035,ManusAI,Especialista,validado,
A-3,0.15,1.6705,0.2597,0.4,CA-50,simetrica_duas_faces,Venturini,3,A3_w040,036,ManusAI,Especialista,validado,
A-3,0.15,1.7682,0.2374,0.4,CA-50,simetrica_duas_faces,Venturini,3,A3_w040,037,ManusAI,Especialista,validado,
A-3,0.15,1.8659,0.2135,0.4,CA-50,simetrica_duas_faces,Venturini,3,A3_w040,038,ManusAI,Especialista,validado,
A-3,0.15,1.9636,0.188,0.4,CA-50,simetrica_duas_faces,Venturini,3,A3_w040,039,ManusAI,Especialista,validado,
A-3,0.15,2.0614,0.1608,0.4,CA-50,simetrica_duas_faces,Venturini,3,A3_w040,040,ManusAI,Especialista,validado,
A-3,0.15,2.1591,0.1319,0.4,CA-50,simetrica_duas_faces,Venturini,3,A3_w040,041,ManusAI,Especialista,validado,
A-3,0.15,2.2568,0.1014,0.4,CA-50,simetrica_duas_faces,Venturini,3,A3_w040,042,ManusAI,Especialista,validado,
A-3,0.15,2.3545,0.0692,0.4,CA-50,simetrica_duas_faces,Venturini,3,A3_w040,043,ManusAI,Especialista,validado,
A-3,0.15,2.4523,0.0354,0.4,CA-50,simetrica_duas_faces,Venturini,3,A3_w040,044,ManusAI,Especialista,validado,
A-3,0.15,-1.6523,0.0401,0.5,CA-50,simetrica_duas_faces,Venturini,3,A3_w050,002,ManusAI,Especialista,validado,
A-3,0.15,-1.5545,0.0783,0.5,CA-50,simetrica_duas_faces,Venturini,3,A3_w050,003,ManusAI,Especialista,validado,
A-3,0.15,-1.4568,0.1147,0.5,CA-50,simetrica_duas_faces,Venturini,3,A3_w050,004,ManusAI,Especialista,validado,
A-3,0.15,-1.3591,0.1492,0.5,CA-50,simetrica_duas_faces,Venturini,3,A3_w050,005,ManusAI,Especialista,validado,
A-3,0.15,-1.2614,0.1818,0.5,CA-50,simetrica_duas_faces,Venturini,3,A3_w050,006,ManusAI,Especialista,validado,
A-3,0.15,-1.1636,0.2126,0.5,CA-50,simetrica_duas_faces,Venturini,3,A3_w050,007,ManusAI,Especialista,validado,
A-3,0.15,-1.0659,0.2415,0.5,CA-50,simetrica_duas_faces,Venturini,3,A3_w050,008,ManusAI,Especialista,validado,
A-3,0.15,-0.9682,0.2685,0.5,CA-50,simetrica_duas_faces,Venturini,3,A3_w050,009,ManusAI,Especialista,validado,
A-3,0.15,-0.8705,0.2937,0.5,CA-50,simetrica_duas_faces,Venturini,3,A3_w050,010,ManusAI,Especialista,validado,
A-3,0.15,-0.7727,0.317,0.5,CA-50,simetrica_duas_faces,Venturini,3,A3_w050,011,ManusAI,Especialista,validado,
A-3,0.15,-0.675,0.3384,0.5,CA-50,simetrica_duas_faces,Venturini,3,A3_w050,012,ManusAI,Especialista,validado,
A-3,0.15,-0.5773,0.358,0.5,CA-50,simetrica_duas_faces,Venturini,3,A3_w050,013,ManusAI,Especialista,validado,
A-3,0.15,-0.4795,0.3757,0.5,CA-50,simetrica_duas_faces,Venturini,3,A3_w050,014,ManusAI,Especialista,validado,
A-3,0.15,-0.3818,0.3916,0.5,CA-50,simetrica_duas_faces,Venturini,3,A3_w050,015,ManusAI,Especialista,validado,
A-3,0.15,-0.2841,0.4056,0.5,CA-50,simetrica_duas_faces,Venturini,3,A3_w050,016,ManusAI,Especialista,validado,
A-3,0.15,-0.1864,0.4177,0.5,CA-50,simetrica_duas_faces,Venturini,3,A3_w050,017,ManusAI,Especialista,validado,
A-3,0.15,-0.0886,0.4279,0.5,CA-50,simetrica_duas_faces,Venturini,3,A3_w050,018,ManusAI,Especialista,validado,
A-3,0.15,0.0091,0.4363,0.5,CA-50,simetrica_duas_faces,Venturini,3,A3_w050,019,ManusAI,Especialista,validado,
A-3,0.15,0.1068,0.4429,0.5,CA-50,simetrica_duas_faces,Venturini,3,A3_w050,020,ManusAI,Especialista,validado,
A-3,0.15,0.2045,0.4475,0.5,CA-50,simetrica_duas_faces,Venturini,3,A3_w050,021,ManusAI,Especialista,validado,
A-3,0.15,0.3023,0.4503,0.5,CA-50,simetrica_duas_faces,Venturini,3,A3_w050,022,ManusAI,Especialista,validado,
A-3,0.15,0.4,0.4512,0.5,CA-50,simetrica_duas_faces,Venturini,3,A3_w050,023,ManusAI,Especialista,validado,
A-3,0.15,0.4977,0.4503,0.5,CA-50,simetrica_duas_faces,Venturini,3,A3_w050,024,ManusAI,Especialista,validado,
A-3,0.15,0.5955,0.4475,0.5,CA-50,simetrica_duas_faces,Venturini,3,A3_w050,025,ManusAI,Especialista,validado,
A-3,0.15,0.6932,0.4429,0.5,CA-50,simetrica_duas_faces,Venturini,3,A3_w050,026,ManusAI,Especialista,validado,
A-3,0.15,0.7909,0.4363,0.5,CA-50,simetrica_duas_faces,Venturini,3,A3_w050,027,ManusAI,Especialista,validado,
A-3,0.15,0.8886,0.4279,0.5,CA-50,simetrica_duas_faces,Venturini,3,A3_w050,028,ManusAI,Especialista,validado,
A-3,0.15,0.9864,0.4177,0.5,CA-50,simetrica_duas_faces,Venturini,3,A3_w050,029,ManusAI,Especialista,validado,
A-3,0.15,1.0841,0.4056,0.5,CA-50,simetrica_duas_faces,Venturini,3,A3_w050,030,ManusAI,Especialista,validado,
A-3,0.15,1.1818,0.3916,0.5,CA-50,simetrica_duas_faces,Venturini,3,A3_w050,031,ManusAI,Especialista,validado,
A-3,0.15,1.2795,0.3757,0.5,CA-50,simetrica_duas_faces,Venturini,3,A3_w050,032,ManusAI,Especialista,validado,
A-3,0.15,1.3773,0.358,0.5,CA-50,simetrica_duas_faces,Venturini,3,A3_w050,033,ManusAI,Especialista,validado,
A-3,0.15,1.475,0.3384,0.5,CA-50,simetrica_duas_faces,Venturini,3,A3_w050,034,ManusAI,Especialista,validado,
A-3,0.15,1.5727,0.317,0.5,CA-50,simetrica_duas_faces,Venturini,3,A3_w050,035,ManusAI,Especialista,validado,
A-3,0.15,1.6705,0.2937,0.5,CA-50,simetrica_duas_faces,Venturini,3,A3_w050,036,ManusAI,Especialista,validado,
A-3,0.15,1.7682,0.2685,0.5,CA-50,simetrica_duas_faces,Venturini,3,A3_w050,037,ManusAI,Especialista,validado,
A-3,0.15,1.8659,0.2415,0.5,CA-50,simetrica_duas_faces,Venturini,3,A3_w050,038,ManusAI,Especialista,validado,
A-3,0.15,1.9636,0.2126,0.5,CA-50,simetrica_duas_faces,Venturini,3,A3_w050,039,ManusAI,Especialista,validado,
A-3,0.15,2.0614,0.1818,0.5,CA-50,simetrica_duas_faces,Venturini,3,A3_w050,040,ManusAI,Especialista,validado,
A-3,0.15,2.1591,0.1492,0.5,CA-50,simetrica_duas_faces,Venturini,3,A3_w050,041,ManusAI,Especialista,validado,
A-3,0.15,2.2568,0.1147,0.5,CA-50,simetrica_duas_faces,Venturini,3,A3_w050,042,ManusAI,Especialista,validado,
A-3,0.15,2.3545,0.0783,0.5,CA-50,simetrica_duas_faces,Venturini,3,A3_w050,043,ManusAI,Especialista,validado,
A-3,0.15,2.4523,0.0401,0.5,CA-50,simetrica_duas_faces,Venturini,3,A3_w050,044,ManusAI,Especialista,validado,
A-3,0.15,-1.6523,0.0447,0.6,CA-50,simetrica_duas_faces,Venturini,3,A3_w060,002,ManusAI,Especialista,validado,
A-3,0.15,-1.5545,0.0874,0.6,CA-50,simetrica_duas_faces,Venturini,3,A3_w060,003,ManusAI,Especialista,validado,
A-3,0.15,-1.4568,0.128,0.6,CA-50,simetrica_duas_faces,Venturini,3,A3_w060,004,ManusAI,Especialista,validado,
A-3,0.15,-1.3591,0.1664,0.6,CA-50,simetrica_duas_faces,Venturini,3,A3_w060,005,ManusAI,Especialista,validado,
A-3,0.15,-1.2614,0.2029,0.6,CA-50,simetrica_duas_faces,Venturini,3,A3_w060,006,ManusAI,Especialista,validado,
A-3,0.15,-1.1636,0.2372,0.6,CA-50,simetrica_duas_faces,Venturini,3,A3_w060,007,ManusAI,Especialista,validado,
A-3,0.15,-1.0659,0.2694,0.6,CA-50,simetrica_duas_faces,Venturini,3,A3_w060,008,ManusAI,Especialista,validado,
A-3,0.15,-0.9682,0.2996,0.6,CA-50,simetrica_duas_faces,Venturini,3,A3_w060,009,ManusAI,Especialista,validado,
A-3,0.15,-0.8705,0.3277,0.6,CA-50,simetrica_duas_faces,Venturini,3,A3_w060,010,ManusAI,Especialista,validado,
A-3,0.15,-0.7727,0.3537,0.6,CA-50,simetrica_duas_faces,Venturini,3,A3_w060,011,ManusAI,Especialista,validado,
A-3,0.15,-0.675,0.3776,0.6,CA-50,simetrica_duas_faces,Venturini,3,A3_w060,012,ManusAI,Especialista,validado,
A-3,0.15,-0.5773,0.3995,0.6,CA-50,simetrica_duas_faces,Venturini,3,A3_w060,013,ManusAI,Especialista,validado,
A-3,0.15,-0.4795,0.4192,0.6,CA-50,simetrica_duas_faces,Venturini,3,A3_w060,014,ManusAI,Especialista,validado,
A-3,0.15,-0.3818,0.4369,0.6,CA-50,simetrica_duas_faces,Venturini,3,A3_w060,015,ManusAI,Especialista,validado,
A-3,0.15,-0.2841,0.4525,0.6,CA-50,simetrica_duas_faces,Venturini,3,A3_w060,016,ManusAI,Especialista,validado,
A-3,0.15,-0.1864,0.466,0.6,CA-50,simetrica_duas_faces,Venturini,3,A3_w060,017,ManusAI,Especialista,validado,
A-3,0.15,-0.0886,0.4775,0.6,CA-50,simetrica_duas_faces,Venturini,3,A3_w060,018,ManusAI,Especialista,validado,
A-3,0.15,0.0091,0.4869,0.6,CA-50,simetrica_duas_faces,Venturini,3,A3_w060,019,ManusAI,Especialista,validado,
A-3,0.15,0.1068,0.4941,0.6,CA-50,simetrica_duas_faces,Venturini,3,A3_w060,020,ManusAI,Especialista,validado,
A-3,0.15,0.2045,0.4993,0.6,CA-50,simetrica_duas_faces,Venturini,3,A3_w060,021,ManusAI,Especialista,validado,
A-3,0.15,0.3023,0.5025,0.6,CA-50,simetrica_duas_faces,Venturini,3,A3_w060,022,ManusAI,Especialista,validado,
A-3,0.15,0.4,0.5035,0.6,CA-50,simetrica_duas_faces,Venturini,3,A3_w060,023,ManusAI,Especialista,validado,
A-3,0.15,0.4977,0.5025,0.6,CA-50,simetrica_duas_faces,Venturini,3,A3_w060,024,ManusAI,Especialista,validado,
A-3,0.15,0.5955,0.4993,0.6,CA-50,simetrica_duas_faces,Venturini,3,A3_w060,025,ManusAI,Especialista,validado,
A-3,0.15,0.6932,0.4941,0.6,CA-50,simetrica_duas_faces,Venturini,3,A3_w060,026,ManusAI,Especialista,validado,
A-3,0.15,0.7909,0.4869,0.6,CA-50,simetrica_duas_faces,Venturini,3,A3_w060,027,ManusAI,Especialista,validado,
A-3,0.15,0.8886,0.4775,0.6,CA-50,simetrica_duas_faces,Venturini,3,A3_w060,028,ManusAI,Especialista,validado,
A-3,0.15,0.9864,0.466,0.6,CA-50,simetrica_duas_faces,Venturini,3,A3_w060,029,ManusAI,Especialista,validado,
A-3,0.15,1.0841,0.4525,0.6,CA-50,simetrica_duas_faces,Venturini,3,A3_w060,030,ManusAI,Especialista,validado,
A-3,0.15,1.1818,0.4369,0.6,CA-50,simetrica_duas_faces,Venturini,3,A3_w060,031,ManusAI,Especialista,validado,
A-3,0.15,1.2795,0.4192,0.6,CA-50,simetrica_duas_faces,Venturini,3,A3_w060,032,ManusAI,Especialista,validado,
A-3,0.15,1.3773,0.3995,0.6,CA-50,simetrica_duas_faces,Venturini,3,A3_w060,033,ManusAI,Especialista,validado,
A-3,0.15,1.475,0.3776,0.6,CA-50,simetrica_duas_faces,Venturini,3,A3_w060,034,ManusAI,Especialista,validado,
A-3,0.15,1.5727,0.3537,0.6,CA-50,simetrica_duas_faces,Venturini,3,A3_w060,035,ManusAI,Especialista,validado,
A-3,0.15,1.6705,0.3277,0.6,CA-50,simetrica_duas_faces,Venturini,3,A3_w060,036,ManusAI,Especialista,validado,
A-3,0.15,1.7682,0.2996,0.6,CA-50,simetrica_duas_faces,Venturini,3,A3_w060,037,ManusAI,Especialista,validado,
A-3,0.15,1.8659,0.2694,0.6,CA-50,simetrica_duas_faces,Venturini,3,A3_w060,038,ManusAI,Especialista,validado,
A-3,0.15,1.9636,0.2372,0.6,CA-50,simetrica_duas_faces,Venturini,3,A3_w060,039,ManusAI,Especialista,validado,
A-3,0.15,2.0614,0.2029,0.6,CA-50,simetrica_duas_faces,Venturini,3,A3_w060,040,ManusAI,Especialista,validado,
A-3,0.15,2.1591,0.1664,0.6,CA-50,simetrica_duas_faces,Venturini,3,A3_w060,041,ManusAI,Especialista,validado,
A-3,0.15,2.2568,0.128,0.6,CA-50,simetrica_duas_faces,Venturini,3,A3_w060,042,ManusAI,Especialista,validado,
A-3,0.15,2.3545,0.0874,0.6,CA-50,simetrica_duas_faces,Venturini,3,A3_w060,043,ManusAI,Especialista,validado,
A-3,0.15,2.4523,0.0447,0.6,CA-50,simetrica_duas_faces,Venturini,3,A3_w060,044,ManusAI,Especialista,validado,
A-3,0.15,-1.6523,0.0494,0.7,CA-50,simetrica_duas_faces,Venturini,3,A3_w070,002,ManusAI,Especialista,validado,
A-3,0.15,-1.5545,0.0965,0.7,CA-50,simetrica_duas_faces,Venturini,3,A3_w070,003,ManusAI,Especialista,validado,
A-3,0.15,-1.4568,0.1412,0.7,CA-50,simetrica_duas_faces,Venturini,3,A3_w070,004,ManusAI,Especialista,validado,
A-3,0.15,-1.3591,0.1837,0.7,CA-50,simetrica_duas_faces,Venturini,3,A3_w070,005,ManusAI,Especialista,validado,
A-3,0.15,-1.2614,0.2239,0.7,CA-50,simetrica_duas_faces,Venturini,3,A3_w070,006,ManusAI,Especialista,validado,
A-3,0.15,-1.1636,0.2618,0.7,CA-50,simetrica_duas_faces,Venturini,3,A3_w070,007,ManusAI,Especialista,validado,
A-3,0.15,-1.0659,0.2974,0.7,CA-50,simetrica_duas_faces,Venturini,3,A3_w070,008,ManusAI,Especialista,validado,
A-3,0.15,-0.9682,0.3307,0.7,CA-50,simetrica_duas_faces,Venturini,3,A3_w070,009,ManusAI,Especialista,validado,
A-3,0.15,-0.8705,0.3617,0.7,CA-50,simetrica_duas_faces,Venturini,3,A3_w070,010,ManusAI,Especialista,validado,
A-3,0.15,-0.7727,0.3904,0.7,CA-50,simetrica_duas_faces,Venturini,3,A3_w070,011,ManusAI,Especialista,validado,
A-3,0.15,-0.675,0.4168,0.7,CA-50,simetrica_duas_faces,Venturini,3,A3_w070,012,ManusAI,Especialista,validado,
A-3,0.15,-0.5773,0.4409,0.7,CA-50,simetrica_duas_faces,Venturini,3,A3_w070,013,ManusAI,Especialista,validado,
A-3,0.15,-0.4795,0.4627,0.7,CA-50,simetrica_duas_faces,Venturini,3,A3_w070,014,ManusAI,Especialista,validado,
A-3,0.15,-0.3818,0.4823,0.7,CA-50,simetrica_duas_faces,Venturini,3,A3_w070,015,ManusAI,Especialista,validado,
A-3,0.15,-0.2841,0.4995,0.7,CA-50,simetrica_duas_faces,Venturini,3,A3_w070,016,ManusAI,Especialista,validado,
A-3,0.15,-0.1864,0.5144,0.7,CA-50,simetrica_duas_faces,Venturini,3,A3_w070,017,ManusAI,Especialista,validado,
A-3,0.15,-0.0886,0.527,0.7,CA-50,simetrica_duas_faces,Venturini,3,A3_w070,018,ManusAI,Especialista,validado,
A-3,0.15,0.0091,0.5374,0.7,CA-50,simetrica_duas_faces,Venturini,3,A3_w070,019,ManusAI,Especialista,validado,
A-3,0.15,0.1068,0.5454,0.7,CA-50,simetrica_duas_faces,Venturini,3,A3_w070,020,ManusAI,Especialista,validado,
A-3,0.15,0.2045,0.5512,0.7,CA-50,simetrica_duas_faces,Venturini,3,A3_w070,021,ManusAI,Especialista,validado,
A-3,0.15,0.3023,0.5546,0.7,CA-50,simetrica_duas_faces,Venturini,3,A3_w070,022,ManusAI,Especialista,validado,
A-3,0.15,0.4,0.5558,0.7,CA-50,simetrica_duas_faces,Venturini,3,A3_w070,023,ManusAI,Especialista,validado,
A-3,0.15,0.4977,0.5546,0.7,CA-50,simetrica_duas_faces,Venturini,3,A3_w070,024,ManusAI,Especialista,validado,
A-3,0.15,0.5955,0.5512,0.7,CA-50,simetrica_duas_faces,Venturini,3,A3_w070,025,ManusAI,Especialista,validado,
A-3,0.15,0.6932,0.5454,0.7,CA-50,simetrica_duas_faces,Venturini,3,A3_w070,026,ManusAI,Especialista,validado,
A-3,0.15,0.7909,0.5374,0.7,CA-50,simetrica_duas_faces,Venturini,3,A3_w070,027,ManusAI,Especialista,validado,
A-3,0.15,0.8886,0.527,0.7,CA-50,simetrica_duas_faces,Venturini,3,A3_w070,028,ManusAI,Especialista,validado,
A-3,0.15,0.9864,0.5144,0.7,CA-50,simetrica_duas_faces,Venturini,3,A3_w070,029,ManusAI,Especialista,validado,
A-3,0.15,1.0841,0.4995,0.7,CA-50,simetrica_duas_faces,Venturini,3,A3_w070,030,ManusAI,Especialista,validado,
A-3,0.15,1.1818,0.4823,0.7,CA-50,simetrica_duas_faces,Venturini,3,A3_w070,031,ManusAI,Especialista,validado,
A-3,0.15,1.2795,0.4627,0.7,CA-50,simetrica_duas_faces,Venturini,3,A3_w070,032,ManusAI,Especialista,validado,
A-3,0.15,1.3773,0.4409,0.7,CA-50,simetrica_duas_faces,Venturini,3,A3_w070,033,ManusAI,Especialista,validado,
A-3,0.15,1.475,0.4168,0.7,CA-50,simetrica_duas_faces,Venturini,3,A3_w070,034,ManusAI,Especialista,validado,
A-3,0.15,1.5727,0.3904,0.7,CA-50,simetrica_duas_faces,Venturini,3,A3_w070,035,ManusAI,Especialista,validado,
A-3,0.15,1.6705,0.3617,0.7,CA-50,simetrica_duas_faces,Venturini,3,A3_w070,036,ManusAI,Especialista,validado,
A-3,0.15,1.7682,0.3307,0.7,CA-50,simetrica_duas_faces,Venturini,3,A3_w070,037,ManusAI,Especialista,validado,
A-3,0.15,1.8659,0.2974,0.7,CA-50,simetrica_duas_faces,Venturini,3,A3_w070,038,ManusAI,Especialista,validado,
A-3,0.15,1.9636,0.2618,0.7,CA-50,simetrica_duas_faces,Venturini,3,A3_w070,039,ManusAI,Especialista,validado,
A-3,0.15,2.0614,0.2239,0.7,CA-50,simetrica_duas_faces,Venturini,3,A3_w070,040,ManusAI,Especialista,validado,
A-3,0.15,2.1591,0.1837,0.7,CA-50,simetrica_duas_faces,Venturini,3,A3_w070,041,ManusAI,Especialista,validado,
A-3,0.15,2.2568,0.1412,0.7,CA-50,simetrica_duas_faces,Venturini,3,A3_w070,042,ManusAI,Especialista,validado,
A-3,0.15,2.3545,0.0965,0.7,CA-50,simetrica_duas_faces,Venturini,3,A3_w070,043,ManusAI,Especialista,validado,
A-3,0.15,2.4523,0.0494,0.7,CA-50,simetrica_duas_faces,Venturini,3,A3_w070,044,ManusAI,Especialista,validado,
A-3,0.15,-1.6523,0.054,0.8,CA-50,simetrica_duas_faces,Venturini,3,A3_w080,002,ManusAI,Especialista,validado,
A-3,0.15,-1.5545,0.1055,0.8,CA-50,simetrica_duas_faces,Venturini,3,A3_w080,003,ManusAI,Especialista,validado,
A-3,0.15,-1.4568,0.1545,0.8,CA-50,simetrica_duas_faces,Venturini,3,A3_w080,004,ManusAI,Especialista,validado,
A-3,0.15,-1.3591,0.201,0.8,CA-50,simetrica_duas_faces,Venturini,3,A3_w080,005,ManusAI,Especialista,validado,
A-3,0.15,-1.2614,0.245,0.8,CA-50,simetrica_duas_faces,Venturini,3,A3_w080,006,ManusAI,Especialista,validado,
A-3,0.15,-1.1636,0.2864,0.8,CA-50,simetrica_duas_faces,Venturini,3,A3_w080,007,ManusAI,Especialista,validado,
A-3,0.15,-1.0659,0.3254,0.8,CA-50,simetrica_duas_faces,Venturini,3,A3_w080,008,ManusAI,Especialista,validado,
A-3,0.15,-0.9682,0.3618,0.8,CA-50,simetrica_duas_faces,Venturini,3,A3_w080,009,ManusAI,Especialista,validado,
A-3,0.15,-0.8705,0.3957,0.8,CA-50,simetrica_duas_faces,Venturini,3,A3_w080,010,ManusAI,Especialista,validado,
A-3,0.15,-0.7727,0.4271,0.8,CA-50,simetrica_duas_faces,Venturini,3,A3_w080,011,ManusAI,Especialista,validado,
A-3,0.15,-0.675,0.456,0.8,CA-50,simetrica_duas_faces,Venturini,3,A3_w080,012,ManusAI,Especialista,validado,
A-3,0.15,-0.5773,0.4824,0.8,CA-50,simetrica_duas_faces,Venturini,3,A3_w080,013,ManusAI,Especialista,validado,
A-3,0.15,-0.4795,0.5062,0.8,CA-50,simetrica_duas_faces,Venturini,3,A3_w080,014,ManusAI,Especialista,validado,
A-3,0.15,-0.3818,0.5276,0.8,CA-50,simetrica_duas_faces,Venturini,3,A3_w080,015,ManusAI,Especialista,validado,
A-3,0.15,-0.2841,0.5464,0.8,CA-50,simetrica_duas_faces,Venturini,3,A3_w080,016,ManusAI,Especialista,validado,
A-3,0.15,-0.1864,0.5628,0.8,CA-50,simetrica_duas_faces,Venturini,3,A3_w080,017,ManusAI,Especialista,validado,
A-3,0.15,-0.0886,0.5766,0.8,CA-50,simetrica_duas_faces,Venturini,3,A3_w080,018,ManusAI,Especialista,validado,
A-3,0.15,0.0091,0.5879,0.8,CA-50,simetrica_duas_faces,Venturini,3,A3_w080,019,ManusAI,Especialista,validado,
A-3,0.15,0.1068,0.5967,0.8,CA-50,simetrica_duas_faces,Venturini,3,A3_w080,020,ManusAI,Especialista,validado,
A-3,0.15,0.2045,0.603,0.8,CA-50,simetrica_duas_faces,Venturini,3,A3_w080,021,ManusAI,Especialista,validado,
A-3,0.15,0.3023,0.6067,0.8,CA-50,simetrica_duas_faces,Venturini,3,A3_w080,022,ManusAI,Especialista,validado,
A-3,0.15,0.4,0.608,0.8,CA-50,simetrica_duas_faces,Venturini,3,A3_w080,023,ManusAI,Especialista,validado,
A-3,0.15,0.4977,0.6067,0.8,CA-50,simetrica_duas_faces,Venturini,3,A3_w080,024,ManusAI,Especialista,validado,
A-3,0.15,0.5955,0.603,0.8,CA-50,simetrica_duas_faces,Venturini,3,A3_w080,025,ManusAI,Especialista,validado,
A-3,0.15,0.6932,0.5967,0.8,CA-50,simetrica_duas_faces,Venturini,3,A3_w080,026,ManusAI,Especialista,validado,
A-3,0.15,0.7909,0.5879,0.8,CA-50,simetrica_duas_faces,Venturini,3,A3_w080,027,ManusAI,Especialista,validado,
A-3,0.15,0.8886,0.5766,0.8,CA-50,simetrica_duas_faces,Venturini,3,A3_w080,028,ManusAI,Especialista,validado,
A-3,0.15,0.9864,0.5628,0.8,CA-50,simetrica_duas_faces,Venturini,3,A3_w080,029,ManusAI,Especialista,validado,
A-3,0.15,1.0841,0.5464,0.8,CA-50,simetrica_duas_faces,Venturini,3,A3_w080,030,ManusAI,Especialista,validado,
A-3,0.15,1.1818,0.5276,0.8,CA-50,simetrica_duas_faces,Venturini,3,A3_w080,031,ManusAI,Especialista,validado,
A-3,0.15,1.2795,0.5062,0.8,CA-50,simetrica_duas_faces,Venturini,3,A3_w080,032,ManusAI,Especialista,validado,
A-3,0.15,1.3773,0.4824,0.8,CA-50,simetrica_duas_faces,Venturini,3,A3_w080,033,ManusAI,Especialista,validado,
A-3,0.15,1.475,0.456,0.8,CA-50,simetrica_duas_faces,Venturini,3,A3_w080,034,ManusAI,Especialista,validado,
A-3,0.15,1.5727,0.4271,0.8,CA-50,simetrica_duas_faces,Venturini,3,A3_w080,035,ManusAI,Especialista,validado,
A-3,0.15,1.6705,0.3957,0.8,CA-50,simetrica_duas_faces,Venturini,3,A3_w080,036,ManusAI,Especialista,validado,
A-3,0.15,1.7682,0.3618,0.8,CA-50,simetrica_duas_faces,Venturini,3,A3_w080,037,ManusAI,Especialista,validado,
A-3,0.15,1.8659,0.3254,0.8,CA-50,simetrica_duas_faces,Venturini,3,A3_w080,038,ManusAI,Especialista,validado,
A-3,0.15,1.9636,0.2864,0.8,CA-50,simetrica_duas_faces,Venturini,3,A3_w080,039,ManusAI,Especialista,validado,
A-3,0.15,2.0614,0.245,0.8,CA-50,simetrica_duas_faces,Venturini,3,A3_w080,040,ManusAI,Especialista,validado,
A-3,0.15,2.1591,0.201,0.8,CA-50,simetrica_duas_faces,Venturini,3,A3_w080,041,ManusAI,Especialista,validado,
A-3,0.15,2.2568,0.1545,0.8,CA-50,simetrica_duas_faces,Venturini,3,A3_w080,042,ManusAI,Especialista,validado,
A-3,0.15,2.3545,0.1055,0.8,CA-50,simetrica_duas_faces,Venturini,3,A3_w080,043,ManusAI,Especialista,validado,
A-3,0.15,2.4523,0.054,0.8,CA-50,simetrica_duas_faces,Venturini,3,A3_w080,044,ManusAI,Especialista,validado,
A-3,0.15,-1.6523,0.0587,0.9,CA-50,simetrica_duas_faces,Venturini,3,A3_w090,002,ManusAI,Especialista,validado,
A-3,0.15,-1.5545,0.1146,0.9,CA-50,simetrica_duas_faces,Venturini,3,A3_w090,003,ManusAI,Especialista,validado,
A-3,0.15,-1.4568,0.1678,0.9,CA-50,simetrica_duas_faces,Venturini,3,A3_w090,004,ManusAI,Especialista,validado,
A-3,0.15,-1.3591,0.2183,0.9,CA-50,simetrica_duas_faces,Venturini,3,A3_w090,005,ManusAI,Especialista,validado,
A-3,0.15,-1.2614,0.266,0.9,CA-50,simetrica_duas_faces,Venturini,3,A3_w090,006,ManusAI,Especialista,validado,
A-3,0.15,-1.1636,0.311,0.9,CA-50,simetrica_duas_faces,Venturini,3,A3_w090,007,ManusAI,Especialista,validado,
A-3,0.15,-1.0659,0.3533,0.9,CA-50,simetrica_duas_faces,Venturini,3,A3_w090,008,ManusAI,Especialista,validado,
A-3,0.15,-0.9682,0.3929,0.9,CA-50,simetrica_duas_faces,Venturini,3,A3_w090,009,ManusAI,Especialista,validado,
A-3,0.15,-0.8705,0.4297,0.9,CA-50,simetrica_duas_faces,Venturini,3,A3_w090,010,ManusAI,Especialista,validado,
A-3,0.15,-0.7727,0.4638,0.9,CA-50,simetrica_duas_faces,Venturini,3,A3_w090,011,ManusAI,Especialista,validado,
A-3,0.15,-0.675,0.4952,0.9,CA-50,simetrica_duas_faces,Venturini,3,A3_w090,012,ManusAI,Especialista,validado,
A-3,0.15,-0.5773,0.5238,0.9,CA-50,simetrica_duas_faces,Venturini,3,A3_w090,013,ManusAI,Especialista,validado,
A-3,0.15,-0.4795,0.5498,0.9,CA-50,simetrica_duas_faces,Venturini,3,A3_w090,014,ManusAI,Especialista,validado,
A-3,0.15,-0.3818,0.5729,0.9,CA-50,simetrica_duas_faces,Venturini,3,A3_w090,015,ManusAI,Especialista,validado,
A-3,0.15,-0.2841,0.5934,0.9,CA-50,simetrica_duas_faces,Venturini,3,A3_w090,016,ManusAI,Especialista,validado,
A-3,0.15,-0.1864,0.6111,0.9,CA-50,simetrica_duas_faces,Venturini,3,A3_w090,017,ManusAI,Especialista,validado,
A-3,0.15,-0.0886,0.6261,0.9,CA-50,simetrica_duas_faces,Venturini,3,A3_w090,018,ManusAI,Especialista,validado,
A-3,0.15,0.0091,0.6384,0.9,CA-50,simetrica_duas_faces,Venturini,3,A3_w090,019,ManusAI,Especialista,validado,
A-3,0.15,0.1068,0.648,0.9,CA-50,simetrica_duas_faces,Venturini,3,A3_w090,020,ManusAI,Especialista,validado,
A-3,0.15,0.2045,0.6548,0.9,CA-50,simetrica_duas_faces,Venturini,3,A3_w090,021,ManusAI,Especialista,validado,
A-3,0.15,0.3023,0.6589,0.9,CA-50,simetrica_duas_faces,Venturini,3,A3_w090,022,ManusAI,Especialista,validado,
A-3,0.15,0.4,0.6602,0.9,CA-50,simetrica_duas_faces,Venturini,3,A3_w090,023,ManusAI,Especialista,validado,
A-3,0.15,0.4977,0.6589,0.9,CA-50,simetrica_duas_faces,Venturini,3,A3_w090,024,ManusAI,Especialista,validado,
A-3,0.15,0.5955,0.6548,0.9,CA-50,simetrica_duas_faces,Venturini,3,A3_w090,025,ManusAI,Especialista,validado,
A-3,0.15,0.6932,0.648,0.9,CA-50,simetrica_duas_faces,Venturini,3,A3_w090,026,ManusAI,Especialista,validado,
A-3,0.15,0.7909,0.6384,0.9,CA-50,simetrica_duas_faces,Venturini,3,A3_w090,027,ManusAI,Especialista,validado,
A-3,0.15,0.8886,0.6261,0.9,CA-50,simetrica_duas_faces,Venturini,3,A3_w090,028,ManusAI,Especialista,validado,
A-3,0.15,0.9864,0.6111,0.9,CA-50,simetrica_duas_faces,Venturini,3,A3_w090,029,ManusAI,Especialista,validado,
A-3,0.15,1.0841,0.5934,0.9,CA-50,simetrica_duas_faces,Venturini,3,A3_w090,030,ManusAI,Especialista,validado,
A-3,0.15,1.1818,0.5729,0.9,CA-50,simetrica_duas_faces,Venturini,3,A3_w090,031,ManusAI,Especialista,validado,
A-3,0.15,1.2795,0.5498,0.9,CA-50,simetrica_duas_faces,Venturini,3,A3_w090,032,ManusAI,Especialista,validado,
A-3,0.15,1.3773,0.5238,0.9,CA-50,simetrica_duas_faces,Venturini,3,A3_w090,033,ManusAI,Especialista,validado,
A-3,0.15,1.475,0.4952,0.9,CA-50,simetrica_duas_faces,Venturini,3,A3_w090,034,ManusAI,Especialista,validado,
A-3,0.15,1.5727,0.4638,0.9,CA-50,simetrica_duas_faces,Venturini,3,A3_w090,035,ManusAI,Especialista,validado,
A-3,0.15,1.6705,0.4297,0.9,CA-50,simetrica_duas_faces,Venturini,3,A3_w090,036,ManusAI,Especialista,validado,
A-3,0.15,1.7682,0.3929,0.9,CA-50,simetrica_duas_faces,Venturini,3,A3_w090,037,ManusAI,Especialista,validado,
A-3,0.15,1.8659,0.3533,0.9,CA-50,simetrica_duas_faces,Venturini,3,A3_w090,038,ManusAI,Especialista,validado,
A-3,0.15,1.9636,0.311,0.9,CA-50,simetrica_duas_faces,Venturini,3,A3_w090,039,ManusAI,Especialista,validado,
A-3,0.15,2.0614,0.266,0.9,CA-50,simetrica_duas_faces,Venturini,3,A3_w090,040,ManusAI,Especialista,validado,
A-3,0.15,2.1591,0.2183,0.9,CA-50,simetrica_duas_faces,Venturini,3,A3_w090,041,ManusAI,Especialista,validado,
A-3,0.15,2.2568,0.1678,0.9,CA-50,simetrica_duas_faces,Venturini,3,A3_w090,042,ManusAI,Especialista,validado,
A-3,0.15,2.3545,0.1146,0.9,CA-50,simetrica_duas_faces,Venturini,3,A3_w090,043,ManusAI,Especialista,validado,
A-3,0.15,2.4523,0.0587,0.9,CA-50,simetrica_duas_faces,Venturini,3,A3_w090,044,ManusAI,Especialista,validado,
A-3,0.15,-1.6523,0.0633,1.0,CA-50,simetrica_duas_faces,Venturini,3,A3_w100,002,ManusAI,Especialista,validado,
A-3,0.15,-1.5545,0.1237,1.0,CA-50,simetrica_duas_faces,Venturini,3,A3_w100,003,ManusAI,Especialista,validado,
A-3,0.15,-1.4568,0.1811,1.0,CA-50,simetrica_duas_faces,Venturini,3,A3_w100,004,ManusAI,Especialista,validado,
A-3,0.15,-1.3591,0.2355,1.0,CA-50,simetrica_duas_faces,Venturini,3,A3_w100,005,ManusAI,Especialista,validado,
A-3,0.15,-1.2614,0.2871,1.0,CA-50,simetrica_duas_faces,Venturini,3,A3_w100,006,ManusAI,Especialista,validado,
A-3,0.15,-1.1636,0.3356,1.0,CA-50,simetrica_duas_faces,Venturini,3,A3_w100,007,ManusAI,Especialista,validado,
A-3,0.15,-1.0659,0.3813,1.0,CA-50,simetrica_duas_faces,Venturini,3,A3_w100,008,ManusAI,Especialista,validado,
A-3,0.15,-0.9682,0.424,1.0,CA-50,simetrica_duas_faces,Venturini,3,A3_w100,009,ManusAI,Especialista,validado,
A-3,0.15,-0.8705,0.4637,1.0,CA-50,simetrica_duas_faces,Venturini,3,A3_w100,010,ManusAI,Especialista,validado,
A-3,0.15,-0.7727,0.5005,1.0,CA-50,simetrica_duas_faces,Venturini,3,A3_w100,011,ManusAI,Especialista,validado,
A-3,0.15,-0.675,0.5344,1.0,CA-50,simetrica_duas_faces,Venturini,3,A3_w100,012,ManusAI,Especialista,validado,
A-3,0.15,-0.5773,0.5653,1.0,CA-50,simetrica_duas_faces,Venturini,3,A3_w100,013,ManusAI,Especialista,validado,
A-3,0.15,-0.4795,0.5933,1.0,CA-50,simetrica_duas_faces,Venturini,3,A3_w100,014,ManusAI,Especialista,validado,
A-3,0.15,-0.3818,0.6183,1.0,CA-50,simetrica_duas_faces,Venturini,3,A3_w100,015,ManusAI,Especialista,validado,
A-3,0.15,-0.2841,0.6404,1.0,CA-50,simetrica_duas_faces,Venturini,3,A3_w100,016,ManusAI,Especialista,validado,
A-3,0.15,-0.1864,0.6595,1.0,CA-50,simetrica_duas_faces,Venturini,3,A3_w100,017,ManusAI,Especialista,validado,
A-3,0.15,-0.0886,0.6757,1.0,CA-50,simetrica_duas_faces,Venturini,3,A3_w100,018,ManusAI,Especialista,validado,
A-3,0.15,0.0091,0.6889,1.0,CA-50,simetrica_duas_faces,Venturini,3,A3_w100,019,ManusAI,Especialista,validado,
A-3,0.15,0.1068,0.6993,1.0,CA-50,simetrica_duas_faces,Venturini,3,A3_w100,020,ManusAI,Especialista,validado,
A-3,0.15,0.2045,0.7066,1.0,CA-50,simetrica_duas_faces,Venturini,3,A3_w100,021,ManusAI,Especialista,validado,
A-3,0.15,0.3023,0.711,1.0,CA-50,simetrica_duas_faces,Venturini,3,A3_w100,022,ManusAI,Especialista,validado,
A-3,0.15,0.4,0.7125,1.0,CA-50,simetrica_duas_faces,Venturini,3,A3_w100,023,ManusAI,Especialista,validado,
A-3,0.15,0.4977,0.711,1.0,CA-50,simetrica_duas_faces,Venturini,3,A3_w100,024,ManusAI,Especialista,validado,
A-3,0.15,0.5955,0.7066,1.0,CA-50,simetrica_duas_faces,Venturini,3,A3_w100,025,ManusAI,Especialista,validado,
A-3,0.15,0.6932,0.6993,1.0,CA-50,simetrica_duas_faces,Venturini,3,A3_w100,026,ManusAI,Especialista,validado,
A-3,0.15,0.7909,0.6889,1.0,CA-50,simetrica_duas_faces,Venturini,3,A3_w100,027,ManusAI,Especialista,validado,
A-3,0.15,0.8886,0.6757,1.0,CA-50,simetrica_duas_faces,Venturini,3,A3_w100,028,ManusAI,Especialista,validado,
A-3,0.15,0.9864,0.6595,1.0,CA-50,simetrica_duas_faces,Venturini,3,A3_w100,029,ManusAI,Especialista,validado,
A-3,0.15,1.0841,0.6404,1.0,CA-50,simetrica_duas_faces,Venturini,3,A3_w100,030,ManusAI,Especialista,validado,
A-3,0.15,1.1818,0.6183,1.0,CA-50,simetrica_duas_faces,Venturini,3,A3_w100,031,ManusAI,Especialista,validado,
A-3,0.15,1.2795,0.5933,1.0,CA-50,simetrica_duas_faces,Venturini,3,A3_w100,032,ManusAI,Especialista,validado,
A-3,0.15,1.3773,0.5653,1.0,CA-50,simetrica_duas_faces,Venturini,3,A3_w100,033,ManusAI,Especialista,validado,
A-3,0.15,1.475,0.5344,1.0,CA-50,simetrica_duas_faces,Venturini,3,A3_w100,034,ManusAI,Especialista,validado,
A-3,0.15,1.5727,0.5005,1.0,CA-50,simetrica_duas_faces,Venturini,3,A3_w100,035,ManusAI,Especialista,validado,
A-3,0.15,1.6705,0.4637,1.0,CA-50,simetrica_duas_faces,Venturini,3,A3_w100,036,ManusAI,Especialista,validado,
A-3,0.15,1.7682,0.424,1.0,CA-50,simetrica_duas_faces,Venturini,3,A3_w100,037,ManusAI,Especialista,validado,
A-3,0.15,1.8659,0.3813,1.0,CA-50,simetrica_duas_faces,Venturini,3,A3_w100,038,ManusAI,Especialista,validado,
A-3,0.15,1.9636,0.3356,1.0,CA-50,simetrica_duas_faces,Venturini,3,A3_w100,039,ManusAI,Especialista,validado,
A-3,0.15,2.0614,0.2871,1.0,CA-50,simetrica_duas_faces,Venturini,3,A3_w100,040,ManusAI,Especialista,validado,
A-3,0.15,2.1591,0.2355,1.0,CA-50,simetrica_duas_faces,Venturini,3,A3_w100,041,ManusAI,Especialista,validado,
A-3,0.15,2.2568,0.1811,1.0,CA-50,simetrica_duas_faces,Venturini,3,A3_w100,042,ManusAI,Especialista,validado,
A-3,0.15,2.3545,0.1237,1.0,CA-50,simetrica_duas_faces,Venturini,3,A3_w100,043,ManusAI,Especialista,validado,
A-3,0.15,2.4523,0.0633,1.0,CA-50,simetrica_duas_faces,Venturini,3,A3_w100,044,ManusAI,Especialista,validado,
A-3,0.15,-1.6523,0.0679,1.1,CA-50,simetrica_duas_faces,Venturini,3,A3_w110,002,ManusAI,Especialista,validado,
A-3,0.15,-1.5545,0.1327,1.1,CA-50,simetrica_duas_faces,Venturini,3,A3_w110,003,ManusAI,Especialista,validado,
A-3,0.15,-1.4568,0.1943,1.1,CA-50,simetrica_duas_faces,Venturini,3,A3_w110,004,ManusAI,Especialista,validado,
A-3,0.15,-1.3591,0.2528,1.1,CA-50,simetrica_duas_faces,Venturini,3,A3_w110,005,ManusAI,Especialista,validado,
A-3,0.15,-1.2614,0.3081,1.1,CA-50,simetrica_duas_faces,Venturini,3,A3_w110,006,ManusAI,Especialista,validado,
A-3,0.15,-1.1636,0.3603,1.1,CA-50,simetrica_duas_faces,Venturini,3,A3_w110,007,ManusAI,Especialista,validado,
A-3,0.15,-1.0659,0.4092,1.1,CA-50,simetrica_duas_faces,Venturini,3,A3_w110,008,ManusAI,Especialista,validado,
A-3,0.15,-0.9682,0.4551,1.1,CA-50,simetrica_duas_faces,Venturini,3,A3_w110,009,ManusAI,Especialista,validado,
A-3,0.15,-0.8705,0.4977,1.1,CA-50,simetrica_duas_faces,Venturini,3,A3_w110,010,ManusAI,Especialista,validado,
A-3,0.15,-0.7727,0.5372,1.1,CA-50,simetrica_duas_faces,Venturini,3,A3_w110,011,ManusAI,Especialista,validado,
A-3,0.15,-0.675,0.5736,1.1,CA-50,simetrica_duas_faces,Venturini,3,A3_w110,012,ManusAI,Especialista,validado,
A-3,0.15,-0.5773,0.6067,1.1,CA-50,simetrica_duas_faces,Venturini,3,A3_w110,013,ManusAI,Especialista,validado,
A-3,0.15,-0.4795,0.6368,1.1,CA-50,simetrica_duas_faces,Venturini,3,A3_w110,014,ManusAI,Especialista,validado,
A-3,0.15,-0.3818,0.6636,1.1,CA-50,simetrica_duas_faces,Venturini,3,A3_w110,015,ManusAI,Especialista,validado,
A-3,0.15,-0.2841,0.6873,1.1,CA-50,simetrica_duas_faces,Venturini,3,A3_w110,016,ManusAI,Especialista,validado,
A-3,0.15,-0.1864,0.7079,1.1,CA-50,simetrica_duas_faces,Venturini,3,A3_w110,017,ManusAI,Especialista,validado,
A-3,0.15,-0.0886,0.7252,1.1,CA-50,simetrica_duas_faces,Venturini,3,A3_w110,018,ManusAI,Especialista,validado,
A-3,0.15,0.0091,0.7395,1.1,CA-50,simetrica_duas_faces,Venturini,3,A3_w110,019,ManusAI,Especialista,validado,
A-3,0.15,0.1068,0.7505,1.1,CA-50,simetrica_duas_faces,Venturini,3,A3_w110,020,ManusAI,Especialista,validado,
A-3,0.15,0.2045,0.7584,1.1,CA-50,simetrica_duas_faces,Venturini,3,A3_w110,021,ManusAI,Especialista,validado,
A-3,0.15,0.3023,0.7632,1.1,CA-50,simetrica_duas_faces,Venturini,3,A3_w110,022,ManusAI,Especialista,validado,
A-3,0.15,0.4,0.7648,1.1,CA-50,simetrica_duas_faces,Venturini,3,A3_w110,023,ManusAI,Especialista,validado,
A-3,0.15,0.4977,0.7632,1.1,CA-50,simetrica_duas_faces,Venturini,3,A3_w110,024,ManusAI,Especialista,validado,
A-3,0.15,0.5955,0.7584,1.1,CA-50,simetrica_duas_faces,Venturini,3,A3_w110,025,ManusAI,Especialista,validado,
A-3,0.15,0.6932,0.7505,1.1,CA-50,simetrica_duas_faces,Venturini,3,A3_w110,026,ManusAI,Especialista,validado,
A-3,0.15,0.7909,0.7395,1.1,CA-50,simetrica_duas_faces,Venturini,3,A3_w110,027,ManusAI,Especialista,validado,
A-3,0.15,0.8886,0.7252,1.1,CA-50,simetrica_duas_faces,Venturini,3,A3_w110,028,ManusAI,Especialista,validado,
A-3,0.15,0.9864,0.7079,1.1,CA-50,simetrica_duas_faces,Venturini,3,A3_w110,029,ManusAI,Especialista,validado,
A-3,0.15,1.0841,0.6873,1.1,CA-50,simetrica_duas_faces,Venturini,3,A3_w110,030,ManusAI,Especialista,validado,
A-3,0.15,1.1818,0.6636,1.1,CA-50,simetrica_duas_faces,Venturini,3,A3_w110,031,ManusAI,Especialista,validado,
A-3,0.15,1.2795,0.6368,1.1,CA-50,simetrica_duas_faces,Venturini,3,A3_w110,032,ManusAI,Especialista,validado,
A-3,0.15,1.3773,0.6067,1.1,CA-50,simetrica_duas_faces,Venturini,3,A3_w110,033,ManusAI,Especialista,validado,
A-3,0.15,1.475,0.5736,1.1,CA-50,simetrica_duas_faces,Venturini,3,A3_w110,034,ManusAI,Especialista,validado,
A-3,0.15,1.5727,0.5372,1.1,CA-50,simetrica_duas_faces,Venturini,3,A3_w110,035,ManusAI,Especialista,validado,
A-3,0.15,1.6705,0.4977,1.1,CA-50,simetrica_duas_faces,Venturini,3,A3_w110,036,ManusAI,Especialista,validado,
A-3,0.15,1.7682,0.4551,1.1,CA-50,simetrica_duas_faces,Venturini,3,A3_w110,037,ManusAI,Especialista,validado,
A-3,0.15,1.8659,0.4092,1.1,CA-50,simetrica_duas_faces,Venturini,3,A3_w110,038,ManusAI,Especialista,validado,
A-3,0.15,1.9636,0.3603,1.1,CA-50,simetrica_duas_faces,Venturini,3,A3_w110,039,ManusAI,Especialista,validado,
A-3,0.15,2.0614,0.3081,1.1,CA-50,simetrica_duas_faces,Venturini,3,A3_w110,040,ManusAI,Especialista,validado,
A-3,0.15,2.1591,0.2528,1.1,CA-50,simetrica_duas_faces,Venturini,3,A3_w110,041,ManusAI,Especialista,validado,
A-3,0.15,2.2568,0.1943,1.1,CA-50,simetrica_duas_faces,Venturini,3,A3_w110,042,ManusAI,Especialista,validado,
A-3,0.15,2.3545,0.1327,1.1,CA-50,simetrica_duas_faces,Venturini,3,A3_w110,043,ManusAI,Especialista,validado,
A-3,0.15,2.4523,0.0679,1.1,CA-50,simetrica_duas_faces,Venturini,3,A3_w110,044,ManusAI,Especialista,validado,
A-3,0.15,-1.6523,0.0726,1.2,CA-50,simetrica_duas_faces,Venturini,3,A3_w120,002,ManusAI,Especialista,validado,
A-3,0.15,-1.5545,0.1418,1.2,CA-50,simetrica_duas_faces,Venturini,3,A3_w120,003,ManusAI,Especialista,validado,
A-3,0.15,-1.4568,0.2076,1.2,CA-50,simetrica_duas_faces,Venturini,3,A3_w120,004,ManusAI,Especialista,validado,
A-3,0.15,-1.3591,0.2701,1.2,CA-50,simetrica_duas_faces,Venturini,3,A3_w120,005,ManusAI,Especialista,validado,
A-3,0.15,-1.2614,0.3292,1.2,CA-50,simetrica_duas_faces,Venturini,3,A3_w120,006,ManusAI,Especialista,validado,
A-3,0.15,-1.1636,0.3849,1.2,CA-50,simetrica_duas_faces,Venturini,3,A3_w120,007,ManusAI,Especialista,validado,
A-3,0.15,-1.0659,0.4372,1.2,CA-50,simetrica_duas_faces,Venturini,3,A3_w120,008,ManusAI,Especialista,validado,
A-3,0.15,-0.9682,0.4861,1.2,CA-50,simetrica_duas_faces,Venturini,3,A3_w120,009,ManusAI,Especialista,validado,
A-3,0.15,-0.8705,0.5317,1.2,CA-50,simetrica_duas_faces,Venturini,3,A3_w120,010,ManusAI,Especialista,validado,
A-3,0.15,-0.7727,0.5739,1.2,CA-50,simetrica_duas_faces,Venturini,3,A3_w120,011,ManusAI,Especialista,validado,
A-3,0.15,-0.675,0.6127,1.2,CA-50,simetrica_duas_faces,Venturini,3,A3_w120,012,ManusAI,Especialista,validado,
A-3,0.15,-0.5773,0.6482,1.2,CA-50,simetrica_duas_faces,Venturini,3,A3_w120,013,ManusAI,Especialista,validado,
A-3,0.15,-0.4795,0.6803,1.2,CA-50,simetrica_duas_faces,Venturini,3,A3_w120,014,ManusAI,Especialista,validado,
A-3,0.15,-0.3818,0.709,1.2,CA-50,simetrica_duas_faces,Venturini,3,A3_w120,015,ManusAI,Especialista,validado,
A-3,0.15,-0.2841,0.7343,1.2,CA-50,simetrica_duas_faces,Venturini,3,A3_w120,016,ManusAI,Especialista,validado,
A-3,0.15,-0.1864,0.7562,1.2,CA-50,simetrica_duas_faces,Venturini,3,A3_w120,017,ManusAI,Especialista,validado,
A-3,0.15,-0.0886,0.7748,1.2,CA-50,simetrica_duas_faces,Venturini,3,A3_w120,018,ManusAI,Especialista,validado,
A-3,0.15,0.0091,0.79,1.2,CA-50,simetrica_duas_faces,Venturini,3,A3_w120,019,ManusAI,Especialista,validado,
A-3,0.15,0.1068,0.8018,1.2,CA-50,simetrica_duas_faces,Venturini,3,A3_w120,020,ManusAI,Especialista,validado,
A-3,0.15,0.2045,0.8102,1.2,CA-50,simetrica_duas_faces,Venturini,3,A3_w120,021,ManusAI,Especialista,validado,
A-3,0.15,0.3023,0.8153,1.2,CA-50,simetrica_duas_faces,Venturini,3,A3_w120,022,ManusAI,Especialista,validado,
A-3,0.15,0.4,0.817,1.2,CA-50,simetrica_duas_faces,Venturini,3,A3_w120,023,ManusAI,Especialista,validado,
A-3,0.15,0.4977,0.8153,1.2,CA-50,simetrica_duas_faces,Venturini,3,A3_w120,024,ManusAI,Especialista,validado,
A-3,0.15,0.5955,0.8102,1.2,CA-50,simetrica_duas_faces,Venturini,3,A3_w120,025,ManusAI,Especialista,validado,
A-3,0.15,0.6932,0.8018,1.2,CA-50,simetrica_duas_faces,Venturini,3,A3_w120,026,ManusAI,Especialista,validado,
A-3,0.15,0.7909,0.79,1.2,CA-50,simetrica_duas_faces,Venturini,3,A3_w120,027,ManusAI,Especialista,validado,
A-3,0.15,0.8886,0.7748,1.2,CA-50,simetrica_duas_faces,Venturini,3,A3_w120,028,ManusAI,Especialista,validado,
A-3,0.15,0.9864,0.7562,1.2,CA-50,simetrica_duas_faces,Venturini,3,A3_w120,029,ManusAI,Especialista,validado,
A-3,0.15,1.0841,0.7343,1.2,CA-50,simetrica_duas_faces,Venturini,3,A3_w120,030,ManusAI,Especialista,validado,
A-3,0.15,1.1818,0.709,1.2,CA-50,simetrica_duas_faces,Venturini,3,A3_w120,031,ManusAI,Especialista,validado,
A-3,0.15,1.2795,0.6803,1.2,CA-50,simetrica_duas_faces,Venturini,3,A3_w120,032,ManusAI,Especialista,validado,
A-3,0.15,1.3773,0.6482,1.2,CA-50,simetrica_duas_faces,Venturini,3,A3_w120,033,ManusAI,Especialista,validado,
A-3,0.15,1.475,0.6128,1.2,CA-50,simetrica_duas_faces,Venturini,3,A3_w120,034,ManusAI,Especialista,validado,
A-3,0.15,1.5727,0.5739,1.2,CA-50,simetrica_duas_faces,Venturini,3,A3_w120,035,ManusAI,Especialista,validado,
A-3,0.15,1.6705,0.5317,1.2,CA-50,simetrica_duas_faces,Venturini,3,A3_w120,036,ManusAI,Especialista,validado,
A-3,0.15,1.7682,0.4861,1.2,CA-50,simetrica_duas_faces,Venturini,3,A3_w120,037,ManusAI,Especialista,validado,
A-3,0.15,1.8659,0.4372,1.2,CA-50,simetrica_duas_faces,Venturini,3,A3_w120,038,ManusAI,Especialista,validado,
A-3,0.15,1.9636,0.3849,1.2,CA-50,simetrica_duas_faces,Venturini,3,A3_w120,039,ManusAI,Especialista,validado,
A-3,0.15,2.0614,0.3292,1.2,CA-50,simetrica_duas_faces,Venturini,3,A3_w120,040,ManusAI,Especialista,validado,
A-3,0.15,2.1591,0.2701,1.2,CA-50,simetrica_duas_faces,Venturini,3,A3_w120,041,ManusAI,Especialista,validado,
A-3,0.15,2.2568,0.2076,1.2,CA-50,simetrica_duas_faces,Venturini,3,A3_w120,042,ManusAI,Especialista,validado,
A-3,0.15,2.3545,0.1418,1.2,CA-50,simetrica_duas_faces,Venturini,3,A3_w120,043,ManusAI,Especialista,validado,
A-3,0.15,2.4523,0.0726,1.2,CA-50,simetrica_duas_faces,Venturini,3,A3_w120,044,ManusAI,Especialista,validado,
A-3,0.15,-1.6523,0.0772,1.3,CA-50,simetrica_duas_faces,Venturini,3,A3_w130,002,ManusAI,Especialista,validado,
A-3,0.15,-1.5545,0.1509,1.3,CA-50,simetrica_duas_faces,Venturini,3,A3_w130,003,ManusAI,Especialista,validado,
A-3,0.15,-1.4568,0.2209,1.3,CA-50,simetrica_duas_faces,Venturini,3,A3_w130,004,ManusAI,Especialista,validado,
A-3,0.15,-1.3591,0.2874,1.3,CA-50,simetrica_duas_faces,Venturini,3,A3_w130,005,ManusAI,Especialista,validado,
A-3,0.15,-1.2614,0.3502,1.3,CA-50,simetrica_duas_faces,Venturini,3,A3_w130,006,ManusAI,Especialista,validado,
A-3,0.15,-1.1636,0.4095,1.3,CA-50,simetrica_duas_faces,Venturini,3,A3_w130,007,ManusAI,Especialista,validado,
A-3,0.15,-1.0659,0.4652,1.3,CA-50,simetrica_duas_faces,Venturini,3,A3_w130,008,ManusAI,Especialista,validado,
A-3,0.15,-0.9682,0.5172,1.3,CA-50,simetrica_duas_faces,Venturini,3,A3_w130,009,ManusAI,Especialista,validado,
A-3,0.15,-0.8705,0.5657,1.3,CA-50,simetrica_duas_faces,Venturini,3,A3_w130,010,ManusAI,Especialista,validado,
A-3,0.15,-0.7727,0.6106,1.3,CA-50,simetrica_duas_faces,Venturini,3,A3_w130,011,ManusAI,Especialista,validado,
A-3,0.15,-0.675,0.6519,1.3,CA-50,simetrica_duas_faces,Venturini,3,A3_w130,012,ManusAI,Especialista,validado,
A-3,0.15,-0.5773,0.6897,1.3,CA-50,simetrica_duas_faces,Venturini,3,A3_w130,013,ManusAI,Especialista,validado,
A-3,0.15,-0.4795,0.7238,1.3,CA-50,simetrica_duas_faces,Venturini,3,A3_w130,014,ManusAI,Especialista,validado,
A-3,0.15,-0.3818,0.7543,1.3,CA-50,simetrica_duas_faces,Venturini,3,A3_w130,015,ManusAI,Especialista,validado,
A-3,0.15,-0.2841,0.7812,1.3,CA-50,simetrica_duas_faces,Venturini,3,A3_w130,016,ManusAI,Especialista,validado,
A-3,0.15,-0.1864,0.8046,1.3,CA-50,simetrica_duas_faces,Venturini,3,A3_w130,017,ManusAI,Especialista,validado,
A-3,0.15,-0.0886,0.8244,1.3,CA-50,simetrica_duas_faces,Venturini,3,A3_w130,018,ManusAI,Especialista,validado,
A-3,0.15,0.0091,0.8405,1.3,CA-50,simetrica_duas_faces,Venturini,3,A3_w130,019,ManusAI,Especialista,validado,
A-3,0.15,0.1068,0.8531,1.3,CA-50,simetrica_duas_faces,Venturini,3,A3_w130,020,ManusAI,Especialista,validado,
A-3,0.15,0.2045,0.8621,1.3,CA-50,simetrica_duas_faces,Venturini,3,A3_w130,021,ManusAI,Especialista,validado,
A-3,0.15,0.3023,0.8675,1.3,CA-50,simetrica_duas_faces,Venturini,3,A3_w130,022,ManusAI,Especialista,validado,
A-3,0.15,0.4,0.8692,1.3,CA-50,simetrica_duas_faces,Venturini,3,A3_w130,023,ManusAI,Especialista,validado,
A-3,0.15,0.4977,0.8675,1.3,CA-50,simetrica_duas_faces,Venturini,3,A3_w130,024,ManusAI,Especialista,validado,
A-3,0.15,0.5955,0.8621,1.3,CA-50,simetrica_duas_faces,Venturini,3,A3_w130,025,ManusAI,Especialista,validado,
A-3,0.15,0.6932,0.8531,1.3,CA-50,simetrica_duas_faces,Venturini,3,A3_w130,026,ManusAI,Especialista,validado,
A-3,0.15,0.7909,0.8405,1.3,CA-50,simetrica_duas_faces,Venturini,3,A3_w130,027,ManusAI,Especialista,validado,
A-3,0.15,0.8886,0.8244,1.3,CA-50,simetrica_duas_faces,Venturini,3,A3_w130,028,ManusAI,Especialista,validado,
A-3,0.15,0.9864,0.8046,1.3,CA-50,simetrica_duas_faces,Venturini,3,A3_w130,029,ManusAI,Especialista,validado,
A-3,0.15,1.0841,0.7812,1.3,CA-50,simetrica_duas_faces,Venturini,3,A3_w130,030,ManusAI,Especialista,validado,
A-3,0.15,1.1818,0.7543,1.3,CA-50,simetrica_duas_faces,Venturini,3,A3_w130,031,ManusAI,Especialista,validado,
A-3,0.15,1.2795,0.7238,1.3,CA-50,simetrica_duas_faces,Venturini,3,A3_w130,032,ManusAI,Especialista,validado,
A-3,0.15,1.3773,0.6897,1.3,CA-50,simetrica_duas_faces,Venturini,3,A3_w130,033,ManusAI,Especialista,validado,
A-3,0.15,1.475,0.6519,1.3,CA-50,simetrica_duas_faces,Venturini,3,A3_w130,034,ManusAI,Especialista,validado,
A-3,0.15,1.5727,0.6106,1.3,CA-50,simetrica_duas_faces,Venturini,3,A3_w130,035,ManusAI,Especialista,validado,
A-3,0.15,1.6705,0.5657,1.3,CA-50,simetrica_duas_faces,Venturini,3,A3_w130,036,ManusAI,Especialista,validado,
A-3,0.15,1.7682,0.5172,1.3,CA-50,simetrica_duas_faces,Venturini,3,A3_w130,037,ManusAI,Especialista,validado,
A-3,0.15,1.8659,0.4652,1.3,CA-50,simetrica_duas_faces,Venturini,3,A3_w130,038,ManusAI,Especialista,validado,
A-3,0.15,1.9636,0.4095,1.3,CA-50,simetrica_duas_faces,Venturini,3,A3_w130,039,ManusAI,Especialista,validado,
A-3,0.15,2.0614,0.3502,1.3,CA-50,simetrica_duas_faces,Venturini,3,A3_w130,040,ManusAI,Especialista,validado,
A-3,0.15,2.1591,0.2874,1.3,CA-50,simetrica_duas_faces,Venturini,3,A3_w130,041,ManusAI,Especialista,validado,
A-3,0.15,2.2568,0.2209,1.3,CA-50,simetrica_duas_faces,Venturini,3,A3_w130,042,ManusAI,Especialista,validado,
A-3,0.15,2.3545,0.1509,1.3,CA-50,simetrica_duas_faces,Venturini,3,A3_w130,043,ManusAI,Especialista,validado,
A-3,0.15,2.4523,0.0772,1.3,CA-50,simetrica_duas_faces,Venturini,3,A3_w130,044,ManusAI,Especialista,validado,
A-3,0.15,-1.6523,0.0819,1.4,CA-50,simetrica_duas_faces,Venturini,3,A3_w140,002,ManusAI,Especialista,validado,
A-3,0.15,-1.5545,0.1599,1.4,CA-50,simetrica_duas_faces,Venturini,3,A3_w140,003,ManusAI,Especialista,validado,
A-3,0.15,-1.4568,0.2342,1.4,CA-50,simetrica_duas_faces,Venturini,3,A3_w140,004,ManusAI,Especialista,validado,
A-3,0.15,-1.3591,0.3046,1.4,CA-50,simetrica_duas_faces,Venturini,3,A3_w140,005,ManusAI,Especialista,validado,
A-3,0.15,-1.2614,0.3713,1.4,CA-50,simetrica_duas_faces,Venturini,3,A3_w140,006,ManusAI,Especialista,validado,
A-3,0.15,-1.1636,0.4341,1.4,CA-50,simetrica_duas_faces,Venturini,3,A3_w140,007,ManusAI,Especialista,validado,
A-3,0.15,-1.0659,0.4931,1.4,CA-50,simetrica_duas_faces,Venturini,3,A3_w140,008,ManusAI,Especialista,validado,
A-3,0.15,-0.9682,0.5483,1.4,CA-50,simetrica_duas_faces,Venturini,3,A3_w140,009,ManusAI,Especialista,validado,
A-3,0.15,-0.8705,0.5997,1.4,CA-50,simetrica_duas_faces,Venturini,3,A3_w140,010,ManusAI,Especialista,validado,
A-3,0.15,-0.7727,0.6473,1.4,CA-50,simetrica_duas_faces,Venturini,3,A3_w140,011,ManusAI,Especialista,validado,
A-3,0.15,-0.675,0.6911,1.4,CA-50,simetrica_duas_faces,Venturini,3,A3_w140,012,ManusAI,Especialista,validado,
A-3,0.15,-0.5773,0.7311,1.4,CA-50,simetrica_duas_faces,Venturini,3,A3_w140,013,ManusAI,Especialista,validado,
A-3,0.15,-0.4795,0.7673,1.4,CA-50,simetrica_duas_faces,Venturini,3,A3_w140,014,ManusAI,Especialista,validado,
A-3,0.15,-0.3818,0.7996,1.4,CA-50,simetrica_duas_faces,Venturini,3,A3_w140,015,ManusAI,Especialista,validado,
A-3,0.15,-0.2841,0.8282,1.4,CA-50,simetrica_duas_faces,Venturini,3,A3_w140,016,ManusAI,Especialista,validado,
A-3,0.15,-0.1864,0.853,1.4,CA-50,simetrica_duas_faces,Venturini,3,A3_w140,017,ManusAI,Especialista,validado,
A-3,0.15,-0.0886,0.8739,1.4,CA-50,simetrica_duas_faces,Venturini,3,A3_w140,018,ManusAI,Especialista,validado,
A-3,0.15,0.0091,0.891,1.4,CA-50,simetrica_duas_faces,Venturini,3,A3_w140,019,ManusAI,Especialista,validado,
A-3,0.15,0.1068,0.9044,1.4,CA-50,simetrica_duas_faces,Venturini,3,A3_w140,020,ManusAI,Especialista,validado,
A-3,0.15,0.2045,0.9139,1.4,CA-50,simetrica_duas_faces,Venturini,3,A3_w140,021,ManusAI,Especialista,validado,
A-3,0.15,0.3023,0.9196,1.4,CA-50,simetrica_duas_faces,Venturini,3,A3_w140,022,ManusAI,Especialista,validado,
A-3,0.15,0.4,0.9215,1.4,CA-50,simetrica_duas_faces,Venturini,3,A3_w140,023,ManusAI,Especialista,validado,
A-3,0.15,0.4977,0.9196,1.4,CA-50,simetrica_duas_faces,Venturini,3,A3_w140,024,ManusAI,Especialista,validado,
A-3,0.15,0.5955,0.9139,1.4,CA-50,simetrica_duas_faces,Venturini,3,A3_w140,025,ManusAI,Especialista,validado,
A-3,0.15,0.6932,0.9044,1.4,CA-50,simetrica_duas_faces,Venturini,3,A3_w140,026,ManusAI,Especialista,validado,
A-3,0.15,0.7909,0.891,1.4,CA-50,simetrica_duas_faces,Venturini,3,A3_w140,027,ManusAI,Especialista,validado,
A-3,0.15,0.8886,0.8739,1.4,CA-50,simetrica_duas_faces,Venturini,3,A3_w140,028,ManusAI,Especialista,validado,
A-3,0.15,0.9864,0.853,1.4,CA-50,simetrica_duas_faces,Venturini,3,A3_w140,029,ManusAI,Especialista,validado,
A-3,0.15,1.0841,0.8282,1.4,CA-50,simetrica_duas_faces,Venturini,3,A3_w140,030,ManusAI,Especialista,validado,
A-3,0.15,1.1818,0.7996,1.4,CA-50,simetrica_duas_faces,Venturini,3,A3_w140,031,ManusAI,Especialista,validado,
A-3,0.15,1.2795,0.7673,1.4,CA-50,simetrica_duas_faces,Venturini,3,A3_w140,032,ManusAI,Especialista,validado,
A-3,0.15,1.3773,0.7311,1.4,CA-50,simetrica_duas_faces,Venturini,3,A3_w140,033,ManusAI,Especialista,validado,
A-3,0.15,1.475,0.6911,1.4,CA-50,simetrica_duas_faces,Venturini,3,A3_w140,034,ManusAI,Especialista,validado,
A-3,0.15,1.5727,0.6473,1.4,CA-50,simetrica_duas_faces,Venturini,3,A3_w140,035,ManusAI,Especialista,validado,
A-3,0.15,1.6705,0.5997,1.4,CA-50,simetrica_duas_faces,Venturini,3,A3_w140,036,ManusAI,Especialista,validado,
A-3,0.15,1.7682,0.5483,1.4,CA-50,simetrica_duas_faces,Venturini,3,A3_w140,037,ManusAI,Especialista,validado,
A-3,0.15,1.8659,0.4931,1.4,CA-50,simetrica_duas_faces,Venturini,3,A3_w140,038,ManusAI,Especialista,validado,
A-3,0.15,1.9636,0.4341,1.4,CA-50,simetrica_duas_faces,Venturini,3,A3_w140,039,ManusAI,Especialista,validado,
A-3,0.15,2.0614,0.3713,1.4,CA-50,simetrica_duas_faces,Venturini,3,A3_w140,040,ManusAI,Especialista,validado,
A-3,0.15,2.1591,0.3046,1.4,CA-50,simetrica_duas_faces,Venturini,3,A3_w140,041,ManusAI,Especialista,validado,
A-3,0.15,2.2568,0.2342,1.4,CA-50,simetrica_duas_faces,Venturini,3,A3_w140,042,ManusAI,Especialista,validado,
A-3,0.15,2.3545,0.1599,1.4,CA-50,simetrica_duas_faces,Venturini,3,A3_w140,043,ManusAI,Especialista,validado,
A-3,0.15,2.4523,0.0819,1.4,CA-50,simetrica_duas_faces,Venturini,3,A3_w140,044,ManusAI,Especialista,validado,
A-3,0.15,-1.6523,0.0865,1.5,CA-50,simetrica_duas_faces,Venturini,3,A3_w150,002,ManusAI,Especialista,validado,
A-3,0.15,-1.5545,0.169,1.5,CA-50,simetrica_duas_faces,Venturini,3,A3_w150,003,ManusAI,Especialista,validado,
A-3,0.15,-1.4568,0.2475,1.5,CA-50,simetrica_duas_faces,Venturini,3,A3_w150,004,ManusAI,Especialista,validado,
A-3,0.15,-1.3591,0.3219,1.5,CA-50,simetrica_duas_faces,Venturini,3,A3_w150,005,ManusAI,Especialista,validado,
A-3,0.15,-1.2614,0.3923,1.5,CA-50,simetrica_duas_faces,Venturini,3,A3_w150,006,ManusAI,Especialista,validado,
A-3,0.15,-1.1636,0.4587,1.5,CA-50,simetrica_duas_faces,Venturini,3,A3_w150,007,ManusAI,Especialista,validado,
A-3,0.15,-1.0659,0.5211,1.5,CA-50,simetrica_duas_faces,Venturini,3,A3_w150,008,ManusAI,Especialista,validado,
A-3,0.15,-0.9682,0.5794,1.5,CA-50,simetrica_duas_faces,Venturini,3,A3_w150,009,ManusAI,Especialista,validado,
A-3,0.15,-0.8705,0.6337,1.5,CA-50,simetrica_duas_faces,Venturini,3,A3_w150,010,ManusAI,Especialista,validado,
A-3,0.15,-0.7727,0.684,1.5,CA-50,simetrica_duas_faces,Venturini,3,A3_w150,011,ManusAI,Especialista,validado,
A-3,0.15,-0.675,0.7303,1.5,CA-50,simetrica_duas_faces,Venturini,3,A3_w150,012,ManusAI,Especialista,validado,
A-3,0.15,-0.5773,0.7726,1.5,CA-50,simetrica_duas_faces,Venturini,3,A3_w150,013,ManusAI,Especialista,validado,
A-3,0.15,-0.4795,0.8108,1.5,CA-50,simetrica_duas_faces,Venturini,3,A3_w150,014,ManusAI,Especialista,validado,
A-3,0.15,-0.3818,0.845,1.5,CA-50,simetrica_duas_faces,Venturini,3,A3_w150,015,ManusAI,Especialista,validado,
A-3,0.15,-0.2841,0.8752,1.5,CA-50,simetrica_duas_faces,Venturini,3,A3_w150,016,ManusAI,Especialista,validado,
A-3,0.15,-0.1864,0.9013,1.5,CA-50,simetrica_duas_faces,Venturini,3,A3_w150,017,ManusAI,Especialista,validado,
A-3,0.15,-0.0886,0.9235,1.5,CA-50,simetrica_duas_faces,Venturini,3,A3_w150,018,ManusAI,Especialista,validado,
A-3,0.15,0.0091,0.9416,1.5,CA-50,simetrica_duas_faces,Venturini,3,A3_w150,019,ManusAI,Especialista,validado,
A-3,0.15,0.1068,0.9556,1.5,CA-50,simetrica_duas_faces,Venturini,3,A3_w150,020,ManusAI,Especialista,validado,
A-3,0.15,0.2045,0.9657,1.5,CA-50,simetrica_duas_faces,Venturini,3,A3_w150,021,ManusAI,Especialista,validado,
A-3,0.15,0.3023,0.9717,1.5,CA-50,simetrica_duas_faces,Venturini,3,A3_w150,022,ManusAI,Especialista,validado,
A-3,0.15,0.4,0.9738,1.5,CA-50,simetrica_duas_faces,Venturini,3,A3_w150,023,ManusAI,Especialista,validado,
A-3,0.15,0.4977,0.9717,1.5,CA-50,simetrica_duas_faces,Venturini,3,A3_w150,024,ManusAI,Especialista,validado,
A-3,0.15,0.5955,0.9657,1.5,CA-50,simetrica_duas_faces,Venturini,3,A3_w150,025,ManusAI,Especialista,validado,
A-3,0.15,0.6932,0.9556,1.5,CA-50,simetrica_duas_faces,Venturini,3,A3_w150,026,ManusAI,Especialista,validado,
A-3,0.15,0.7909,0.9416,1.5,CA-50,simetrica_duas_faces,Venturini,3,A3_w150,027,ManusAI,Especialista,validado,
A-3,0.15,0.8886,0.9235,1.5,CA-50,simetrica_duas_faces,Venturini,3,A3_w150,028,ManusAI,Especialista,validado,
A-3,0.15,0.9864,0.9013,1.5,CA-50,simetrica_duas_faces,Venturini,3,A3_w150,029,ManusAI,Especialista,validado,
A-3,0.15,1.0841,0.8752,1.5,CA-50,simetrica_duas_faces,Venturini,3,A3_w150,030,ManusAI,Especialista,validado,
A-3,0.15,1.1818,0.845,1.5,CA-50,simetrica_duas_faces,Venturini,3,A3_w150,031,ManusAI,Especialista,validado,
A-3,0.15,1.2795,0.8108,1.5,CA-50,simetrica_duas_faces,Venturini,3,A3_w150,032,ManusAI,Especialista,validado,
A-3,0.15,1.3773,0.7726,1.5,CA-50,simetrica_duas_faces,Venturini,3,A3_w150,033,ManusAI,Especialista,validado,
A-3,0.15,1.475,0.7303,1.5,CA-50,simetrica_duas_faces,Venturini,3,A3_w150,034,ManusAI,Especialista,validado,
A-3,0.15,1.5727,0.684,1.5,CA-50,simetrica_duas_faces,Venturini,3,A3_w150,035,ManusAI,Especialista,validado,
A-3,0.15,1.6705,0.6337,1.5,CA-50,simetrica_duas_faces,Venturini,3,A3_w150,036,ManusAI,Especialista,validado,
A-3,0.15,1.7682,0.5794,1.5,CA-50,simetrica_duas_faces,Venturini,3,A3_w150,037,ManusAI,Especialista,validado,
A-3,0.15,1.8659,0.5211,1.5,CA-50,simetrica_duas_faces,Venturini,3,A3_w150,038,ManusAI,Especialista,validado,
A-3,0.15,1.9636,0.4587,1.5,CA-50,simetrica_duas_faces,Venturini,3,A3_w150,039,ManusAI,Especialista,validado,
A-3,0.15,2.0614,0.3923,1.5,CA-50,simetrica_duas_faces,Venturini,3,A3_w150,040,ManusAI,Especialista,validado,
A-3,0.15,2.1591,0.3219,1.5,CA-50,simetrica_duas_faces,Venturini,3,A3_w150,041,ManusAI,Especialista,validado,
A-3,0.15,2.2568,0.2475,1.5,CA-50,simetrica_duas_faces,Venturini,3,A3_w150,042,ManusAI,Especialista,validado,
A-3,0.15,2.3545,0.169,1.5,CA-50,simetrica_duas_faces,Venturini,3,A3_w150,043,ManusAI,Especialista,validado,
A-3,0.15,2.4523,0.0865,1.5,CA-50,simetrica_duas_faces,Venturini,3,A3_w150,044,ManusAI,Especialista,validado,
A-3,0.15,-1.6523,0.0912,1.6,CA-50,simetrica_duas_faces,Venturini,3,A3_w160,002,ManusAI,Especialista,validado,
A-3,0.15,-1.5545,0.1781,1.6,CA-50,simetrica_duas_faces,Venturini,3,A3_w160,003,ManusAI,Especialista,validado,
A-3,0.15,-1.4568,0.2607,1.6,CA-50,simetrica_duas_faces,Venturini,3,A3_w160,004,ManusAI,Especialista,validado,
A-3,0.15,-1.3591,0.3392,1.6,CA-50,simetrica_duas_faces,Venturini,3,A3_w160,005,ManusAI,Especialista,validado,
A-3,0.15,-1.2614,0.4134,1.6,CA-50,simetrica_duas_faces,Venturini,3,A3_w160,006,ManusAI,Especialista,validado,
A-3,0.15,-1.1636,0.4833,1.6,CA-50,simetrica_duas_faces,Venturini,3,A3_w160,007,ManusAI,Especialista,validado,
A-3,0.15,-1.0659,0.549,1.6,CA-50,simetrica_duas_faces,Venturini,3,A3_w160,008,ManusAI,Especialista,validado,
A-3,0.15,-0.9682,0.6105,1.6,CA-50,simetrica_duas_faces,Venturini,3,A3_w160,009,ManusAI,Especialista,validado,
A-3,0.15,-0.8705,0.6677,1.6,CA-50,simetrica_duas_faces,Venturini,3,A3_w160,010,ManusAI,Especialista,validado,
A-3,0.15,-0.7727,0.7207,1.6,CA-50,simetrica_duas_faces,Venturini,3,A3_w160,011,ManusAI,Especialista,validado,
A-3,0.15,-0.675,0.7695,1.6,CA-50,simetrica_duas_faces,Venturini,3,A3_w160,012,ManusAI,Especialista,validado,
A-3,0.15,-0.5773,0.814,1.6,CA-50,simetrica_duas_faces,Venturini,3,A3_w160,013,ManusAI,Especialista,validado,
A-3,0.15,-0.4795,0.8543,1.6,CA-50,simetrica_duas_faces,Venturini,3,A3_w160,014,ManusAI,Especialista,validado,
A-3,0.15,-0.3818,0.8903,1.6,CA-50,simetrica_duas_faces,Venturini,3,A3_w160,015,ManusAI,Especialista,validado,
A-3,0.15,-0.2841,0.9221,1.6,CA-50,simetrica_duas_faces,Venturini,3,A3_w160,016,ManusAI,Especialista,validado,
A-3,0.15,-0.1864,0.9497,1.6,CA-50,simetrica_duas_faces,Venturini,3,A3_w160,017,ManusAI,Especialista,validado,
A-3,0.15,-0.0886,0.973,1.6,CA-50,simetrica_duas_faces,Venturini,3,A3_w160,018,ManusAI,Especialista,validado,
A-3,0.15,0.0091,0.9921,1.6,CA-50,simetrica_duas_faces,Venturini,3,A3_w160,019,ManusAI,Especialista,validado,
A-3,0.15,0.1068,1.0069,1.6,CA-50,simetrica_duas_faces,Venturini,3,A3_w160,020,ManusAI,Especialista,validado,
A-3,0.15,0.2045,1.0175,1.6,CA-50,simetrica_duas_faces,Venturini,3,A3_w160,021,ManusAI,Especialista,validado,
A-3,0.15,0.3023,1.0239,1.6,CA-50,simetrica_duas_faces,Venturini,3,A3_w160,022,ManusAI,Especialista,validado,
A-3,0.15,0.4,1.026,1.6,CA-50,simetrica_duas_faces,Venturini,3,A3_w160,023,ManusAI,Especialista,validado,
A-3,0.15,0.4977,1.0239,1.6,CA-50,simetrica_duas_faces,Venturini,3,A3_w160,024,ManusAI,Especialista,validado,
A-3,0.15,0.5955,1.0175,1.6,CA-50,simetrica_duas_faces,Venturini,3,A3_w160,025,ManusAI,Especialista,validado,
A-3,0.15,0.6932,1.0069,1.6,CA-50,simetrica_duas_faces,Venturini,3,A3_w160,026,ManusAI,Especialista,validado,
A-3,0.15,0.7909,0.9921,1.6,CA-50,simetrica_duas_faces,Venturini,3,A3_w160,027,ManusAI,Especialista,validado,
A-3,0.15,0.8886,0.973,1.6,CA-50,simetrica_duas_faces,Venturini,3,A3_w160,028,ManusAI,Especialista,validado,
A-3,0.15,0.9864,0.9497,1.6,CA-50,simetrica_duas_faces,Venturini,3,A3_w160,029,ManusAI,Especialista,validado,
A-3,0.15,1.0841,0.9221,1.6,CA-50,simetrica_duas_faces,Venturini,3,A3_w160,030,ManusAI,Especialista,validado,
A-3,0.15,1.1818,0.8903,1.6,CA-50,simetrica_duas_faces,Venturini,3,A3_w160,031,ManusAI,Especialista,validado,
A-3,0.15,1.2795,0.8543,1.6,CA-50,simetrica_duas_faces,Venturini,3,A3_w160,032,ManusAI,Especialista,validado,
A-3,0.15,1.3773,0.814,1.6,CA-50,simetrica_duas_faces,Venturini,3,A3_w160,033,ManusAI,Especialista,validado,
A-3,0.15,1.475,0.7695,1.6,CA-50,simetrica_duas_faces,Venturini,3,A3_w160,034,ManusAI,Especialista,validado,
A-3,0.15,1.5727,0.7207,1.6,CA-50,simetrica_duas_faces,Venturini,3,A3_w160,035,ManusAI,Especialista,validado,
A-3,0.15,1.6705,0.6677,1.6,CA-50,simetrica_duas_faces,Venturini,3,A3_w160,036,ManusAI,Especialista,validado,
A-3,0.15,1.7682,0.6105,1.6,CA-50,simetrica_duas_faces,Venturini,3,A3_w160,037,ManusAI,Especialista,validado,
A-3,0.15,1.8659,0.549,1.6,CA-50,simetrica_duas_faces,Venturini,3,A3_w160,038,ManusAI,Especialista,validado,
A-3,0.15,1.9636,0.4833,1.6,CA-50,simetrica_duas_faces,Venturini,3,A3_w160,039,ManusAI,Especialista,validado,
A-3,0.15,2.0614,0.4134,1.6,CA-50,simetrica_duas_faces,Venturini,3,A3_w160,040,ManusAI,Especialista,validado,
A-3,0.15,2.1591,0.3392,1.6,CA-50,simetrica_duas_faces,Venturini,3,A3_w160,041,ManusAI,Especialista,validado,
A-3,0.15,2.2568,0.2607,1.6,CA-50,simetrica_duas_faces,Venturini,3,A3_w160,042,ManusAI,Especialista,validado,
A-3,0.15,2.3545,0.1781,1.6,CA-50,simetrica_duas_faces,Venturini,3,A3_w160,043,ManusAI,Especialista,validado,
A-3,0.15,2.4523,0.0912,1.6,CA-50,simetrica_duas_faces,Venturini,3,A3_w160,044,ManusAI,Especialista,validado,
A-4,0.2,-1.6523,0.0164,0.0,CA-50,simetrica_duas_faces,Venturini,4,A4_w000,002,ManusAI,Especialista,validado,
A-4,0.2,-1.5545,0.0321,0.0,CA-50,simetrica_duas_faces,Venturini,4,A4_w000,003,ManusAI,Especialista,validado,
A-4,0.2,-1.4568,0.047,0.0,CA-50,simetrica_duas_faces,Venturini,4,A4_w000,004,ManusAI,Especialista,validado,
A-4,0.2,-1.3591,0.0612,0.0,CA-50,simetrica_duas_faces,Venturini,4,A4_w000,005,ManusAI,Especialista,validado,
A-4,0.2,-1.2614,0.0745,0.0,CA-50,simetrica_duas_faces,Venturini,4,A4_w000,006,ManusAI,Especialista,validado,
A-4,0.2,-1.1636,0.0871,0.0,CA-50,simetrica_duas_faces,Venturini,4,A4_w000,007,ManusAI,Especialista,validado,
A-4,0.2,-1.0659,0.099,0.0,CA-50,simetrica_duas_faces,Venturini,4,A4_w000,008,ManusAI,Especialista,validado,
A-4,0.2,-0.9682,0.1101,0.0,CA-50,simetrica_duas_faces,Venturini,4,A4_w000,009,ManusAI,Especialista,validado,
A-4,0.2,-0.8705,0.1204,0.0,CA-50,simetrica_duas_faces,Venturini,4,A4_w000,010,ManusAI,Especialista,validado,
A-4,0.2,-0.7727,0.13,0.0,CA-50,simetrica_duas_faces,Venturini,4,A4_w000,011,ManusAI,Especialista,validado,
A-4,0.2,-0.675,0.1388,0.0,CA-50,simetrica_duas_faces,Venturini,4,A4_w000,012,ManusAI,Especialista,validado,
A-4,0.2,-0.5773,0.1468,0.0,CA-50,simetrica_duas_faces,Venturini,4,A4_w000,013,ManusAI,Especialista,validado,
A-4,0.2,-0.4795,0.154,0.0,CA-50,simetrica_duas_faces,Venturini,4,A4_w000,014,ManusAI,Especialista,validado,
A-4,0.2,-0.3818,0.1605,0.0,CA-50,simetrica_duas_faces,Venturini,4,A4_w000,015,ManusAI,Especialista,validado,
A-4,0.2,-0.2841,0.1663,0.0,CA-50,simetrica_duas_faces,Venturini,4,A4_w000,016,ManusAI,Especialista,validado,
A-4,0.2,-0.1864,0.1712,0.0,CA-50,simetrica_duas_faces,Venturini,4,A4_w000,017,ManusAI,Especialista,validado,
A-4,0.2,-0.0886,0.1754,0.0,CA-50,simetrica_duas_faces,Venturini,4,A4_w000,018,ManusAI,Especialista,validado,
A-4,0.2,0.0091,0.1789,0.0,CA-50,simetrica_duas_faces,Venturini,4,A4_w000,019,ManusAI,Especialista,validado,
A-4,0.2,0.1068,0.1816,0.0,CA-50,simetrica_duas_faces,Venturini,4,A4_w000,020,ManusAI,Especialista,validado,
A-4,0.2,0.2045,0.1835,0.0,CA-50,simetrica_duas_faces,Venturini,4,A4_w000,021,ManusAI,Especialista,validado,
A-4,0.2,0.3023,0.1846,0.0,CA-50,simetrica_duas_faces,Venturini,4,A4_w000,022,ManusAI,Especialista,validado,
A-4,0.2,0.4,0.185,0.0,CA-50,simetrica_duas_faces,Venturini,4,A4_w000,023,ManusAI,Especialista,validado,
A-4,0.2,0.4977,0.1846,0.0,CA-50,simetrica_duas_faces,Venturini,4,A4_w000,024,ManusAI,Especialista,validado,
A-4,0.2,0.5955,0.1835,0.0,CA-50,simetrica_duas_faces,Venturini,4,A4_w000,025,ManusAI,Especialista,validado,
A-4,0.2,0.6932,0.1816,0.0,CA-50,simetrica_duas_faces,Venturini,4,A4_w000,026,ManusAI,Especialista,validado,
A-4,0.2,0.7909,0.1789,0.0,CA-50,simetrica_duas_faces,Venturini,4,A4_w000,027,ManusAI,Especialista,validado,
A-4,0.2,0.8886,0.1754,0.0,CA-50,simetrica_duas_faces,Venturini,4,A4_w000,028,ManusAI,Especialista,validado,
A-4,0.2,0.9864,0.1712,0.0,CA-50,simetrica_duas_faces,Venturini,4,A4_w000,029,ManusAI,Especialista,validado,
A-4,0.2,1.0841,0.1663,0.0,CA-50,simetrica_duas_faces,Venturini,4,A4_w000,030,ManusAI,Especialista,validado,
A-4,0.2,1.1818,0.1605,0.0,CA-50,simetrica_duas_faces,Venturini,4,A4_w000,031,ManusAI,Especialista,validado,
A-4,0.2,1.2795,0.154,0.0,CA-50,simetrica_duas_faces,Venturini,4,A4_w000,032,ManusAI,Especialista,validado,
A-4,0.2,1.3773,0.1468,0.0,CA-50,simetrica_duas_faces,Venturini,4,A4_w000,033,ManusAI,Especialista,validado,
A-4,0.2,1.475,0.1388,0.0,CA-50,simetrica_duas_faces,Venturini,4,A4_w000,034,ManusAI,Especialista,validado,
A-4,0.2,1.5727,0.13,0.0,CA-50,simetrica_duas_faces,Venturini,4,A4_w000,035,ManusAI,Especialista,validado,
A-4,0.2,1.6705,0.1204,0.0,CA-50,simetrica_duas_faces,Venturini,4,A4_w000,036,ManusAI,Especialista,validado,
A-4,0.2,1.7682,0.1101,0.0,CA-50,simetrica_duas_faces,Venturini,4,A4_w000,037,ManusAI,Especialista,validado,
A-4,0.2,1.8659,0.099,0.0,CA-50,simetrica_duas_faces,Venturini,4,A4_w000,038,ManusAI,Especialista,validado,
A-4,0.2,1.9636,0.0871,0.0,CA-50,simetrica_duas_faces,Venturini,4,A4_w000,039,ManusAI,Especialista,validado,
A-4,0.2,2.0614,0.0745,0.0,CA-50,simetrica_duas_faces,Venturini,4,A4_w000,040,ManusAI,Especialista,validado,
A-4,0.2,2.1591,0.0612,0.0,CA-50,simetrica_duas_faces,Venturini,4,A4_w000,041,ManusAI,Especialista,validado,
A-4,0.2,2.2568,0.047,0.0,CA-50,simetrica_duas_faces,Venturini,4,A4_w000,042,ManusAI,Especialista,validado,
A-4,0.2,2.3545,0.0321,0.0,CA-50,simetrica_duas_faces,Venturini,4,A4_w000,043,ManusAI,Especialista,validado,
A-4,0.2,2.4523,0.0164,0.0,CA-50,simetrica_duas_faces,Venturini,4,A4_w000,044,ManusAI,Especialista,validado,
A-4,0.2,-1.6523,0.021,0.1,CA-50,simetrica_duas_faces,Venturini,4,A4_w010,002,ManusAI,Especialista,validado,
A-4,0.2,-1.5545,0.0409,0.1,CA-50,simetrica_duas_faces,Venturini,4,A4_w010,003,ManusAI,Especialista,validado,
A-4,0.2,-1.4568,0.0599,0.1,CA-50,simetrica_duas_faces,Venturini,4,A4_w010,004,ManusAI,Especialista,validado,
A-4,0.2,-1.3591,0.078,0.1,CA-50,simetrica_duas_faces,Venturini,4,A4_w010,005,ManusAI,Especialista,validado,
A-4,0.2,-1.2614,0.095,0.1,CA-50,simetrica_duas_faces,Venturini,4,A4_w010,006,ManusAI,Especialista,validado,
A-4,0.2,-1.1636,0.1111,0.1,CA-50,simetrica_duas_faces,Venturini,4,A4_w010,007,ManusAI,Especialista,validado,
A-4,0.2,-1.0659,0.1262,0.1,CA-50,simetrica_duas_faces,Venturini,4,A4_w010,008,ManusAI,Especialista,validado,
A-4,0.2,-0.9682,0.1404,0.1,CA-50,simetrica_duas_faces,Venturini,4,A4_w010,009,ManusAI,Especialista,validado,
A-4,0.2,-0.8705,0.1535,0.1,CA-50,simetrica_duas_faces,Venturini,4,A4_w010,010,ManusAI,Especialista,validado,
A-4,0.2,-0.7727,0.1657,0.1,CA-50,simetrica_duas_faces,Venturini,4,A4_w010,011,ManusAI,Especialista,validado,
A-4,0.2,-0.675,0.1769,0.1,CA-50,simetrica_duas_faces,Venturini,4,A4_w010,012,ManusAI,Especialista,validado,
A-4,0.2,-0.5773,0.1871,0.1,CA-50,simetrica_duas_faces,Venturini,4,A4_w010,013,ManusAI,Especialista,validado,
A-4,0.2,-0.4795,0.1964,0.1,CA-50,simetrica_duas_faces,Venturini,4,A4_w010,014,ManusAI,Especialista,validado,
A-4,0.2,-0.3818,0.2047,0.1,CA-50,simetrica_duas_faces,Venturini,4,A4_w010,015,ManusAI,Especialista,validado,
A-4,0.2,-0.2841,0.212,0.1,CA-50,simetrica_duas_faces,Venturini,4,A4_w010,016,ManusAI,Especialista,validado,
A-4,0.2,-0.1864,0.2183,0.1,CA-50,simetrica_duas_faces,Venturini,4,A4_w010,017,ManusAI,Especialista,validado,
A-4,0.2,-0.0886,0.2237,0.1,CA-50,simetrica_duas_faces,Venturini,4,A4_w010,018,ManusAI,Especialista,validado,
A-4,0.2,0.0091,0.2281,0.1,CA-50,simetrica_duas_faces,Venturini,4,A4_w010,019,ManusAI,Especialista,validado,
A-4,0.2,0.1068,0.2315,0.1,CA-50,simetrica_duas_faces,Venturini,4,A4_w010,020,ManusAI,Especialista,validado,
A-4,0.2,0.2045,0.2339,0.1,CA-50,simetrica_duas_faces,Venturini,4,A4_w010,021,ManusAI,Especialista,validado,
A-4,0.2,0.3023,0.2354,0.1,CA-50,simetrica_duas_faces,Venturini,4,A4_w010,022,ManusAI,Especialista,validado,
A-4,0.2,0.4,0.2359,0.1,CA-50,simetrica_duas_faces,Venturini,4,A4_w010,023,ManusAI,Especialista,validado,
A-4,0.2,0.4977,0.2354,0.1,CA-50,simetrica_duas_faces,Venturini,4,A4_w010,024,ManusAI,Especialista,validado,
A-4,0.2,0.5955,0.2339,0.1,CA-50,simetrica_duas_faces,Venturini,4,A4_w010,025,ManusAI,Especialista,validado,
A-4,0.2,0.6932,0.2315,0.1,CA-50,simetrica_duas_faces,Venturini,4,A4_w010,026,ManusAI,Especialista,validado,
A-4,0.2,0.7909,0.2281,0.1,CA-50,simetrica_duas_faces,Venturini,4,A4_w010,027,ManusAI,Especialista,validado,
A-4,0.2,0.8886,0.2237,0.1,CA-50,simetrica_duas_faces,Venturini,4,A4_w010,028,ManusAI,Especialista,validado,
A-4,0.2,0.9864,0.2183,0.1,CA-50,simetrica_duas_faces,Venturini,4,A4_w010,029,ManusAI,Especialista,validado,
A-4,0.2,1.0841,0.212,0.1,CA-50,simetrica_duas_faces,Venturini,4,A4_w010,030,ManusAI,Especialista,validado,
A-4,0.2,1.1818,0.2047,0.1,CA-50,simetrica_duas_faces,Venturini,4,A4_w010,031,ManusAI,Especialista,validado,
A-4,0.2,1.2795,0.1964,0.1,CA-50,simetrica_duas_faces,Venturini,4,A4_w010,032,ManusAI,Especialista,validado,
A-4,0.2,1.3773,0.1871,0.1,CA-50,simetrica_duas_faces,Venturini,4,A4_w010,033,ManusAI,Especialista,validado,
A-4,0.2,1.475,0.1769,0.1,CA-50,simetrica_duas_faces,Venturini,4,A4_w010,034,ManusAI,Especialista,validado,
A-4,0.2,1.5727,0.1657,0.1,CA-50,simetrica_duas_faces,Venturini,4,A4_w010,035,ManusAI,Especialista,validado,
A-4,0.2,1.6705,0.1535,0.1,CA-50,simetrica_duas_faces,Venturini,4,A4_w010,036,ManusAI,Especialista,validado,
A-4,0.2,1.7682,0.1404,0.1,CA-50,simetrica_duas_faces,Venturini,4,A4_w010,037,ManusAI,Especialista,validado,
A-4,0.2,1.8659,0.1262,0.1,CA-50,simetrica_duas_faces,Venturini,4,A4_w010,038,ManusAI,Especialista,validado,
A-4,0.2,1.9636,0.1111,0.1,CA-50,simetrica_duas_faces,Venturini,4,A4_w010,039,ManusAI,Especialista,validado,
A-4,0.2,2.0614,0.095,0.1,CA-50,simetrica_duas_faces,Venturini,4,A4_w010,040,ManusAI,Especialista,validado,
A-4,0.2,2.1591,0.078,0.1,CA-50,simetrica_duas_faces,Venturini,4,A4_w010,041,ManusAI,Especialista,validado,
A-4,0.2,2.2568,0.0599,0.1,CA-50,simetrica_duas_faces,Venturini,4,A4_w010,042,ManusAI,Especialista,validado,
A-4,0.2,2.3545,0.0409,0.1,CA-50,simetrica_duas_faces,Venturini,4,A4_w010,043,ManusAI,Especialista,validado,
A-4,0.2,2.4523,0.021,0.1,CA-50,simetrica_duas_faces,Venturini,4,A4_w010,044,ManusAI,Especialista,validado,
A-4,0.2,-1.6523,0.0255,0.2,CA-50,simetrica_duas_faces,Venturini,4,A4_w020,002,ManusAI,Especialista,validado,
A-4,0.2,-1.5545,0.0498,0.2,CA-50,simetrica_duas_faces,Venturini,4,A4_w020,003,ManusAI,Especialista,validado,
A-4,0.2,-1.4568,0.0729,0.2,CA-50,simetrica_duas_faces,Venturini,4,A4_w020,004,ManusAI,Especialista,validado,
A-4,0.2,-1.3591,0.0948,0.2,CA-50,simetrica_duas_faces,Venturini,4,A4_w020,005,ManusAI,Especialista,validado,
A-4,0.2,-1.2614,0.1155,0.2,CA-50,simetrica_duas_faces,Venturini,4,A4_w020,006,ManusAI,Especialista,validado,
A-4,0.2,-1.1636,0.1351,0.2,CA-50,simetrica_duas_faces,Venturini,4,A4_w020,007,ManusAI,Especialista,validado,
A-4,0.2,-1.0659,0.1534,0.2,CA-50,simetrica_duas_faces,Venturini,4,A4_w020,008,ManusAI,Especialista,validado,
A-4,0.2,-0.9682,0.1706,0.2,CA-50,simetrica_duas_faces,Venturini,4,A4_w020,009,ManusAI,Especialista,validado,
A-4,0.2,-0.8705,0.1866,0.2,CA-50,simetrica_duas_faces,Venturini,4,A4_w020,010,ManusAI,Especialista,validado,
A-4,0.2,-0.7727,0.2014,0.2,CA-50,simetrica_duas_faces,Venturini,4,A4_w020,011,ManusAI,Especialista,validado,
A-4,0.2,-0.675,0.2151,0.2,CA-50,simetrica_duas_faces,Venturini,4,A4_w020,012,ManusAI,Especialista,validado,
A-4,0.2,-0.5773,0.2275,0.2,CA-50,simetrica_duas_faces,Venturini,4,A4_w020,013,ManusAI,Especialista,validado,
A-4,0.2,-0.4795,0.2388,0.2,CA-50,simetrica_duas_faces,Venturini,4,A4_w020,014,ManusAI,Especialista,validado,
A-4,0.2,-0.3818,0.2488,0.2,CA-50,simetrica_duas_faces,Venturini,4,A4_w020,015,ManusAI,Especialista,validado,
A-4,0.2,-0.2841,0.2577,0.2,CA-50,simetrica_duas_faces,Venturini,4,A4_w020,016,ManusAI,Especialista,validado,
A-4,0.2,-0.1864,0.2654,0.2,CA-50,simetrica_duas_faces,Venturini,4,A4_w020,017,ManusAI,Especialista,validado,
A-4,0.2,-0.0886,0.2719,0.2,CA-50,simetrica_duas_faces,Venturini,4,A4_w020,018,ManusAI,Especialista,validado,
A-4,0.2,0.0091,0.2773,0.2,CA-50,simetrica_duas_faces,Venturini,4,A4_w020,019,ManusAI,Especialista,validado,
A-4,0.2,0.1068,0.2814,0.2,CA-50,simetrica_duas_faces,Venturini,4,A4_w020,020,ManusAI,Especialista,validado,
A-4,0.2,0.2045,0.2844,0.2,CA-50,simetrica_duas_faces,Venturini,4,A4_w020,021,ManusAI,Especialista,validado,
A-4,0.2,0.3023,0.2862,0.2,CA-50,simetrica_duas_faces,Venturini,4,A4_w020,022,ManusAI,Especialista,validado,
A-4,0.2,0.4,0.2868,0.2,CA-50,simetrica_duas_faces,Venturini,4,A4_w020,023,ManusAI,Especialista,validado,
A-4,0.2,0.4977,0.2862,0.2,CA-50,simetrica_duas_faces,Venturini,4,A4_w020,024,ManusAI,Especialista,validado,
A-4,0.2,0.5955,0.2844,0.2,CA-50,simetrica_duas_faces,Venturini,4,A4_w020,025,ManusAI,Especialista,validado,
A-4,0.2,0.6932,0.2814,0.2,CA-50,simetrica_duas_faces,Venturini,4,A4_w020,026,ManusAI,Especialista,validado,
A-4,0.2,0.7909,0.2773,0.2,CA-50,simetrica_duas_faces,Venturini,4,A4_w020,027,ManusAI,Especialista,validado,
A-4,0.2,0.8886,0.2719,0.2,CA-50,simetrica_duas_faces,Venturini,4,A4_w020,028,ManusAI,Especialista,validado,
A-4,0.2,0.9864,0.2654,0.2,CA-50,simetrica_duas_faces,Venturini,4,A4_w020,029,ManusAI,Especialista,validado,
A-4,0.2,1.0841,0.2577,0.2,CA-50,simetrica_duas_faces,Venturini,4,A4_w020,030,ManusAI,Especialista,validado,
A-4,0.2,1.1818,0.2488,0.2,CA-50,simetrica_duas_faces,Venturini,4,A4_w020,031,ManusAI,Especialista,validado,
A-4,0.2,1.2795,0.2388,0.2,CA-50,simetrica_duas_faces,Venturini,4,A4_w020,032,ManusAI,Especialista,validado,
A-4,0.2,1.3773,0.2275,0.2,CA-50,simetrica_duas_faces,Venturini,4,A4_w020,033,ManusAI,Especialista,validado,
A-4,0.2,1.475,0.2151,0.2,CA-50,simetrica_duas_faces,Venturini,4,A4_w020,034,ManusAI,Especialista,validado,
A-4,0.2,1.5727,0.2014,0.2,CA-50,simetrica_duas_faces,Venturini,4,A4_w020,035,ManusAI,Especialista,validado,
A-4,0.2,1.6705,0.1866,0.2,CA-50,simetrica_duas_faces,Venturini,4,A4_w020,036,ManusAI,Especialista,validado,
A-4,0.2,1.7682,0.1706,0.2,CA-50,simetrica_duas_faces,Venturini,4,A4_w020,037,ManusAI,Especialista,validado,
A-4,0.2,1.8659,0.1534,0.2,CA-50,simetrica_duas_faces,Venturini,4,A4_w020,038,ManusAI,Especialista,validado,
A-4,0.2,1.9636,0.1351,0.2,CA-50,simetrica_duas_faces,Venturini,4,A4_w020,039,ManusAI,Especialista,validado,
A-4,0.2,2.0614,0.1155,0.2,CA-50,simetrica_duas_faces,Venturini,4,A4_w020,040,ManusAI,Especialista,validado,
A-4,0.2,2.1591,0.0948,0.2,CA-50,simetrica_duas_faces,Venturini,4,A4_w020,041,ManusAI,Especialista,validado,
A-4,0.2,2.2568,0.0729,0.2,CA-50,simetrica_duas_faces,Venturini,4,A4_w020,042,ManusAI,Especialista,validado,
A-4,0.2,2.3545,0.0498,0.2,CA-50,simetrica_duas_faces,Venturini,4,A4_w020,043,ManusAI,Especialista,validado,
A-4,0.2,2.4523,0.0255,0.2,CA-50,simetrica_duas_faces,Venturini,4,A4_w020,044,ManusAI,Especialista,validado,
A-4,0.2,-1.6523,0.03,0.3,CA-50,simetrica_duas_faces,Venturini,4,A4_w030,002,ManusAI,Especialista,validado,
A-4,0.2,-1.5545,0.0586,0.3,CA-50,simetrica_duas_faces,Venturini,4,A4_w030,003,ManusAI,Especialista,validado,
A-4,0.2,-1.4568,0.0858,0.3,CA-50,simetrica_duas_faces,Venturini,4,A4_w030,004,ManusAI,Especialista,validado,
A-4,0.2,-1.3591,0.1116,0.3,CA-50,simetrica_duas_faces,Venturini,4,A4_w030,005,ManusAI,Especialista,validado,
A-4,0.2,-1.2614,0.136,0.3,CA-50,simetrica_duas_faces,Venturini,4,A4_w030,006,ManusAI,Especialista,validado,
A-4,0.2,-1.1636,0.159,0.3,CA-50,simetrica_duas_faces,Venturini,4,A4_w030,007,ManusAI,Especialista,validado,
A-4,0.2,-1.0659,0.1807,0.3,CA-50,simetrica_duas_faces,Venturini,4,A4_w030,008,ManusAI,Especialista,validado,
A-4,0.2,-0.9682,0.2009,0.3,CA-50,simetrica_duas_faces,Venturini,4,A4_w030,009,ManusAI,Especialista,validado,
A-4,0.2,-0.8705,0.2197,0.3,CA-50,simetrica_duas_faces,Venturini,4,A4_w030,010,ManusAI,Especialista,validado,
A-4,0.2,-0.7727,0.2372,0.3,CA-50,simetrica_duas_faces,Venturini,4,A4_w030,011,ManusAI,Especialista,validado,
A-4,0.2,-0.675,0.2532,0.3,CA-50,simetrica_duas_faces,Venturini,4,A4_w030,012,ManusAI,Especialista,validado,
A-4,0.2,-0.5773,0.2679,0.3,CA-50,simetrica_duas_faces,Venturini,4,A4_w030,013,ManusAI,Especialista,validado,
A-4,0.2,-0.4795,0.2811,0.3,CA-50,simetrica_duas_faces,Venturini,4,A4_w030,014,ManusAI,Especialista,validado,
A-4,0.2,-0.3818,0.293,0.3,CA-50,simetrica_duas_faces,Venturini,4,A4_w030,015,ManusAI,Especialista,validado,
A-4,0.2,-0.2841,0.3034,0.3,CA-50,simetrica_duas_faces,Venturini,4,A4_w030,016,ManusAI,Especialista,validado,
A-4,0.2,-0.1864,0.3125,0.3,CA-50,simetrica_duas_faces,Venturini,4,A4_w030,017,ManusAI,Especialista,validado,
A-4,0.2,-0.0886,0.3202,0.3,CA-50,simetrica_duas_faces,Venturini,4,A4_w030,018,ManusAI,Especialista,validado,
A-4,0.2,0.0091,0.3265,0.3,CA-50,simetrica_duas_faces,Venturini,4,A4_w030,019,ManusAI,Especialista,validado,
A-4,0.2,0.1068,0.3313,0.3,CA-50,simetrica_duas_faces,Venturini,4,A4_w030,020,ManusAI,Especialista,validado,
A-4,0.2,0.2045,0.3348,0.3,CA-50,simetrica_duas_faces,Venturini,4,A4_w030,021,ManusAI,Especialista,validado,
A-4,0.2,0.3023,0.3369,0.3,CA-50,simetrica_duas_faces,Venturini,4,A4_w030,022,ManusAI,Especialista,validado,
A-4,0.2,0.4,0.3376,0.3,CA-50,simetrica_duas_faces,Venturini,4,A4_w030,023,ManusAI,Especialista,validado,
A-4,0.2,0.4977,0.3369,0.3,CA-50,simetrica_duas_faces,Venturini,4,A4_w030,024,ManusAI,Especialista,validado,
A-4,0.2,0.5955,0.3348,0.3,CA-50,simetrica_duas_faces,Venturini,4,A4_w030,025,ManusAI,Especialista,validado,
A-4,0.2,0.6932,0.3313,0.3,CA-50,simetrica_duas_faces,Venturini,4,A4_w030,026,ManusAI,Especialista,validado,
A-4,0.2,0.7909,0.3265,0.3,CA-50,simetrica_duas_faces,Venturini,4,A4_w030,027,ManusAI,Especialista,validado,
A-4,0.2,0.8886,0.3202,0.3,CA-50,simetrica_duas_faces,Venturini,4,A4_w030,028,ManusAI,Especialista,validado,
A-4,0.2,0.9864,0.3125,0.3,CA-50,simetrica_duas_faces,Venturini,4,A4_w030,029,ManusAI,Especialista,validado,
A-4,0.2,1.0841,0.3034,0.3,CA-50,simetrica_duas_faces,Venturini,4,A4_w030,030,ManusAI,Especialista,validado,
A-4,0.2,1.1818,0.293,0.3,CA-50,simetrica_duas_faces,Venturini,4,A4_w030,031,ManusAI,Especialista,validado,
A-4,0.2,1.2795,0.2811,0.3,CA-50,simetrica_duas_faces,Venturini,4,A4_w030,032,ManusAI,Especialista,validado,
A-4,0.2,1.3773,0.2679,0.3,CA-50,simetrica_duas_faces,Venturini,4,A4_w030,033,ManusAI,Especialista,validado,
A-4,0.2,1.475,0.2532,0.3,CA-50,simetrica_duas_faces,Venturini,4,A4_w030,034,ManusAI,Especialista,validado,
A-4,0.2,1.5727,0.2372,0.3,CA-50,simetrica_duas_faces,Venturini,4,A4_w030,035,ManusAI,Especialista,validado,
A-4,0.2,1.6705,0.2197,0.3,CA-50,simetrica_duas_faces,Venturini,4,A4_w030,036,ManusAI,Especialista,validado,
A-4,0.2,1.7682,0.2009,0.3,CA-50,simetrica_duas_faces,Venturini,4,A4_w030,037,ManusAI,Especialista,validado,
A-4,0.2,1.8659,0.1807,0.3,CA-50,simetrica_duas_faces,Venturini,4,A4_w030,038,ManusAI,Especialista,validado,
A-4,0.2,1.9636,0.159,0.3,CA-50,simetrica_duas_faces,Venturini,4,A4_w030,039,ManusAI,Especialista,validado,
A-4,0.2,2.0614,0.136,0.3,CA-50,simetrica_duas_faces,Venturini,4,A4_w030,040,ManusAI,Especialista,validado,
A-4,0.2,2.1591,0.1116,0.3,CA-50,simetrica_duas_faces,Venturini,4,A4_w030,041,ManusAI,Especialista,validado,
A-4,0.2,2.2568,0.0858,0.3,CA-50,simetrica_duas_faces,Venturini,4,A4_w030,042,ManusAI,Especialista,validado,
A-4,0.2,2.3545,0.0586,0.3,CA-50,simetrica_duas_faces,Venturini,4,A4_w030,043,ManusAI,Especialista,validado,
A-4,0.2,2.4523,0.03,0.3,CA-50,simetrica_duas_faces,Venturini,4,A4_w030,044,ManusAI,Especialista,validado,
A-4,0.2,-1.6523,0.0345,0.4,CA-50,simetrica_duas_faces,Venturini,4,A4_w040,002,ManusAI,Especialista,validado,
A-4,0.2,-1.5545,0.0674,0.4,CA-50,simetrica_duas_faces,Venturini,4,A4_w040,003,ManusAI,Especialista,validado,
A-4,0.2,-1.4568,0.0987,0.4,CA-50,simetrica_duas_faces,Venturini,4,A4_w040,004,ManusAI,Especialista,validado,
A-4,0.2,-1.3591,0.1284,0.4,CA-50,simetrica_duas_faces,Venturini,4,A4_w040,005,ManusAI,Especialista,validado,
A-4,0.2,-1.2614,0.1565,0.4,CA-50,simetrica_duas_faces,Venturini,4,A4_w040,006,ManusAI,Especialista,validado,
A-4,0.2,-1.1636,0.183,0.4,CA-50,simetrica_duas_faces,Venturini,4,A4_w040,007,ManusAI,Especialista,validado,
A-4,0.2,-1.0659,0.2079,0.4,CA-50,simetrica_duas_faces,Venturini,4,A4_w040,008,ManusAI,Especialista,validado,
A-4,0.2,-0.9682,0.2312,0.4,CA-50,simetrica_duas_faces,Venturini,4,A4_w040,009,ManusAI,Especialista,validado,
A-4,0.2,-0.8705,0.2528,0.4,CA-50,simetrica_duas_faces,Venturini,4,A4_w040,010,ManusAI,Especialista,validado,
A-4,0.2,-0.7727,0.2729,0.4,CA-50,simetrica_duas_faces,Venturini,4,A4_w040,011,ManusAI,Especialista,validado,
A-4,0.2,-0.675,0.2914,0.4,CA-50,simetrica_duas_faces,Venturini,4,A4_w040,012,ManusAI,Especialista,validado,
A-4,0.2,-0.5773,0.3082,0.4,CA-50,simetrica_duas_faces,Venturini,4,A4_w040,013,ManusAI,Especialista,validado,
A-4,0.2,-0.4795,0.3235,0.4,CA-50,simetrica_duas_faces,Venturini,4,A4_w040,014,ManusAI,Especialista,validado,
A-4,0.2,-0.3818,0.3371,0.4,CA-50,simetrica_duas_faces,Venturini,4,A4_w040,015,ManusAI,Especialista,validado,
A-4,0.2,-0.2841,0.3492,0.4,CA-50,simetrica_duas_faces,Venturini,4,A4_w040,016,ManusAI,Especialista,validado,
A-4,0.2,-0.1864,0.3596,0.4,CA-50,simetrica_duas_faces,Venturini,4,A4_w040,017,ManusAI,Especialista,validado,
A-4,0.2,-0.0886,0.3684,0.4,CA-50,simetrica_duas_faces,Venturini,4,A4_w040,018,ManusAI,Especialista,validado,
A-4,0.2,0.0091,0.3757,0.4,CA-50,simetrica_duas_faces,Venturini,4,A4_w040,019,ManusAI,Especialista,validado,
A-4,0.2,0.1068,0.3813,0.4,CA-50,simetrica_duas_faces,Venturini,4,A4_w040,020,ManusAI,Especialista,validado,
A-4,0.2,0.2045,0.3853,0.4,CA-50,simetrica_duas_faces,Venturini,4,A4_w040,021,ManusAI,Especialista,validado,
A-4,0.2,0.3023,0.3877,0.4,CA-50,simetrica_duas_faces,Venturini,4,A4_w040,022,ManusAI,Especialista,validado,
A-4,0.2,0.4,0.3885,0.4,CA-50,simetrica_duas_faces,Venturini,4,A4_w040,023,ManusAI,Especialista,validado,
A-4,0.2,0.4977,0.3877,0.4,CA-50,simetrica_duas_faces,Venturini,4,A4_w040,024,ManusAI,Especialista,validado,
A-4,0.2,0.5955,0.3853,0.4,CA-50,simetrica_duas_faces,Venturini,4,A4_w040,025,ManusAI,Especialista,validado,
A-4,0.2,0.6932,0.3813,0.4,CA-50,simetrica_duas_faces,Venturini,4,A4_w040,026,ManusAI,Especialista,validado,
A-4,0.2,0.7909,0.3757,0.4,CA-50,simetrica_duas_faces,Venturini,4,A4_w040,027,ManusAI,Especialista,validado,
A-4,0.2,0.8886,0.3684,0.4,CA-50,simetrica_duas_faces,Venturini,4,A4_w040,028,ManusAI,Especialista,validado,
A-4,0.2,0.9864,0.3596,0.4,CA-50,simetrica_duas_faces,Venturini,4,A4_w040,029,ManusAI,Especialista,validado,
A-4,0.2,1.0841,0.3492,0.4,CA-50,simetrica_duas_faces,Venturini,4,A4_w040,030,ManusAI,Especialista,validado,
A-4,0.2,1.1818,0.3371,0.4,CA-50,simetrica_duas_faces,Venturini,4,A4_w040,031,ManusAI,Especialista,validado,
A-4,0.2,1.2795,0.3235,0.4,CA-50,simetrica_duas_faces,Venturini,4,A4_w040,032,ManusAI,Especialista,validado,
A-4,0.2,1.3773,0.3082,0.4,CA-50,simetrica_duas_faces,Venturini,4,A4_w040,033,ManusAI,Especialista,validado,
A-4,0.2,1.475,0.2914,0.4,CA-50,simetrica_duas_faces,Venturini,4,A4_w040,034,ManusAI,Especialista,validado,
A-4,0.2,1.5727,0.2729,0.4,CA-50,simetrica_duas_faces,Venturini,4,A4_w040,035,ManusAI,Especialista,validado,
A-4,0.2,1.6705,0.2528,0.4,CA-50,simetrica_duas_faces,Venturini,4,A4_w040,036,ManusAI,Especialista,validado,
A-4,0.2,1.7682,0.2312,0.4,CA-50,simetrica_duas_faces,Venturini,4,A4_w040,037,ManusAI,Especialista,validado,
A-4,0.2,1.8659,0.2079,0.4,CA-50,simetrica_duas_faces,Venturini,4,A4_w040,038,ManusAI,Especialista,validado,
A-4,0.2,1.9636,0.183,0.4,CA-50,simetrica_duas_faces,Venturini,4,A4_w040,039,ManusAI,Especialista,validado,
A-4,0.2,2.0614,0.1565,0.4,CA-50,simetrica_duas_faces,Venturini,4,A4_w040,040,ManusAI,Especialista,validado,
A-4,0.2,2.1591,0.1284,0.4,CA-50,simetrica_duas_faces,Venturini,4,A4_w040,041,ManusAI,Especialista,validado,
A-4,0.2,2.2568,0.0987,0.4,CA-50,simetrica_duas_faces,Venturini,4,A4_w040,042,ManusAI,Especialista,validado,
A-4,0.2,2.3545,0.0674,0.4,CA-50,simetrica_duas_faces,Venturini,4,A4_w040,043,ManusAI,Especialista,validado,
A-4,0.2,2.4523,0.0345,0.4,CA-50,simetrica_duas_faces,Venturini,4,A4_w040,044,ManusAI,Especialista,validado,
A-4,0.2,-1.6523,0.039,0.5,CA-50,simetrica_duas_faces,Venturini,4,A4_w050,002,ManusAI,Especialista,validado,
A-4,0.2,-1.5545,0.0763,0.5,CA-50,simetrica_duas_faces,Venturini,4,A4_w050,003,ManusAI,Especialista,validado,
A-4,0.2,-1.4568,0.1117,0.5,CA-50,simetrica_duas_faces,Venturini,4,A4_w050,004,ManusAI,Especialista,validado,
A-4,0.2,-1.3591,0.1452,0.5,CA-50,simetrica_duas_faces,Venturini,4,A4_w050,005,ManusAI,Especialista,validado,
A-4,0.2,-1.2614,0.177,0.5,CA-50,simetrica_duas_faces,Venturini,4,A4_w050,006,ManusAI,Especialista,validado,
A-4,0.2,-1.1636,0.207,0.5,CA-50,simetrica_duas_faces,Venturini,4,A4_w050,007,ManusAI,Especialista,validado,
A-4,0.2,-1.0659,0.2351,0.5,CA-50,simetrica_duas_faces,Venturini,4,A4_w050,008,ManusAI,Especialista,validado,
A-4,0.2,-0.9682,0.2614,0.5,CA-50,simetrica_duas_faces,Venturini,4,A4_w050,009,ManusAI,Especialista,validado,
A-4,0.2,-0.8705,0.286,0.5,CA-50,simetrica_duas_faces,Venturini,4,A4_w050,010,ManusAI,Especialista,validado,
A-4,0.2,-0.7727,0.3087,0.5,CA-50,simetrica_duas_faces,Venturini,4,A4_w050,011,ManusAI,Especialista,validado,
A-4,0.2,-0.675,0.3295,0.5,CA-50,simetrica_duas_faces,Venturini,4,A4_w050,012,ManusAI,Especialista,validado,
A-4,0.2,-0.5773,0.3486,0.5,CA-50,simetrica_duas_faces,Venturini,4,A4_w050,013,ManusAI,Especialista,validado,
A-4,0.2,-0.4795,0.3658,0.5,CA-50,simetrica_duas_faces,Venturini,4,A4_w050,014,ManusAI,Especialista,validado,
A-4,0.2,-0.3818,0.3813,0.5,CA-50,simetrica_duas_faces,Venturini,4,A4_w050,015,ManusAI,Especialista,validado,
A-4,0.2,-0.2841,0.3949,0.5,CA-50,simetrica_duas_faces,Venturini,4,A4_w050,016,ManusAI,Especialista,validado,
A-4,0.2,-0.1864,0.4067,0.5,CA-50,simetrica_duas_faces,Venturini,4,A4_w050,017,ManusAI,Especialista,validado,
A-4,0.2,-0.0886,0.4167,0.5,CA-50,simetrica_duas_faces,Venturini,4,A4_w050,018,ManusAI,Especialista,validado,
A-4,0.2,0.0091,0.4249,0.5,CA-50,simetrica_duas_faces,Venturini,4,A4_w050,019,ManusAI,Especialista,validado,
A-4,0.2,0.1068,0.4312,0.5,CA-50,simetrica_duas_faces,Venturini,4,A4_w050,020,ManusAI,Especialista,validado,
A-4,0.2,0.2045,0.4357,0.5,CA-50,simetrica_duas_faces,Venturini,4,A4_w050,021,ManusAI,Especialista,validado,
A-4,0.2,0.3023,0.4385,0.5,CA-50,simetrica_duas_faces,Venturini,4,A4_w050,022,ManusAI,Especialista,validado,
A-4,0.2,0.4,0.4394,0.5,CA-50,simetrica_duas_faces,Venturini,4,A4_w050,023,ManusAI,Especialista,validado,
A-4,0.2,0.4977,0.4385,0.5,CA-50,simetrica_duas_faces,Venturini,4,A4_w050,024,ManusAI,Especialista,validado,
A-4,0.2,0.5955,0.4357,0.5,CA-50,simetrica_duas_faces,Venturini,4,A4_w050,025,ManusAI,Especialista,validado,
A-4,0.2,0.6932,0.4312,0.5,CA-50,simetrica_duas_faces,Venturini,4,A4_w050,026,ManusAI,Especialista,validado,
A-4,0.2,0.7909,0.4249,0.5,CA-50,simetrica_duas_faces,Venturini,4,A4_w050,027,ManusAI,Especialista,validado,
A-4,0.2,0.8886,0.4167,0.5,CA-50,simetrica_duas_faces,Venturini,4,A4_w050,028,ManusAI,Especialista,validado,
A-4,0.2,0.9864,0.4067,0.5,CA-50,simetrica_duas_faces,Venturini,4,A4_w050,029,ManusAI,Especialista,validado,
A-4,0.2,1.0841,0.3949,0.5,CA-50,simetrica_duas_faces,Venturini,4,A4_w050,030,ManusAI,Especialista,validado,
A-4,0.2,1.1818,0.3813,0.5,CA-50,simetrica_duas_faces,Venturini,4,A4_w050,031,ManusAI,Especialista,validado,
A-4,0.2,1.2795,0.3658,0.5,CA-50,simetrica_duas_faces,Venturini,4,A4_w050,032,ManusAI,Especialista,validado,
A-4,0.2,1.3773,0.3486,0.5,CA-50,simetrica_duas_faces,Venturini,4,A4_w050,033,ManusAI,Especialista,validado,
A-4,0.2,1.475,0.3295,0.5,CA-50,simetrica_duas_faces,Venturini,4,A4_w050,034,ManusAI,Especialista,validado,
A-4,0.2,1.5727,0.3087,0.5,CA-50,simetrica_duas_faces,Venturini,4,A4_w050,035,ManusAI,Especialista,validado,
A-4,0.2,1.6705,0.286,0.5,CA-50,simetrica_duas_faces,Venturini,4,A4_w050,036,ManusAI,Especialista,validado,
A-4,0.2,1.7682,0.2614,0.5,CA-50,simetrica_duas_faces,Venturini,4,A4_w050,037,ManusAI,Especialista,validado,
A-4,0.2,1.8659,0.2351,0.5,CA-50,simetrica_duas_faces,Venturini,4,A4_w050,038,ManusAI,Especialista,validado,
A-4,0.2,1.9636,0.207,0.5,CA-50,simetrica_duas_faces,Venturini,4,A4_w050,039,ManusAI,Especialista,validado,
A-4,0.2,2.0614,0.177,0.5,CA-50,simetrica_duas_faces,Venturini,4,A4_w050,040,ManusAI,Especialista,validado,
A-4,0.2,2.1591,0.1452,0.5,CA-50,simetrica_duas_faces,Venturini,4,A4_w050,041,ManusAI,Especialista,validado,
A-4,0.2,2.2568,0.1117,0.5,CA-50,simetrica_duas_faces,Venturini,4,A4_w050,042,ManusAI,Especialista,validado,
A-4,0.2,2.3545,0.0763,0.5,CA-50,simetrica_duas_faces,Venturini,4,A4_w050,043,ManusAI,Especialista,validado,
A-4,0.2,2.4523,0.039,0.5,CA-50,simetrica_duas_faces,Venturini,4,A4_w050,044,ManusAI,Especialista,validado,
A-4,0.2,-1.6523,0.0436,0.6,CA-50,simetrica_duas_faces,Venturini,4,A4_w060,002,ManusAI,Especialista,validado,
A-4,0.2,-1.5545,0.0851,0.6,CA-50,simetrica_duas_faces,Venturini,4,A4_w060,003,ManusAI,Especialista,validado,
A-4,0.2,-1.4568,0.1246,0.6,CA-50,simetrica_duas_faces,Venturini,4,A4_w060,004,ManusAI,Especialista,validado,
A-4,0.2,-1.3591,0.1621,0.6,CA-50,simetrica_duas_faces,Venturini,4,A4_w060,005,ManusAI,Especialista,validado,
A-4,0.2,-1.2614,0.1975,0.6,CA-50,simetrica_duas_faces,Venturini,4,A4_w060,006,ManusAI,Especialista,validado,
A-4,0.2,-1.1636,0.2309,0.6,CA-50,simetrica_duas_faces,Venturini,4,A4_w060,007,ManusAI,Especialista,validado,
A-4,0.2,-1.0659,0.2623,0.6,CA-50,simetrica_duas_faces,Venturini,4,A4_w060,008,ManusAI,Especialista,validado,
A-4,0.2,-0.9682,0.2917,0.6,CA-50,simetrica_duas_faces,Venturini,4,A4_w060,009,ManusAI,Especialista,validado,
A-4,0.2,-0.8705,0.3191,0.6,CA-50,simetrica_duas_faces,Venturini,4,A4_w060,010,ManusAI,Especialista,validado,
A-4,0.2,-0.7727,0.3444,0.6,CA-50,simetrica_duas_faces,Venturini,4,A4_w060,011,ManusAI,Especialista,validado,
A-4,0.2,-0.675,0.3677,0.6,CA-50,simetrica_duas_faces,Venturini,4,A4_w060,012,ManusAI,Especialista,validado,
A-4,0.2,-0.5773,0.389,0.6,CA-50,simetrica_duas_faces,Venturini,4,A4_w060,013,ManusAI,Especialista,validado,
A-4,0.2,-0.4795,0.4082,0.6,CA-50,simetrica_duas_faces,Venturini,4,A4_w060,014,ManusAI,Especialista,validado,
A-4,0.2,-0.3818,0.4254,0.6,CA-50,simetrica_duas_faces,Venturini,4,A4_w060,015,ManusAI,Especialista,validado,
A-4,0.2,-0.2841,0.4406,0.6,CA-50,simetrica_duas_faces,Venturini,4,A4_w060,016,ManusAI,Especialista,validado,
A-4,0.2,-0.1864,0.4538,0.6,CA-50,simetrica_duas_faces,Venturini,4,A4_w060,017,ManusAI,Especialista,validado,
A-4,0.2,-0.0886,0.4649,0.6,CA-50,simetrica_duas_faces,Venturini,4,A4_w060,018,ManusAI,Especialista,validado,
A-4,0.2,0.0091,0.474,0.6,CA-50,simetrica_duas_faces,Venturini,4,A4_w060,019,ManusAI,Especialista,validado,
A-4,0.2,0.1068,0.4811,0.6,CA-50,simetrica_duas_faces,Venturini,4,A4_w060,020,ManusAI,Especialista,validado,
A-4,0.2,0.2045,0.4862,0.6,CA-50,simetrica_duas_faces,Venturini,4,A4_w060,021,ManusAI,Especialista,validado,
A-4,0.2,0.3023,0.4892,0.6,CA-50,simetrica_duas_faces,Venturini,4,A4_w060,022,ManusAI,Especialista,validado,
A-4,0.2,0.4,0.4903,0.6,CA-50,simetrica_duas_faces,Venturini,4,A4_w060,023,ManusAI,Especialista,validado,
A-4,0.2,0.4977,0.4892,0.6,CA-50,simetrica_duas_faces,Venturini,4,A4_w060,024,ManusAI,Especialista,validado,
A-4,0.2,0.5955,0.4862,0.6,CA-50,simetrica_duas_faces,Venturini,4,A4_w060,025,ManusAI,Especialista,validado,
A-4,0.2,0.6932,0.4811,0.6,CA-50,simetrica_duas_faces,Venturini,4,A4_w060,026,ManusAI,Especialista,validado,
A-4,0.2,0.7909,0.474,0.6,CA-50,simetrica_duas_faces,Venturini,4,A4_w060,027,ManusAI,Especialista,validado,
A-4,0.2,0.8886,0.4649,0.6,CA-50,simetrica_duas_faces,Venturini,4,A4_w060,028,ManusAI,Especialista,validado,
A-4,0.2,0.9864,0.4538,0.6,CA-50,simetrica_duas_faces,Venturini,4,A4_w060,029,ManusAI,Especialista,validado,
A-4,0.2,1.0841,0.4406,0.6,CA-50,simetrica_duas_faces,Venturini,4,A4_w060,030,ManusAI,Especialista,validado,
A-4,0.2,1.1818,0.4254,0.6,CA-50,simetrica_duas_faces,Venturini,4,A4_w060,031,ManusAI,Especialista,validado,
A-4,0.2,1.2795,0.4082,0.6,CA-50,simetrica_duas_faces,Venturini,4,A4_w060,032,ManusAI,Especialista,validado,
A-4,0.2,1.3773,0.389,0.6,CA-50,simetrica_duas_faces,Venturini,4,A4_w060,033,ManusAI,Especialista,validado,
A-4,0.2,1.475,0.3677,0.6,CA-50,simetrica_duas_faces,Venturini,4,A4_w060,034,ManusAI,Especialista,validado,
A-4,0.2,1.5727,0.3444,0.6,CA-50,simetrica_duas_faces,Venturini,4,A4_w060,035,ManusAI,Especialista,validado,
A-4,0.2,1.6705,0.3191,0.6,CA-50,simetrica_duas_faces,Venturini,4,A4_w060,036,ManusAI,Especialista,validado,
A-4,0.2,1.7682,0.2917,0.6,CA-50,simetrica_duas_faces,Venturini,4,A4_w060,037,ManusAI,Especialista,validado,
A-4,0.2,1.8659,0.2623,0.6,CA-50,simetrica_duas_faces,Venturini,4,A4_w060,038,ManusAI,Especialista,validado,
A-4,0.2,1.9636,0.2309,0.6,CA-50,simetrica_duas_faces,Venturini,4,A4_w060,039,ManusAI,Especialista,validado,
A-4,0.2,2.0614,0.1975,0.6,CA-50,simetrica_duas_faces,Venturini,4,A4_w060,040,ManusAI,Especialista,validado,
A-4,0.2,2.1591,0.1621,0.6,CA-50,simetrica_duas_faces,Venturini,4,A4_w060,041,ManusAI,Especialista,validado,
A-4,0.2,2.2568,0.1246,0.6,CA-50,simetrica_duas_faces,Venturini,4,A4_w060,042,ManusAI,Especialista,validado,
A-4,0.2,2.3545,0.0851,0.6,CA-50,simetrica_duas_faces,Venturini,4,A4_w060,043,ManusAI,Especialista,validado,
A-4,0.2,2.4523,0.0436,0.6,CA-50,simetrica_duas_faces,Venturini,4,A4_w060,044,ManusAI,Especialista,validado,
A-4,0.2,-1.6523,0.0481,0.7,CA-50,simetrica_duas_faces,Venturini,4,A4_w070,002,ManusAI,Especialista,validado,
A-4,0.2,-1.5545,0.0939,0.7,CA-50,simetrica_duas_faces,Venturini,4,A4_w070,003,ManusAI,Especialista,validado,
A-4,0.2,-1.4568,0.1375,0.7,CA-50,simetrica_duas_faces,Venturini,4,A4_w070,004,ManusAI,Especialista,validado,
A-4,0.2,-1.3591,0.1789,0.7,CA-50,simetrica_duas_faces,Venturini,4,A4_w070,005,ManusAI,Especialista,validado,
A-4,0.2,-1.2614,0.218,0.7,CA-50,simetrica_duas_faces,Venturini,4,A4_w070,006,ManusAI,Especialista,validado,
A-4,0.2,-1.1636,0.2549,0.7,CA-50,simetrica_duas_faces,Venturini,4,A4_w070,007,ManusAI,Especialista,validado,
A-4,0.2,-1.0659,0.2896,0.7,CA-50,simetrica_duas_faces,Venturini,4,A4_w070,008,ManusAI,Especialista,validado,
A-4,0.2,-0.9682,0.322,0.7,CA-50,simetrica_duas_faces,Venturini,4,A4_w070,009,ManusAI,Especialista,validado,
A-4,0.2,-0.8705,0.3522,0.7,CA-50,simetrica_duas_faces,Venturini,4,A4_w070,010,ManusAI,Especialista,validado,
A-4,0.2,-0.7727,0.3801,0.7,CA-50,simetrica_duas_faces,Venturini,4,A4_w070,011,ManusAI,Especialista,validado,
A-4,0.2,-0.675,0.4058,0.7,CA-50,simetrica_duas_faces,Venturini,4,A4_w070,012,ManusAI,Especialista,validado,
A-4,0.2,-0.5773,0.4293,0.7,CA-50,simetrica_duas_faces,Venturini,4,A4_w070,013,ManusAI,Especialista,validado,
A-4,0.2,-0.4795,0.4506,0.7,CA-50,simetrica_duas_faces,Venturini,4,A4_w070,014,ManusAI,Especialista,validado,
A-4,0.2,-0.3818,0.4696,0.7,CA-50,simetrica_duas_faces,Venturini,4,A4_w070,015,ManusAI,Especialista,validado,
A-4,0.2,-0.2841,0.4863,0.7,CA-50,simetrica_duas_faces,Venturini,4,A4_w070,016,ManusAI,Especialista,validado,
A-4,0.2,-0.1864,0.5009,0.7,CA-50,simetrica_duas_faces,Venturini,4,A4_w070,017,ManusAI,Especialista,validado,
A-4,0.2,-0.0886,0.5132,0.7,CA-50,simetrica_duas_faces,Venturini,4,A4_w070,018,ManusAI,Especialista,validado,
A-4,0.2,0.0091,0.5232,0.7,CA-50,simetrica_duas_faces,Venturini,4,A4_w070,019,ManusAI,Especialista,validado,
A-4,0.2,0.1068,0.5311,0.7,CA-50,simetrica_duas_faces,Venturini,4,A4_w070,020,ManusAI,Especialista,validado,
A-4,0.2,0.2045,0.5367,0.7,CA-50,simetrica_duas_faces,Venturini,4,A4_w070,021,ManusAI,Especialista,validado,
A-4,0.2,0.3023,0.54,0.7,CA-50,simetrica_duas_faces,Venturini,4,A4_w070,022,ManusAI,Especialista,validado,
A-4,0.2,0.4,0.5411,0.7,CA-50,simetrica_duas_faces,Venturini,4,A4_w070,023,ManusAI,Especialista,validado,
A-4,0.2,0.4977,0.54,0.7,CA-50,simetrica_duas_faces,Venturini,4,A4_w070,024,ManusAI,Especialista,validado,
A-4,0.2,0.5955,0.5367,0.7,CA-50,simetrica_duas_faces,Venturini,4,A4_w070,025,ManusAI,Especialista,validado,
A-4,0.2,0.6932,0.5311,0.7,CA-50,simetrica_duas_faces,Venturini,4,A4_w070,026,ManusAI,Especialista,validado,
A-4,0.2,0.7909,0.5232,0.7,CA-50,simetrica_duas_faces,Venturini,4,A4_w070,027,ManusAI,Especialista,validado,
A-4,0.2,0.8886,0.5132,0.7,CA-50,simetrica_duas_faces,Venturini,4,A4_w070,028,ManusAI,Especialista,validado,
A-4,0.2,0.9864,0.5009,0.7,CA-50,simetrica_duas_faces,Venturini,4,A4_w070,029,ManusAI,Especialista,validado,
A-4,0.2,1.0841,0.4863,0.7,CA-50,simetrica_duas_faces,Venturini,4,A4_w070,030,ManusAI,Especialista,validado,
A-4,0.2,1.1818,0.4696,0.7,CA-50,simetrica_duas_faces,Venturini,4,A4_w070,031,ManusAI,Especialista,validado,
A-4,0.2,1.2795,0.4506,0.7,CA-50,simetrica_duas_faces,Venturini,4,A4_w070,032,ManusAI,Especialista,validado,
A-4,0.2,1.3773,0.4293,0.7,CA-50,simetrica_duas_faces,Venturini,4,A4_w070,033,ManusAI,Especialista,validado,
A-4,0.2,1.475,0.4058,0.7,CA-50,simetrica_duas_faces,Venturini,4,A4_w070,034,ManusAI,Especialista,validado,
A-4,0.2,1.5727,0.3801,0.7,CA-50,simetrica_duas_faces,Venturini,4,A4_w070,035,ManusAI,Especialista,validado,
A-4,0.2,1.6705,0.3522,0.7,CA-50,simetrica_duas_faces,Venturini,4,A4_w070,036,ManusAI,Especialista,validado,
A-4,0.2,1.7682,0.322,0.7,CA-50,simetrica_duas_faces,Venturini,4,A4_w070,037,ManusAI,Especialista,validado,
A-4,0.2,1.8659,0.2896,0.7,CA-50,simetrica_duas_faces,Venturini,4,A4_w070,038,ManusAI,Especialista,validado,
A-4,0.2,1.9636,0.2549,0.7,CA-50,simetrica_duas_faces,Venturini,4,A4_w070,039,ManusAI,Especialista,validado,
A-4,0.2,2.0614,0.218,0.7,CA-50,simetrica_duas_faces,Venturini,4,A4_w070,040,ManusAI,Especialista,validado,
A-4,0.2,2.1591,0.1789,0.7,CA-50,simetrica_duas_faces,Venturini,4,A4_w070,041,ManusAI,Especialista,validado,
A-4,0.2,2.2568,0.1375,0.7,CA-50,simetrica_duas_faces,Venturini,4,A4_w070,042,ManusAI,Especialista,validado,
A-4,0.2,2.3545,0.0939,0.7,CA-50,simetrica_duas_faces,Venturini,4,A4_w070,043,ManusAI,Especialista,validado,
A-4,0.2,2.4523,0.0481,0.7,CA-50,simetrica_duas_faces,Venturini,4,A4_w070,044,ManusAI,Especialista,validado,
A-4,0.2,-1.6523,0.0526,0.8,CA-50,simetrica_duas_faces,Venturini,4,A4_w080,002,ManusAI,Especialista,validado,
A-4,0.2,-1.5545,0.1027,0.8,CA-50,simetrica_duas_faces,Venturini,4,A4_w080,003,ManusAI,Especialista,validado,
A-4,0.2,-1.4568,0.1504,0.8,CA-50,simetrica_duas_faces,Venturini,4,A4_w080,004,ManusAI,Especialista,validado,
A-4,0.2,-1.3591,0.1957,0.8,CA-50,simetrica_duas_faces,Venturini,4,A4_w080,005,ManusAI,Especialista,validado,
A-4,0.2,-1.2614,0.2385,0.8,CA-50,simetrica_duas_faces,Venturini,4,A4_w080,006,ManusAI,Especialista,validado,
A-4,0.2,-1.1636,0.2789,0.8,CA-50,simetrica_duas_faces,Venturini,4,A4_w080,007,ManusAI,Especialista,validado,
A-4,0.2,-1.0659,0.3168,0.8,CA-50,simetrica_duas_faces,Venturini,4,A4_w080,008,ManusAI,Especialista,validado,
A-4,0.2,-0.9682,0.3523,0.8,CA-50,simetrica_duas_faces,Venturini,4,A4_w080,009,ManusAI,Especialista,validado,
A-4,0.2,-0.8705,0.3853,0.8,CA-50,simetrica_duas_faces,Venturini,4,A4_w080,010,ManusAI,Especialista,validado,
A-4,0.2,-0.7727,0.4159,0.8,CA-50,simetrica_duas_faces,Venturini,4,A4_w080,011,ManusAI,Especialista,validado,
A-4,0.2,-0.675,0.444,0.8,CA-50,simetrica_duas_faces,Venturini,4,A4_w080,012,ManusAI,Especialista,validado,
A-4,0.2,-0.5773,0.4697,0.8,CA-50,simetrica_duas_faces,Venturini,4,A4_w080,013,ManusAI,Especialista,validado,
A-4,0.2,-0.4795,0.4929,0.8,CA-50,simetrica_duas_faces,Venturini,4,A4_w080,014,ManusAI,Especialista,validado,
A-4,0.2,-0.3818,0.5137,0.8,CA-50,simetrica_duas_faces,Venturini,4,A4_w080,015,ManusAI,Especialista,validado,
A-4,0.2,-0.2841,0.5321,0.8,CA-50,simetrica_duas_faces,Venturini,4,A4_w080,016,ManusAI,Especialista,validado,
A-4,0.2,-0.1864,0.548,0.8,CA-50,simetrica_duas_faces,Venturini,4,A4_w080,017,ManusAI,Especialista,validado,
A-4,0.2,-0.0886,0.5614,0.8,CA-50,simetrica_duas_faces,Venturini,4,A4_w080,018,ManusAI,Especialista,validado,
A-4,0.2,0.0091,0.5724,0.8,CA-50,simetrica_duas_faces,Venturini,4,A4_w080,019,ManusAI,Especialista,validado,
A-4,0.2,0.1068,0.581,0.8,CA-50,simetrica_duas_faces,Venturini,4,A4_w080,020,ManusAI,Especialista,validado,
A-4,0.2,0.2045,0.5871,0.8,CA-50,simetrica_duas_faces,Venturini,4,A4_w080,021,ManusAI,Especialista,validado,
A-4,0.2,0.3023,0.5908,0.8,CA-50,simetrica_duas_faces,Venturini,4,A4_w080,022,ManusAI,Especialista,validado,
A-4,0.2,0.4,0.592,0.8,CA-50,simetrica_duas_faces,Venturini,4,A4_w080,023,ManusAI,Especialista,validado,
A-4,0.2,0.4977,0.5908,0.8,CA-50,simetrica_duas_faces,Venturini,4,A4_w080,024,ManusAI,Especialista,validado,
A-4,0.2,0.5955,0.5871,0.8,CA-50,simetrica_duas_faces,Venturini,4,A4_w080,025,ManusAI,Especialista,validado,
A-4,0.2,0.6932,0.581,0.8,CA-50,simetrica_duas_faces,Venturini,4,A4_w080,026,ManusAI,Especialista,validado,
A-4,0.2,0.7909,0.5724,0.8,CA-50,simetrica_duas_faces,Venturini,4,A4_w080,027,ManusAI,Especialista,validado,
A-4,0.2,0.8886,0.5614,0.8,CA-50,simetrica_duas_faces,Venturini,4,A4_w080,028,ManusAI,Especialista,validado,
A-4,0.2,0.9864,0.548,0.8,CA-50,simetrica_duas_faces,Venturini,4,A4_w080,029,ManusAI,Especialista,validado,
A-4,0.2,1.0841,0.5321,0.8,CA-50,simetrica_duas_faces,Venturini,4,A4_w080,030,ManusAI,Especialista,validado,
A-4,0.2,1.1818,0.5137,0.8,CA-50,simetrica_duas_faces,Venturini,4,A4_w080,031,ManusAI,Especialista,validado,
A-4,0.2,1.2795,0.4929,0.8,CA-50,simetrica_duas_faces,Venturini,4,A4_w080,032,ManusAI,Especialista,validado,
A-4,0.2,1.3773,0.4697,0.8,CA-50,simetrica_duas_faces,Venturini,4,A4_w080,033,ManusAI,Especialista,validado,
A-4,0.2,1.475,0.444,0.8,CA-50,simetrica_duas_faces,Venturini,4,A4_w080,034,ManusAI,Especialista,validado,
A-4,0.2,1.5727,0.4159,0.8,CA-50,simetrica_duas_faces,Venturini,4,A4_w080,035,ManusAI,Especialista,validado,
A-4,0.2,1.6705,0.3853,0.8,CA-50,simetrica_duas_faces,Venturini,4,A4_w080,036,ManusAI,Especialista,validado,
A-4,0.2,1.7682,0.3523,0.8,CA-50,simetrica_duas_faces,Venturini,4,A4_w080,037,ManusAI,Especialista,validado,
A-4,0.2,1.8659,0.3168,0.8,CA-50,simetrica_duas_faces,Venturini,4,A4_w080,038,ManusAI,Especialista,validado,
A-4,0.2,1.9636,0.2789,0.8,CA-50,simetrica_duas_faces,Venturini,4,A4_w080,039,ManusAI,Especialista,validado,
A-4,0.2,2.0614,0.2385,0.8,CA-50,simetrica_duas_faces,Venturini,4,A4_w080,040,ManusAI,Especialista,validado,
A-4,0.2,2.1591,0.1957,0.8,CA-50,simetrica_duas_faces,Venturini,4,A4_w080,041,ManusAI,Especialista,validado,
A-4,0.2,2.2568,0.1504,0.8,CA-50,simetrica_duas_faces,Venturini,4,A4_w080,042,ManusAI,Especialista,validado,
A-4,0.2,2.3545,0.1027,0.8,CA-50,simetrica_duas_faces,Venturini,4,A4_w080,043,ManusAI,Especialista,validado,
A-4,0.2,2.4523,0.0526,0.8,CA-50,simetrica_duas_faces,Venturini,4,A4_w080,044,ManusAI,Especialista,validado,
A-4,0.2,-1.6523,0.0571,0.9,CA-50,simetrica_duas_faces,Venturini,4,A4_w090,002,ManusAI,Especialista,validado,
A-4,0.2,-1.5545,0.1116,0.9,CA-50,simetrica_duas_faces,Venturini,4,A4_w090,003,ManusAI,Especialista,validado,
A-4,0.2,-1.4568,0.1634,0.9,CA-50,simetrica_duas_faces,Venturini,4,A4_w090,004,ManusAI,Especialista,validado,
A-4,0.2,-1.3591,0.2125,0.9,CA-50,simetrica_duas_faces,Venturini,4,A4_w090,005,ManusAI,Especialista,validado,
A-4,0.2,-1.2614,0.259,0.9,CA-50,simetrica_duas_faces,Venturini,4,A4_w090,006,ManusAI,Especialista,validado,
A-4,0.2,-1.1636,0.3028,0.9,CA-50,simetrica_duas_faces,Venturini,4,A4_w090,007,ManusAI,Especialista,validado,
A-4,0.2,-1.0659,0.344,0.9,CA-50,simetrica_duas_faces,Venturini,4,A4_w090,008,ManusAI,Especialista,validado,
A-4,0.2,-0.9682,0.3825,0.9,CA-50,simetrica_duas_faces,Venturini,4,A4_w090,009,ManusAI,Especialista,validado,
A-4,0.2,-0.8705,0.4184,0.9,CA-50,simetrica_duas_faces,Venturini,4,A4_w090,010,ManusAI,Especialista,validado,
A-4,0.2,-0.7727,0.4516,0.9,CA-50,simetrica_duas_faces,Venturini,4,A4_w090,011,ManusAI,Especialista,validado,
A-4,0.2,-0.675,0.4822,0.9,CA-50,simetrica_duas_faces,Venturini,4,A4_w090,012,ManusAI,Especialista,validado,
A-4,0.2,-0.5773,0.51,0.9,CA-50,simetrica_duas_faces,Venturini,4,A4_w090,013,ManusAI,Especialista,validado,
A-4,0.2,-0.4795,0.5353,0.9,CA-50,simetrica_duas_faces,Venturini,4,A4_w090,014,ManusAI,Especialista,validado,
A-4,0.2,-0.3818,0.5579,0.9,CA-50,simetrica_duas_faces,Venturini,4,A4_w090,015,ManusAI,Especialista,validado,
A-4,0.2,-0.2841,0.5778,0.9,CA-50,simetrica_duas_faces,Venturini,4,A4_w090,016,ManusAI,Especialista,validado,
A-4,0.2,-0.1864,0.5951,0.9,CA-50,simetrica_duas_faces,Venturini,4,A4_w090,017,ManusAI,Especialista,validado,
A-4,0.2,-0.0886,0.6097,0.9,CA-50,simetrica_duas_faces,Venturini,4,A4_w090,018,ManusAI,Especialista,validado,
A-4,0.2,0.0091,0.6216,0.9,CA-50,simetrica_duas_faces,Venturini,4,A4_w090,019,ManusAI,Especialista,validado,
A-4,0.2,0.1068,0.6309,0.9,CA-50,simetrica_duas_faces,Venturini,4,A4_w090,020,ManusAI,Especialista,validado,
A-4,0.2,0.2045,0.6376,0.9,CA-50,simetrica_duas_faces,Venturini,4,A4_w090,021,ManusAI,Especialista,validado,
A-4,0.2,0.3023,0.6415,0.9,CA-50,simetrica_duas_faces,Venturini,4,A4_w090,022,ManusAI,Especialista,validado,
A-4,0.2,0.4,0.6429,0.9,CA-50,simetrica_duas_faces,Venturini,4,A4_w090,023,ManusAI,Especialista,validado,
A-4,0.2,0.4977,0.6415,0.9,CA-50,simetrica_duas_faces,Venturini,4,A4_w090,024,ManusAI,Especialista,validado,
A-4,0.2,0.5955,0.6376,0.9,CA-50,simetrica_duas_faces,Venturini,4,A4_w090,025,ManusAI,Especialista,validado,
A-4,0.2,0.6932,0.6309,0.9,CA-50,simetrica_duas_faces,Venturini,4,A4_w090,026,ManusAI,Especialista,validado,
A-4,0.2,0.7909,0.6216,0.9,CA-50,simetrica_duas_faces,Venturini,4,A4_w090,027,ManusAI,Especialista,validado,
A-4,0.2,0.8886,0.6097,0.9,CA-50,simetrica_duas_faces,Venturini,4,A4_w090,028,ManusAI,Especialista,validado,
A-4,0.2,0.9864,0.5951,0.9,CA-50,simetrica_duas_faces,Venturini,4,A4_w090,029,ManusAI,Especialista,validado,
A-4,0.2,1.0841,0.5778,0.9,CA-50,simetrica_duas_faces,Venturini,4,A4_w090,030,ManusAI,Especialista,validado,
A-4,0.2,1.1818,0.5579,0.9,CA-50,simetrica_duas_faces,Venturini,4,A4_w090,031,ManusAI,Especialista,validado,
A-4,0.2,1.2795,0.5353,0.9,CA-50,simetrica_duas_faces,Venturini,4,A4_w090,032,ManusAI,Especialista,validado,
A-4,0.2,1.3773,0.51,0.9,CA-50,simetrica_duas_faces,Venturini,4,A4_w090,033,ManusAI,Especialista,validado,
A-4,0.2,1.475,0.4822,0.9,CA-50,simetrica_duas_faces,Venturini,4,A4_w090,034,ManusAI,Especialista,validado,
A-4,0.2,1.5727,0.4516,0.9,CA-50,simetrica_duas_faces,Venturini,4,A4_w090,035,ManusAI,Especialista,validado,
A-4,0.2,1.6705,0.4184,0.9,CA-50,simetrica_duas_faces,Venturini,4,A4_w090,036,ManusAI,Especialista,validado,
A-4,0.2,1.7682,0.3825,0.9,CA-50,simetrica_duas_faces,Venturini,4,A4_w090,037,ManusAI,Especialista,validado,
A-4,0.2,1.8659,0.344,0.9,CA-50,simetrica_duas_faces,Venturini,4,A4_w090,038,ManusAI,Especialista,validado,
A-4,0.2,1.9636,0.3028,0.9,CA-50,simetrica_duas_faces,Venturini,4,A4_w090,039,ManusAI,Especialista,validado,
A-4,0.2,2.0614,0.259,0.9,CA-50,simetrica_duas_faces,Venturini,4,A4_w090,040,ManusAI,Especialista,validado,
A-4,0.2,2.1591,0.2125,0.9,CA-50,simetrica_duas_faces,Venturini,4,A4_w090,041,ManusAI,Especialista,validado,
A-4,0.2,2.2568,0.1634,0.9,CA-50,simetrica_duas_faces,Venturini,4,A4_w090,042,ManusAI,Especialista,validado,
A-4,0.2,2.3545,0.1116,0.9,CA-50,simetrica_duas_faces,Venturini,4,A4_w090,043,ManusAI,Especialista,validado,
A-4,0.2,2.4523,0.0571,0.9,CA-50,simetrica_duas_faces,Venturini,4,A4_w090,044,ManusAI,Especialista,validado,
A-4,0.2,-1.6523,0.0616,1.0,CA-50,simetrica_duas_faces,Venturini,4,A4_w100,002,ManusAI,Especialista,validado,
A-4,0.2,-1.5545,0.1204,1.0,CA-50,simetrica_duas_faces,Venturini,4,A4_w100,003,ManusAI,Especialista,validado,
A-4,0.2,-1.4568,0.1763,1.0,CA-50,simetrica_duas_faces,Venturini,4,A4_w100,004,ManusAI,Especialista,validado,
A-4,0.2,-1.3591,0.2293,1.0,CA-50,simetrica_duas_faces,Venturini,4,A4_w100,005,ManusAI,Especialista,validado,
A-4,0.2,-1.2614,0.2795,1.0,CA-50,simetrica_duas_faces,Venturini,4,A4_w100,006,ManusAI,Especialista,validado,
A-4,0.2,-1.1636,0.3268,1.0,CA-50,simetrica_duas_faces,Venturini,4,A4_w100,007,ManusAI,Especialista,validado,
A-4,0.2,-1.0659,0.3712,1.0,CA-50,simetrica_duas_faces,Venturini,4,A4_w100,008,ManusAI,Especialista,validado,
A-4,0.2,-0.9682,0.4128,1.0,CA-50,simetrica_duas_faces,Venturini,4,A4_w100,009,ManusAI,Especialista,validado,
A-4,0.2,-0.8705,0.4515,1.0,CA-50,simetrica_duas_faces,Venturini,4,A4_w100,010,ManusAI,Especialista,validado,
A-4,0.2,-0.7727,0.4873,1.0,CA-50,simetrica_duas_faces,Venturini,4,A4_w100,011,ManusAI,Especialista,validado,
A-4,0.2,-0.675,0.5203,1.0,CA-50,simetrica_duas_faces,Venturini,4,A4_w100,012,ManusAI,Especialista,validado,
A-4,0.2,-0.5773,0.5504,1.0,CA-50,simetrica_duas_faces,Venturini,4,A4_w100,013,ManusAI,Especialista,validado,
A-4,0.2,-0.4795,0.5776,1.0,CA-50,simetrica_duas_faces,Venturini,4,A4_w100,014,ManusAI,Especialista,validado,
A-4,0.2,-0.3818,0.602,1.0,CA-50,simetrica_duas_faces,Venturini,4,A4_w100,015,ManusAI,Especialista,validado,
A-4,0.2,-0.2841,0.6235,1.0,CA-50,simetrica_duas_faces,Venturini,4,A4_w100,016,ManusAI,Especialista,validado,
A-4,0.2,-0.1864,0.6421,1.0,CA-50,simetrica_duas_faces,Venturini,4,A4_w100,017,ManusAI,Especialista,validado,
A-4,0.2,-0.0886,0.6579,1.0,CA-50,simetrica_duas_faces,Venturini,4,A4_w100,018,ManusAI,Especialista,validado,
A-4,0.2,0.0091,0.6708,1.0,CA-50,simetrica_duas_faces,Venturini,4,A4_w100,019,ManusAI,Especialista,validado,
A-4,0.2,0.1068,0.6808,1.0,CA-50,simetrica_duas_faces,Venturini,4,A4_w100,020,ManusAI,Especialista,validado,
A-4,0.2,0.2045,0.688,1.0,CA-50,simetrica_duas_faces,Venturini,4,A4_w100,021,ManusAI,Especialista,validado,
A-4,0.2,0.3023,0.6923,1.0,CA-50,simetrica_duas_faces,Venturini,4,A4_w100,022,ManusAI,Especialista,validado,
A-4,0.2,0.4,0.6938,1.0,CA-50,simetrica_duas_faces,Venturini,4,A4_w100,023,ManusAI,Especialista,validado,
A-4,0.2,0.4977,0.6923,1.0,CA-50,simetrica_duas_faces,Venturini,4,A4_w100,024,ManusAI,Especialista,validado,
A-4,0.2,0.5955,0.688,1.0,CA-50,simetrica_duas_faces,Venturini,4,A4_w100,025,ManusAI,Especialista,validado,
A-4,0.2,0.6932,0.6808,1.0,CA-50,simetrica_duas_faces,Venturini,4,A4_w100,026,ManusAI,Especialista,validado,
A-4,0.2,0.7909,0.6708,1.0,CA-50,simetrica_duas_faces,Venturini,4,A4_w100,027,ManusAI,Especialista,validado,
A-4,0.2,0.8886,0.6579,1.0,CA-50,simetrica_duas_faces,Venturini,4,A4_w100,028,ManusAI,Especialista,validado,
A-4,0.2,0.9864,0.6421,1.0,CA-50,simetrica_duas_faces,Venturini,4,A4_w100,029,ManusAI,Especialista,validado,
A-4,0.2,1.0841,0.6235,1.0,CA-50,simetrica_duas_faces,Venturini,4,A4_w100,030,ManusAI,Especialista,validado,
A-4,0.2,1.1818,0.602,1.0,CA-50,simetrica_duas_faces,Venturini,4,A4_w100,031,ManusAI,Especialista,validado,
A-4,0.2,1.2795,0.5776,1.0,CA-50,simetrica_duas_faces,Venturini,4,A4_w100,032,ManusAI,Especialista,validado,
A-4,0.2,1.3773,0.5504,1.0,CA-50,simetrica_duas_faces,Venturini,4,A4_w100,033,ManusAI,Especialista,validado,
A-4,0.2,1.475,0.5203,1.0,CA-50,simetrica_duas_faces,Venturini,4,A4_w100,034,ManusAI,Especialista,validado,
A-4,0.2,1.5727,0.4873,1.0,CA-50,simetrica_duas_faces,Venturini,4,A4_w100,035,ManusAI,Especialista,validado,
A-4,0.2,1.6705,0.4515,1.0,CA-50,simetrica_duas_faces,Venturini,4,A4_w100,036,ManusAI,Especialista,validado,
A-4,0.2,1.7682,0.4128,1.0,CA-50,simetrica_duas_faces,Venturini,4,A4_w100,037,ManusAI,Especialista,validado,
A-4,0.2,1.8659,0.3712,1.0,CA-50,simetrica_duas_faces,Venturini,4,A4_w100,038,ManusAI,Especialista,validado,
A-4,0.2,1.9636,0.3268,1.0,CA-50,simetrica_duas_faces,Venturini,4,A4_w100,039,ManusAI,Especialista,validado,
A-4,0.2,2.0614,0.2795,1.0,CA-50,simetrica_duas_faces,Venturini,4,A4_w100,040,ManusAI,Especialista,validado,
A-4,0.2,2.1591,0.2293,1.0,CA-50,simetrica_duas_faces,Venturini,4,A4_w100,041,ManusAI,Especialista,validado,
A-4,0.2,2.2568,0.1763,1.0,CA-50,simetrica_duas_faces,Venturini,4,A4_w100,042,ManusAI,Especialista,validado,
A-4,0.2,2.3545,0.1204,1.0,CA-50,simetrica_duas_faces,Venturini,4,A4_w100,043,ManusAI,Especialista,validado,
A-4,0.2,2.4523,0.0616,1.0,CA-50,simetrica_duas_faces,Venturini,4,A4_w100,044,ManusAI,Especialista,validado,
A-4,0.2,-1.6523,0.0662,1.1,CA-50,simetrica_duas_faces,Venturini,4,A4_w110,002,ManusAI,Especialista,validado,
A-4,0.2,-1.5545,0.1292,1.1,CA-50,simetrica_duas_faces,Venturini,4,A4_w110,003,ManusAI,Especialista,validado,
A-4,0.2,-1.4568,0.1892,1.1,CA-50,simetrica_duas_faces,Venturini,4,A4_w110,004,ManusAI,Especialista,validado,
A-4,0.2,-1.3591,0.2462,1.1,CA-50,simetrica_duas_faces,Venturini,4,A4_w110,005,ManusAI,Especialista,validado,
A-4,0.2,-1.2614,0.3,1.1,CA-50,simetrica_duas_faces,Venturini,4,A4_w110,006,ManusAI,Especialista,validado,
A-4,0.2,-1.1636,0.3508,1.1,CA-50,simetrica_duas_faces,Venturini,4,A4_w110,007,ManusAI,Especialista,validado,
A-4,0.2,-1.0659,0.3985,1.1,CA-50,simetrica_duas_faces,Venturini,4,A4_w110,008,ManusAI,Especialista,validado,
A-4,0.2,-0.9682,0.4431,1.1,CA-50,simetrica_duas_faces,Venturini,4,A4_w110,009,ManusAI,Especialista,validado,
A-4,0.2,-0.8705,0.4846,1.1,CA-50,simetrica_duas_faces,Venturini,4,A4_w110,010,ManusAI,Especialista,validado,
A-4,0.2,-0.7727,0.5231,1.1,CA-50,simetrica_duas_faces,Venturini,4,A4_w110,011,ManusAI,Especialista,validado,
A-4,0.2,-0.675,0.5585,1.1,CA-50,simetrica_duas_faces,Venturini,4,A4_w110,012,ManusAI,Especialista,validado,
A-4,0.2,-0.5773,0.5908,1.1,CA-50,simetrica_duas_faces,Venturini,4,A4_w110,013,ManusAI,Especialista,validado,
A-4,0.2,-0.4795,0.62,1.1,CA-50,simetrica_duas_faces,Venturini,4,A4_w110,014,ManusAI,Especialista,validado,
A-4,0.2,-0.3818,0.6462,1.1,CA-50,simetrica_duas_faces,Venturini,4,A4_w110,015,ManusAI,Especialista,validado,
A-4,0.2,-0.2841,0.6692,1.1,CA-50,simetrica_duas_faces,Venturini,4,A4_w110,016,ManusAI,Especialista,validado,
A-4,0.2,-0.1864,0.6892,1.1,CA-50,simetrica_duas_faces,Venturini,4,A4_w110,017,ManusAI,Especialista,validado,
A-4,0.2,-0.0886,0.7062,1.1,CA-50,simetrica_duas_faces,Venturini,4,A4_w110,018,ManusAI,Especialista,validado,
A-4,0.2,0.0091,0.72,1.1,CA-50,simetrica_duas_faces,Venturini,4,A4_w110,019,ManusAI,Especialista,validado,
A-4,0.2,0.1068,0.7308,1.1,CA-50,simetrica_duas_faces,Venturini,4,A4_w110,020,ManusAI,Especialista,validado,
A-4,0.2,0.2045,0.7385,1.1,CA-50,simetrica_duas_faces,Venturini,4,A4_w110,021,ManusAI,Especialista,validado,
A-4,0.2,0.3023,0.7431,1.1,CA-50,simetrica_duas_faces,Venturini,4,A4_w110,022,ManusAI,Especialista,validado,
A-4,0.2,0.4,0.7446,1.1,CA-50,simetrica_duas_faces,Venturini,4,A4_w110,023,ManusAI,Especialista,validado,
A-4,0.2,0.4977,0.7431,1.1,CA-50,simetrica_duas_faces,Venturini,4,A4_w110,024,ManusAI,Especialista,validado,
A-4,0.2,0.5955,0.7385,1.1,CA-50,simetrica_duas_faces,Venturini,4,A4_w110,025,ManusAI,Especialista,validado,
A-4,0.2,0.6932,0.7308,1.1,CA-50,simetrica_duas_faces,Venturini,4,A4_w110,026,ManusAI,Especialista,validado,
A-4,0.2,0.7909,0.72,1.1,CA-50,simetrica_duas_faces,Venturini,4,A4_w110,027,ManusAI,Especialista,validado,
A-4,0.2,0.8886,0.7062,1.1,CA-50,simetrica_duas_faces,Venturini,4,A4_w110,028,ManusAI,Especialista,validado,
A-4,0.2,0.9864,0.6892,1.1,CA-50,simetrica_duas_faces,Venturini,4,A4_w110,029,ManusAI,Especialista,validado,
A-4,0.2,1.0841,0.6692,1.1,CA-50,simetrica_duas_faces,Venturini,4,A4_w110,030,ManusAI,Especialista,validado,
A-4,0.2,1.1818,0.6462,1.1,CA-50,simetrica_duas_faces,Venturini,4,A4_w110,031,ManusAI,Especialista,validado,
A-4,0.2,1.2795,0.62,1.1,CA-50,simetrica_duas_faces,Venturini,4,A4_w110,032,ManusAI,Especialista,validado,
A-4,0.2,1.3773,0.5908,1.1,CA-50,simetrica_duas_faces,Venturini,4,A4_w110,033,ManusAI,Especialista,validado,
A-4,0.2,1.475,0.5585,1.1,CA-50,simetrica_duas_faces,Venturini,4,A4_w110,034,ManusAI,Especialista,validado,
A-4,0.2,1.5727,0.5231,1.1,CA-50,simetrica_duas_faces,Venturini,4,A4_w110,035,ManusAI,Especialista,validado,
A-4,0.2,1.6705,0.4846,1.1,CA-50,simetrica_duas_faces,Venturini,4,A4_w110,036,ManusAI,Especialista,validado,
A-4,0.2,1.7682,0.4431,1.1,CA-50,simetrica_duas_faces,Venturini,4,A4_w110,037,ManusAI,Especialista,validado,
A-4,0.2,1.8659,0.3985,1.1,CA-50,simetrica_duas_faces,Venturini,4,A4_w110,038,ManusAI,Especialista,validado,
A-4,0.2,1.9636,0.3508,1.1,CA-50,simetrica_duas_faces,Venturini,4,A4_w110,039,ManusAI,Especialista,validado,
A-4,0.2,2.0614,0.3,1.1,CA-50,simetrica_duas_faces,Venturini,4,A4_w110,040,ManusAI,Especialista,validado,
A-4,0.2,2.1591,0.2462,1.1,CA-50,simetrica_duas_faces,Venturini,4,A4_w110,041,ManusAI,Especialista,validado,
A-4,0.2,2.2568,0.1892,1.1,CA-50,simetrica_duas_faces,Venturini,4,A4_w110,042,ManusAI,Especialista,validado,
A-4,0.2,2.3545,0.1292,1.1,CA-50,simetrica_duas_faces,Venturini,4,A4_w110,043,ManusAI,Especialista,validado,
A-4,0.2,2.4523,0.0662,1.1,CA-50,simetrica_duas_faces,Venturini,4,A4_w110,044,ManusAI,Especialista,validado,
A-4,0.2,-1.6523,0.0707,1.2,CA-50,simetrica_duas_faces,Venturini,4,A4_w120,002,ManusAI,Especialista,validado,
A-4,0.2,-1.5545,0.1381,1.2,CA-50,simetrica_duas_faces,Venturini,4,A4_w120,003,ManusAI,Especialista,validado,
A-4,0.2,-1.4568,0.2022,1.2,CA-50,simetrica_duas_faces,Venturini,4,A4_w120,004,ManusAI,Especialista,validado,
A-4,0.2,-1.3591,0.263,1.2,CA-50,simetrica_duas_faces,Venturini,4,A4_w120,005,ManusAI,Especialista,validado,
A-4,0.2,-1.2614,0.3205,1.2,CA-50,simetrica_duas_faces,Venturini,4,A4_w120,006,ManusAI,Especialista,validado,
A-4,0.2,-1.1636,0.3747,1.2,CA-50,simetrica_duas_faces,Venturini,4,A4_w120,007,ManusAI,Especialista,validado,
A-4,0.2,-1.0659,0.4257,1.2,CA-50,simetrica_duas_faces,Venturini,4,A4_w120,008,ManusAI,Especialista,validado,
A-4,0.2,-0.9682,0.4734,1.2,CA-50,simetrica_duas_faces,Venturini,4,A4_w120,009,ManusAI,Especialista,validado,
A-4,0.2,-0.8705,0.5177,1.2,CA-50,simetrica_duas_faces,Venturini,4,A4_w120,010,ManusAI,Especialista,validado,
A-4,0.2,-0.7727,0.5588,1.2,CA-50,simetrica_duas_faces,Venturini,4,A4_w120,011,ManusAI,Especialista,validado,
A-4,0.2,-0.675,0.5966,1.2,CA-50,simetrica_duas_faces,Venturini,4,A4_w120,012,ManusAI,Especialista,validado,
A-4,0.2,-0.5773,0.6311,1.2,CA-50,simetrica_duas_faces,Venturini,4,A4_w120,013,ManusAI,Especialista,validado,
A-4,0.2,-0.4795,0.6624,1.2,CA-50,simetrica_duas_faces,Venturini,4,A4_w120,014,ManusAI,Especialista,validado,
A-4,0.2,-0.3818,0.6903,1.2,CA-50,simetrica_duas_faces,Venturini,4,A4_w120,015,ManusAI,Especialista,validado,
A-4,0.2,-0.2841,0.715,1.2,CA-50,simetrica_duas_faces,Venturini,4,A4_w120,016,ManusAI,Especialista,validado,
A-4,0.2,-0.1864,0.7363,1.2,CA-50,simetrica_duas_faces,Venturini,4,A4_w120,017,ManusAI,Especialista,validado,
A-4,0.2,-0.0886,0.7544,1.2,CA-50,simetrica_duas_faces,Venturini,4,A4_w120,018,ManusAI,Especialista,validado,
A-4,0.2,0.0091,0.7692,1.2,CA-50,simetrica_duas_faces,Venturini,4,A4_w120,019,ManusAI,Especialista,validado,
A-4,0.2,0.1068,0.7807,1.2,CA-50,simetrica_duas_faces,Venturini,4,A4_w120,020,ManusAI,Especialista,validado,
A-4,0.2,0.2045,0.7889,1.2,CA-50,simetrica_duas_faces,Venturini,4,A4_w120,021,ManusAI,Especialista,validado,
A-4,0.2,0.3023,0.7939,1.2,CA-50,simetrica_duas_faces,Venturini,4,A4_w120,022,ManusAI,Especialista,validado,
A-4,0.2,0.4,0.7955,1.2,CA-50,simetrica_duas_faces,Venturini,4,A4_w120,023,ManusAI,Especialista,validado,
A-4,0.2,0.4977,0.7939,1.2,CA-50,simetrica_duas_faces,Venturini,4,A4_w120,024,ManusAI,Especialista,validado,
A-4,0.2,0.5955,0.7889,1.2,CA-50,simetrica_duas_faces,Venturini,4,A4_w120,025,ManusAI,Especialista,validado,
A-4,0.2,0.6932,0.7807,1.2,CA-50,simetrica_duas_faces,Venturini,4,A4_w120,026,ManusAI,Especialista,validado,
A-4,0.2,0.7909,0.7692,1.2,CA-50,simetrica_duas_faces,Venturini,4,A4_w120,027,ManusAI,Especialista,validado,
A-4,0.2,0.8886,0.7544,1.2,CA-50,simetrica_duas_faces,Venturini,4,A4_w120,028,ManusAI,Especialista,validado,
A-4,0.2,0.9864,0.7363,1.2,CA-50,simetrica_duas_faces,Venturini,4,A4_w120,029,ManusAI,Especialista,validado,
A-4,0.2,1.0841,0.715,1.2,CA-50,simetrica_duas_faces,Venturini,4,A4_w120,030,ManusAI,Especialista,validado,
A-4,0.2,1.1818,0.6903,1.2,CA-50,simetrica_duas_faces,Venturini,4,A4_w120,031,ManusAI,Especialista,validado,
A-4,0.2,1.2795,0.6624,1.2,CA-50,simetrica_duas_faces,Venturini,4,A4_w120,032,ManusAI,Especialista,validado,
A-4,0.2,1.3773,0.6311,1.2,CA-50,simetrica_duas_faces,Venturini,4,A4_w120,033,ManusAI,Especialista,validado,
A-4,0.2,1.475,0.5966,1.2,CA-50,simetrica_duas_faces,Venturini,4,A4_w120,034,ManusAI,Especialista,validado,
A-4,0.2,1.5727,0.5588,1.2,CA-50,simetrica_duas_faces,Venturini,4,A4_w120,035,ManusAI,Especialista,validado,
A-4,0.2,1.6705,0.5177,1.2,CA-50,simetrica_duas_faces,Venturini,4,A4_w120,036,ManusAI,Especialista,validado,
A-4,0.2,1.7682,0.4734,1.2,CA-50,simetrica_duas_faces,Venturini,4,A4_w120,037,ManusAI,Especialista,validado,
A-4,0.2,1.8659,0.4257,1.2,CA-50,simetrica_duas_faces,Venturini,4,A4_w120,038,ManusAI,Especialista,validado,
A-4,0.2,1.9636,0.3747,1.2,CA-50,simetrica_duas_faces,Venturini,4,A4_w120,039,ManusAI,Especialista,validado,
A-4,0.2,2.0614,0.3205,1.2,CA-50,simetrica_duas_faces,Venturini,4,A4_w120,040,ManusAI,Especialista,validado,
A-4,0.2,2.1591,0.263,1.2,CA-50,simetrica_duas_faces,Venturini,4,A4_w120,041,ManusAI,Especialista,validado,
A-4,0.2,2.2568,0.2022,1.2,CA-50,simetrica_duas_faces,Venturini,4,A4_w120,042,ManusAI,Especialista,validado,
A-4,0.2,2.3545,0.1381,1.2,CA-50,simetrica_duas_faces,Venturini,4,A4_w120,043,ManusAI,Especialista,validado,
A-4,0.2,2.4523,0.0707,1.2,CA-50,simetrica_duas_faces,Venturini,4,A4_w120,044,ManusAI,Especialista,validado,
A-4,0.2,-1.6523,0.0752,1.3,CA-50,simetrica_duas_faces,Venturini,4,A4_w130,002,ManusAI,Especialista,validado,
A-4,0.2,-1.5545,0.1469,1.3,CA-50,simetrica_duas_faces,Venturini,4,A4_w130,003,ManusAI,Especialista,validado,
A-4,0.2,-1.4568,0.2151,1.3,CA-50,simetrica_duas_faces,Venturini,4,A4_w130,004,ManusAI,Especialista,validado,
A-4,0.2,-1.3591,0.2798,1.3,CA-50,simetrica_duas_faces,Venturini,4,A4_w130,005,ManusAI,Especialista,validado,
A-4,0.2,-1.2614,0.341,1.3,CA-50,simetrica_duas_faces,Venturini,4,A4_w130,006,ManusAI,Especialista,validado,
A-4,0.2,-1.1636,0.3987,1.3,CA-50,simetrica_duas_faces,Venturini,4,A4_w130,007,ManusAI,Especialista,validado,
A-4,0.2,-1.0659,0.4529,1.3,CA-50,simetrica_duas_faces,Venturini,4,A4_w130,008,ManusAI,Especialista,validado,
A-4,0.2,-0.9682,0.5036,1.3,CA-50,simetrica_duas_faces,Venturini,4,A4_w130,009,ManusAI,Especialista,validado,
A-4,0.2,-0.8705,0.5508,1.3,CA-50,simetrica_duas_faces,Venturini,4,A4_w130,010,ManusAI,Especialista,validado,
A-4,0.2,-0.7727,0.5946,1.3,CA-50,simetrica_duas_faces,Venturini,4,A4_w130,011,ManusAI,Especialista,validado,
A-4,0.2,-0.675,0.6348,1.3,CA-50,simetrica_duas_faces,Venturini,4,A4_w130,012,ManusAI,Especialista,validado,
A-4,0.2,-0.5773,0.6715,1.3,CA-50,simetrica_duas_faces,Venturini,4,A4_w130,013,ManusAI,Especialista,validado,
A-4,0.2,-0.4795,0.7047,1.3,CA-50,simetrica_duas_faces,Venturini,4,A4_w130,014,ManusAI,Especialista,validado,
A-4,0.2,-0.3818,0.7345,1.3,CA-50,simetrica_duas_faces,Venturini,4,A4_w130,015,ManusAI,Especialista,validado,
A-4,0.2,-0.2841,0.7607,1.3,CA-50,simetrica_duas_faces,Venturini,4,A4_w130,016,ManusAI,Especialista,validado,
A-4,0.2,-0.1864,0.7834,1.3,CA-50,simetrica_duas_faces,Venturini,4,A4_w130,017,ManusAI,Especialista,validado,
A-4,0.2,-0.0886,0.8027,1.3,CA-50,simetrica_duas_faces,Venturini,4,A4_w130,018,ManusAI,Especialista,validado,
A-4,0.2,0.0091,0.8184,1.3,CA-50,simetrica_duas_faces,Venturini,4,A4_w130,019,ManusAI,Especialista,validado,
A-4,0.2,0.1068,0.8306,1.3,CA-50,simetrica_duas_faces,Venturini,4,A4_w130,020,ManusAI,Especialista,validado,
A-4,0.2,0.2045,0.8394,1.3,CA-50,simetrica_duas_faces,Venturini,4,A4_w130,021,ManusAI,Especialista,validado,
A-4,0.2,0.3023,0.8446,1.3,CA-50,simetrica_duas_faces,Venturini,4,A4_w130,022,ManusAI,Especialista,validado,
A-4,0.2,0.4,0.8464,1.3,CA-50,simetrica_duas_faces,Venturini,4,A4_w130,023,ManusAI,Especialista,validado,
A-4,0.2,0.4977,0.8446,1.3,CA-50,simetrica_duas_faces,Venturini,4,A4_w130,024,ManusAI,Especialista,validado,
A-4,0.2,0.5955,0.8394,1.3,CA-50,simetrica_duas_faces,Venturini,4,A4_w130,025,ManusAI,Especialista,validado,
A-4,0.2,0.6932,0.8306,1.3,CA-50,simetrica_duas_faces,Venturini,4,A4_w130,026,ManusAI,Especialista,validado,
A-4,0.2,0.7909,0.8184,1.3,CA-50,simetrica_duas_faces,Venturini,4,A4_w130,027,ManusAI,Especialista,validado,
A-4,0.2,0.8886,0.8027,1.3,CA-50,simetrica_duas_faces,Venturini,4,A4_w130,028,ManusAI,Especialista,validado,
A-4,0.2,0.9864,0.7834,1.3,CA-50,simetrica_duas_faces,Venturini,4,A4_w130,029,ManusAI,Especialista,validado,
A-4,0.2,1.0841,0.7607,1.3,CA-50,simetrica_duas_faces,Venturini,4,A4_w130,030,ManusAI,Especialista,validado,
A-4,0.2,1.1818,0.7345,1.3,CA-50,simetrica_duas_faces,Venturini,4,A4_w130,031,ManusAI,Especialista,validado,
A-4,0.2,1.2795,0.7047,1.3,CA-50,simetrica_duas_faces,Venturini,4,A4_w130,032,ManusAI,Especialista,validado,
A-4,0.2,1.3773,0.6715,1.3,CA-50,simetrica_duas_faces,Venturini,4,A4_w130,033,ManusAI,Especialista,validado,
A-4,0.2,1.475,0.6348,1.3,CA-50,simetrica_duas_faces,Venturini,4,A4_w130,034,ManusAI,Especialista,validado,
A-4,0.2,1.5727,0.5946,1.3,CA-50,simetrica_duas_faces,Venturini,4,A4_w130,035,ManusAI,Especialista,validado,
A-4,0.2,1.6705,0.5508,1.3,CA-50,simetrica_duas_faces,Venturini,4,A4_w130,036,ManusAI,Especialista,validado,
A-4,0.2,1.7682,0.5036,1.3,CA-50,simetrica_duas_faces,Venturini,4,A4_w130,037,ManusAI,Especialista,validado,
A-4,0.2,1.8659,0.4529,1.3,CA-50,simetrica_duas_faces,Venturini,4,A4_w130,038,ManusAI,Especialista,validado,
A-4,0.2,1.9636,0.3987,1.3,CA-50,simetrica_duas_faces,Venturini,4,A4_w130,039,ManusAI,Especialista,validado,
A-4,0.2,2.0614,0.341,1.3,CA-50,simetrica_duas_faces,Venturini,4,A4_w130,040,ManusAI,Especialista,validado,
A-4,0.2,2.1591,0.2798,1.3,CA-50,simetrica_duas_faces,Venturini,4,A4_w130,041,ManusAI,Especialista,validado,
A-4,0.2,2.2568,0.2151,1.3,CA-50,simetrica_duas_faces,Venturini,4,A4_w130,042,ManusAI,Especialista,validado,
A-4,0.2,2.3545,0.1469,1.3,CA-50,simetrica_duas_faces,Venturini,4,A4_w130,043,ManusAI,Especialista,validado,
A-4,0.2,2.4523,0.0752,1.3,CA-50,simetrica_duas_faces,Venturini,4,A4_w130,044,ManusAI,Especialista,validado,
A-4,0.2,-1.6523,0.0797,1.4,CA-50,simetrica_duas_faces,Venturini,4,A4_w140,002,ManusAI,Especialista,validado,
A-4,0.2,-1.5545,0.1557,1.4,CA-50,simetrica_duas_faces,Venturini,4,A4_w140,003,ManusAI,Especialista,validado,
A-4,0.2,-1.4568,0.228,1.4,CA-50,simetrica_duas_faces,Venturini,4,A4_w140,004,ManusAI,Especialista,validado,
A-4,0.2,-1.3591,0.2966,1.4,CA-50,simetrica_duas_faces,Venturini,4,A4_w140,005,ManusAI,Especialista,validado,
A-4,0.2,-1.2614,0.3615,1.4,CA-50,simetrica_duas_faces,Venturini,4,A4_w140,006,ManusAI,Especialista,validado,
A-4,0.2,-1.1636,0.4227,1.4,CA-50,simetrica_duas_faces,Venturini,4,A4_w140,007,ManusAI,Especialista,validado,
A-4,0.2,-1.0659,0.4801,1.4,CA-50,simetrica_duas_faces,Venturini,4,A4_w140,008,ManusAI,Especialista,validado,
A-4,0.2,-0.9682,0.5339,1.4,CA-50,simetrica_duas_faces,Venturini,4,A4_w140,009,ManusAI,Especialista,validado,
A-4,0.2,-0.8705,0.584,1.4,CA-50,simetrica_duas_faces,Venturini,4,A4_w140,010,ManusAI,Especialista,validado,
A-4,0.2,-0.7727,0.6303,1.4,CA-50,simetrica_duas_faces,Venturini,4,A4_w140,011,ManusAI,Especialista,validado,
A-4,0.2,-0.675,0.6729,1.4,CA-50,simetrica_duas_faces,Venturini,4,A4_w140,012,ManusAI,Especialista,validado,
A-4,0.2,-0.5773,0.7119,1.4,CA-50,simetrica_duas_faces,Venturini,4,A4_w140,013,ManusAI,Especialista,validado,
A-4,0.2,-0.4795,0.7471,1.4,CA-50,simetrica_duas_faces,Venturini,4,A4_w140,014,ManusAI,Especialista,validado,
A-4,0.2,-0.3818,0.7786,1.4,CA-50,simetrica_duas_faces,Venturini,4,A4_w140,015,ManusAI,Especialista,validado,
A-4,0.2,-0.2841,0.8064,1.4,CA-50,simetrica_duas_faces,Venturini,4,A4_w140,016,ManusAI,Especialista,validado,
A-4,0.2,-0.1864,0.8305,1.4,CA-50,simetrica_duas_faces,Venturini,4,A4_w140,017,ManusAI,Especialista,validado,
A-4,0.2,-0.0886,0.8509,1.4,CA-50,simetrica_duas_faces,Venturini,4,A4_w140,018,ManusAI,Especialista,validado,
A-4,0.2,0.0091,0.8676,1.4,CA-50,simetrica_duas_faces,Venturini,4,A4_w140,019,ManusAI,Especialista,validado,
A-4,0.2,0.1068,0.8806,1.4,CA-50,simetrica_duas_faces,Venturini,4,A4_w140,020,ManusAI,Especialista,validado,
A-4,0.2,0.2045,0.8898,1.4,CA-50,simetrica_duas_faces,Venturini,4,A4_w140,021,ManusAI,Especialista,validado,
A-4,0.2,0.3023,0.8954,1.4,CA-50,simetrica_duas_faces,Venturini,4,A4_w140,022,ManusAI,Especialista,validado,
A-4,0.2,0.4,0.8972,1.4,CA-50,simetrica_duas_faces,Venturini,4,A4_w140,023,ManusAI,Especialista,validado,
A-4,0.2,0.4977,0.8954,1.4,CA-50,simetrica_duas_faces,Venturini,4,A4_w140,024,ManusAI,Especialista,validado,
A-4,0.2,0.5955,0.8898,1.4,CA-50,simetrica_duas_faces,Venturini,4,A4_w140,025,ManusAI,Especialista,validado,
A-4,0.2,0.6932,0.8806,1.4,CA-50,simetrica_duas_faces,Venturini,4,A4_w140,026,ManusAI,Especialista,validado,
A-4,0.2,0.7909,0.8676,1.4,CA-50,simetrica_duas_faces,Venturini,4,A4_w140,027,ManusAI,Especialista,validado,
A-4,0.2,0.8886,0.8509,1.4,CA-50,simetrica_duas_faces,Venturini,4,A4_w140,028,ManusAI,Especialista,validado,
A-4,0.2,0.9864,0.8305,1.4,CA-50,simetrica_duas_faces,Venturini,4,A4_w140,029,ManusAI,Especialista,validado,
A-4,0.2,1.0841,0.8064,1.4,CA-50,simetrica_duas_faces,Venturini,4,A4_w140,030,ManusAI,Especialista,validado,
A-4,0.2,1.1818,0.7786,1.4,CA-50,simetrica_duas_faces,Venturini,4,A4_w140,031,ManusAI,Especialista,validado,
A-4,0.2,1.2795,0.7471,1.4,CA-50,simetrica_duas_faces,Venturini,4,A4_w140,032,ManusAI,Especialista,validado,
A-4,0.2,1.3773,0.7119,1.4,CA-50,simetrica_duas_faces,Venturini,4,A4_w140,033,ManusAI,Especialista,validado,
A-4,0.2,1.475,0.6729,1.4,CA-50,simetrica_duas_faces,Venturini,4,A4_w140,034,ManusAI,Especialista,validado,
A-4,0.2,1.5727,0.6303,1.4,CA-50,simetrica_duas_faces,Venturini,4,A4_w140,035,ManusAI,Especialista,validado,
A-4,0.2,1.6705,0.584,1.4,CA-50,simetrica_duas_faces,Venturini,4,A4_w140,036,ManusAI,Especialista,validado,
A-4,0.2,1.7682,0.5339,1.4,CA-50,simetrica_duas_faces,Venturini,4,A4_w140,037,ManusAI,Especialista,validado,
A-4,0.2,1.8659,0.4801,1.4,CA-50,simetrica_duas_faces,Venturini,4,A4_w140,038,ManusAI,Especialista,validado,
A-4,0.2,1.9636,0.4227,1.4,CA-50,simetrica_duas_faces,Venturini,4,A4_w140,039,ManusAI,Especialista,validado,
A-4,0.2,2.0614,0.3615,1.4,CA-50,simetrica_duas_faces,Venturini,4,A4_w140,040,ManusAI,Especialista,validado,
A-4,0.2,2.1591,0.2966,1.4,CA-50,simetrica_duas_faces,Venturini,4,A4_w140,041,ManusAI,Especialista,validado,
A-4,0.2,2.2568,0.228,1.4,CA-50,simetrica_duas_faces,Venturini,4,A4_w140,042,ManusAI,Especialista,validado,
A-4,0.2,2.3545,0.1557,1.4,CA-50,simetrica_duas_faces,Venturini,4,A4_w140,043,ManusAI,Especialista,validado,
A-4,0.2,2.4523,0.0797,1.4,CA-50,simetrica_duas_faces,Venturini,4,A4_w140,044,ManusAI,Especialista,validado,
A-4,0.2,-1.6523,0.0842,1.5,CA-50,simetrica_duas_faces,Venturini,4,A4_w150,002,ManusAI,Especialista,validado,
A-4,0.2,-1.5545,0.1646,1.5,CA-50,simetrica_duas_faces,Venturini,4,A4_w150,003,ManusAI,Especialista,validado,
A-4,0.2,-1.4568,0.2409,1.5,CA-50,simetrica_duas_faces,Venturini,4,A4_w150,004,ManusAI,Especialista,validado,
A-4,0.2,-1.3591,0.3134,1.5,CA-50,simetrica_duas_faces,Venturini,4,A4_w150,005,ManusAI,Especialista,validado,
A-4,0.2,-1.2614,0.382,1.5,CA-50,simetrica_duas_faces,Venturini,4,A4_w150,006,ManusAI,Especialista,validado,
A-4,0.2,-1.1636,0.4466,1.5,CA-50,simetrica_duas_faces,Venturini,4,A4_w150,007,ManusAI,Especialista,validado,
A-4,0.2,-1.0659,0.5074,1.5,CA-50,simetrica_duas_faces,Venturini,4,A4_w150,008,ManusAI,Especialista,validado,
A-4,0.2,-0.9682,0.5642,1.5,CA-50,simetrica_duas_faces,Venturini,4,A4_w150,009,ManusAI,Especialista,validado,
A-4,0.2,-0.8705,0.6171,1.5,CA-50,simetrica_duas_faces,Venturini,4,A4_w150,010,ManusAI,Especialista,validado,
A-4,0.2,-0.7727,0.666,1.5,CA-50,simetrica_duas_faces,Venturini,4,A4_w150,011,ManusAI,Especialista,validado,
A-4,0.2,-0.675,0.7111,1.5,CA-50,simetrica_duas_faces,Venturini,4,A4_w150,012,ManusAI,Especialista,validado,
A-4,0.2,-0.5773,0.7522,1.5,CA-50,simetrica_duas_faces,Venturini,4,A4_w150,013,ManusAI,Especialista,validado,
A-4,0.2,-0.4795,0.7895,1.5,CA-50,simetrica_duas_faces,Venturini,4,A4_w150,014,ManusAI,Especialista,validado,
A-4,0.2,-0.3818,0.8228,1.5,CA-50,simetrica_duas_faces,Venturini,4,A4_w150,015,ManusAI,Especialista,validado,
A-4,0.2,-0.2841,0.8521,1.5,CA-50,simetrica_duas_faces,Venturini,4,A4_w150,016,ManusAI,Especialista,validado,
A-4,0.2,-0.1864,0.8776,1.5,CA-50,simetrica_duas_faces,Venturini,4,A4_w150,017,ManusAI,Especialista,validado,
A-4,0.2,-0.0886,0.8992,1.5,CA-50,simetrica_duas_faces,Venturini,4,A4_w150,018,ManusAI,Especialista,validado,
A-4,0.2,0.0091,0.9168,1.5,CA-50,simetrica_duas_faces,Venturini,4,A4_w150,019,ManusAI,Especialista,validado,
A-4,0.2,0.1068,0.9305,1.5,CA-50,simetrica_duas_faces,Venturini,4,A4_w150,020,ManusAI,Especialista,validado,
A-4,0.2,0.2045,0.9403,1.5,CA-50,simetrica_duas_faces,Venturini,4,A4_w150,021,ManusAI,Especialista,validado,
A-4,0.2,0.3023,0.9462,1.5,CA-50,simetrica_duas_faces,Venturini,4,A4_w150,022,ManusAI,Especialista,validado,
A-4,0.2,0.4,0.9481,1.5,CA-50,simetrica_duas_faces,Venturini,4,A4_w150,023,ManusAI,Especialista,validado,
A-4,0.2,0.4977,0.9462,1.5,CA-50,simetrica_duas_faces,Venturini,4,A4_w150,024,ManusAI,Especialista,validado,
A-4,0.2,0.5955,0.9403,1.5,CA-50,simetrica_duas_faces,Venturini,4,A4_w150,025,ManusAI,Especialista,validado,
A-4,0.2,0.6932,0.9305,1.5,CA-50,simetrica_duas_faces,Venturini,4,A4_w150,026,ManusAI,Especialista,validado,
A-4,0.2,0.7909,0.9168,1.5,CA-50,simetrica_duas_faces,Venturini,4,A4_w150,027,ManusAI,Especialista,validado,
A-4,0.2,0.8886,0.8992,1.5,CA-50,simetrica_duas_faces,Venturini,4,A4_w150,028,ManusAI,Especialista,validado,
A-4,0.2,0.9864,0.8776,1.5,CA-50,simetrica_duas_faces,Venturini,4,A4_w150,029,ManusAI,Especialista,validado,
A-4,0.2,1.0841,0.8521,1.5,CA-50,simetrica_duas_faces,Venturini,4,A4_w150,030,ManusAI,Especialista,validado,
A-4,0.2,1.1818,0.8228,1.5,CA-50,simetrica_duas_faces,Venturini,4,A4_w150,031,ManusAI,Especialista,validado,
A-4,0.2,1.2795,0.7895,1.5,CA-50,simetrica_duas_faces,Venturini,4,A4_w150,032,ManusAI,Especialista,validado,
A-4,0.2,1.3773,0.7522,1.5,CA-50,simetrica_duas_faces,Venturini,4,A4_w150,033,ManusAI,Especialista,validado,
A-4,0.2,1.475,0.7111,1.5,CA-50,simetrica_duas_faces,Venturini,4,A4_w150,034,ManusAI,Especialista,validado,
A-4,0.2,1.5727,0.666,1.5,CA-50,simetrica_duas_faces,Venturini,4,A4_w150,035,ManusAI,Especialista,validado,
A-4,0.2,1.6705,0.6171,1.5,CA-50,simetrica_duas_faces,Venturini,4,A4_w150,036,ManusAI,Especialista,validado,
A-4,0.2,1.7682,0.5642,1.5,CA-50,simetrica_duas_faces,Venturini,4,A4_w150,037,ManusAI,Especialista,validado,
A-4,0.2,1.8659,0.5074,1.5,CA-50,simetrica_duas_faces,Venturini,4,A4_w150,038,ManusAI,Especialista,validado,
A-4,0.2,1.9636,0.4466,1.5,CA-50,simetrica_duas_faces,Venturini,4,A4_w150,039,ManusAI,Especialista,validado,
A-4,0.2,2.0614,0.382,1.5,CA-50,simetrica_duas_faces,Venturini,4,A4_w150,040,ManusAI,Especialista,validado,
A-4,0.2,2.1591,0.3134,1.5,CA-50,simetrica_duas_faces,Venturini,4,A4_w150,041,ManusAI,Especialista,validado,
A-4,0.2,2.2568,0.2409,1.5,CA-50,simetrica_duas_faces,Venturini,4,A4_w150,042,ManusAI,Especialista,validado,
A-4,0.2,2.3545,0.1646,1.5,CA-50,simetrica_duas_faces,Venturini,4,A4_w150,043,ManusAI,Especialista,validado,
A-4,0.2,2.4523,0.0842,1.5,CA-50,simetrica_duas_faces,Venturini,4,A4_w150,044,ManusAI,Especialista,validado,
A-4,0.2,-1.6523,0.0888,1.6,CA-50,simetrica_duas_faces,Venturini,4,A4_w160,002,ManusAI,Especialista,validado,
A-4,0.2,-1.5545,0.1734,1.6,CA-50,simetrica_duas_faces,Venturini,4,A4_w160,003,ManusAI,Especialista,validado,
A-4,0.2,-1.4568,0.2539,1.6,CA-50,simetrica_duas_faces,Venturini,4,A4_w160,004,ManusAI,Especialista,validado,
A-4,0.2,-1.3591,0.3302,1.6,CA-50,simetrica_duas_faces,Venturini,4,A4_w160,005,ManusAI,Especialista,validado,
A-4,0.2,-1.2614,0.4025,1.6,CA-50,simetrica_duas_faces,Venturini,4,A4_w160,006,ManusAI,Especialista,validado,
A-4,0.2,-1.1636,0.4706,1.6,CA-50,simetrica_duas_faces,Venturini,4,A4_w160,007,ManusAI,Especialista,validado,
A-4,0.2,-1.0659,0.5346,1.6,CA-50,simetrica_duas_faces,Venturini,4,A4_w160,008,ManusAI,Especialista,validado,
A-4,0.2,-0.9682,0.5944,1.6,CA-50,simetrica_duas_faces,Venturini,4,A4_w160,009,ManusAI,Especialista,validado,
A-4,0.2,-0.8705,0.6502,1.6,CA-50,simetrica_duas_faces,Venturini,4,A4_w160,010,ManusAI,Especialista,validado,
A-4,0.2,-0.7727,0.7018,1.6,CA-50,simetrica_duas_faces,Venturini,4,A4_w160,011,ManusAI,Especialista,validado,
A-4,0.2,-0.675,0.7492,1.6,CA-50,simetrica_duas_faces,Venturini,4,A4_w160,012,ManusAI,Especialista,validado,
A-4,0.2,-0.5773,0.7926,1.6,CA-50,simetrica_duas_faces,Venturini,4,A4_w160,013,ManusAI,Especialista,validado,
A-4,0.2,-0.4795,0.8318,1.6,CA-50,simetrica_duas_faces,Venturini,4,A4_w160,014,ManusAI,Especialista,validado,
A-4,0.2,-0.3818,0.8669,1.6,CA-50,simetrica_duas_faces,Venturini,4,A4_w160,015,ManusAI,Especialista,validado,
A-4,0.2,-0.2841,0.8979,1.6,CA-50,simetrica_duas_faces,Venturini,4,A4_w160,016,ManusAI,Especialista,validado,
A-4,0.2,-0.1864,0.9247,1.6,CA-50,simetrica_duas_faces,Venturini,4,A4_w160,017,ManusAI,Especialista,validado,
A-4,0.2,-0.0886,0.9474,1.6,CA-50,simetrica_duas_faces,Venturini,4,A4_w160,018,ManusAI,Especialista,validado,
A-4,0.2,0.0091,0.966,1.6,CA-50,simetrica_duas_faces,Venturini,4,A4_w160,019,ManusAI,Especialista,validado,
A-4,0.2,0.1068,0.9804,1.6,CA-50,simetrica_duas_faces,Venturini,4,A4_w160,020,ManusAI,Especialista,validado,
A-4,0.2,0.2045,0.9907,1.6,CA-50,simetrica_duas_faces,Venturini,4,A4_w160,021,ManusAI,Especialista,validado,
A-4,0.2,0.3023,0.9969,1.6,CA-50,simetrica_duas_faces,Venturini,4,A4_w160,022,ManusAI,Especialista,validado,
A-4,0.2,0.4,0.999,1.6,CA-50,simetrica_duas_faces,Venturini,4,A4_w160,023,ManusAI,Especialista,validado,
A-4,0.2,0.4977,0.9969,1.6,CA-50,simetrica_duas_faces,Venturini,4,A4_w160,024,ManusAI,Especialista,validado,
A-4,0.2,0.5955,0.9907,1.6,CA-50,simetrica_duas_faces,Venturini,4,A4_w160,025,ManusAI,Especialista,validado,
A-4,0.2,0.6932,0.9804,1.6,CA-50,simetrica_duas_faces,Venturini,4,A4_w160,026,ManusAI,Especialista,validado,
A-4,0.2,0.7909,0.966,1.6,CA-50,simetrica_duas_faces,Venturini,4,A4_w160,027,ManusAI,Especialista,validado,
A-4,0.2,0.8886,0.9474,1.6,CA-50,simetrica_duas_faces,Venturini,4,A4_w160,028,ManusAI,Especialista,validado,
A-4,0.2,0.9864,0.9247,1.6,CA-50,simetrica_duas_faces,Venturini,4,A4_w160,029,ManusAI,Especialista,validado,
A-4,0.2,1.0841,0.8979,1.6,CA-50,simetrica_duas_faces,Venturini,4,A4_w160,030,ManusAI,Especialista,validado,
A-4,0.2,1.1818,0.8669,1.6,CA-50,simetrica_duas_faces,Venturini,4,A4_w160,031,ManusAI,Especialista,validado,
A-4,0.2,1.2795,0.8318,1.6,CA-50,simetrica_duas_faces,Venturini,4,A4_w160,032,ManusAI,Especialista,validado,
A-4,0.2,1.3773,0.7926,1.6,CA-50,simetrica_duas_faces,Venturini,4,A4_w160,033,ManusAI,Especialista,validado,
A-4,0.2,1.475,0.7493,1.6,CA-50,simetrica_duas_faces,Venturini,4,A4_w160,034,ManusAI,Especialista,validado,
A-4,0.2,1.5727,0.7018,1.6,CA-50,simetrica_duas_faces,Venturini,4,A4_w160,035,ManusAI,Especialista,validado,
A-4,0.2,1.6705,0.6502,1.6,CA-50,simetrica_duas_faces,Venturini,4,A4_w160,036,ManusAI,Especialista,validado,
A-4,0.2,1.7682,0.5944,1.6,CA-50,simetrica_duas_faces,Venturini,4,A4_w160,037,ManusAI,Especialista,validado,
A-4,0.2,1.8659,0.5346,1.6,CA-50,simetrica_duas_faces,Venturini,4,A4_w160,038,ManusAI,Especialista,validado,
A-4,0.2,1.9636,0.4706,1.6,CA-50,simetrica_duas_faces,Venturini,4,A4_w160,039,ManusAI,Especialista,validado,
A-4,0.2,2.0614,0.4025,1.6,CA-50,simetrica_duas_faces,Venturini,4,A4_w160,040,ManusAI,Especialista,validado,
A-4,0.2,2.1591,0.3302,1.6,CA-50,simetrica_duas_faces,Venturini,4,A4_w160,041,ManusAI,Especialista,validado,
A-4,0.2,2.2568,0.2539,1.6,CA-50,simetrica_duas_faces,Venturini,4,A4_w160,042,ManusAI,Especialista,validado,
A-4,0.2,2.3545,0.1734,1.6,CA-50,simetrica_duas_faces,Venturini,4,A4_w160,043,ManusAI,Especialista,validado,
A-4,0.2,2.4523,0.0888,1.6,CA-50,simetrica_duas_faces,Venturini,4,A4_w160,044,ManusAI,Especialista,validado,
A-5,0.25,-1.6523,0.016,0.0,CA-50,simetrica_duas_faces,Venturini,5,A5_w000,002,ManusAI,Especialista,validado,
A-5,0.25,-1.5545,0.0312,0.0,CA-50,simetrica_duas_faces,Venturini,5,A5_w000,003,ManusAI,Especialista,validado,
A-5,0.25,-1.4568,0.0457,0.0,CA-50,simetrica_duas_faces,Venturini,5,A5_w000,004,ManusAI,Especialista,validado,
A-5,0.25,-1.3591,0.0595,0.0,CA-50,simetrica_duas_faces,Venturini,5,A5_w000,005,ManusAI,Especialista,validado,
A-5,0.25,-1.2614,0.0725,0.0,CA-50,simetrica_duas_faces,Venturini,5,A5_w000,006,ManusAI,Especialista,validado,
A-5,0.25,-1.1636,0.0848,0.0,CA-50,simetrica_duas_faces,Venturini,5,A5_w000,007,ManusAI,Especialista,validado,
A-5,0.25,-1.0659,0.0963,0.0,CA-50,simetrica_duas_faces,Venturini,5,A5_w000,008,ManusAI,Especialista,validado,
A-5,0.25,-0.9682,0.1071,0.0,CA-50,simetrica_duas_faces,Venturini,5,A5_w000,009,ManusAI,Especialista,validado,
A-5,0.25,-0.8705,0.1171,0.0,CA-50,simetrica_duas_faces,Venturini,5,A5_w000,010,ManusAI,Especialista,validado,
A-5,0.25,-0.7727,0.1264,0.0,CA-50,simetrica_duas_faces,Venturini,5,A5_w000,011,ManusAI,Especialista,validado,
A-5,0.25,-0.675,0.135,0.0,CA-50,simetrica_duas_faces,Venturini,5,A5_w000,012,ManusAI,Especialista,validado,
A-5,0.25,-0.5773,0.1428,0.0,CA-50,simetrica_duas_faces,Venturini,5,A5_w000,013,ManusAI,Especialista,validado,
A-5,0.25,-0.4795,0.1499,0.0,CA-50,simetrica_duas_faces,Venturini,5,A5_w000,014,ManusAI,Especialista,validado,
A-5,0.25,-0.3818,0.1562,0.0,CA-50,simetrica_duas_faces,Venturini,5,A5_w000,015,ManusAI,Especialista,validado,
A-5,0.25,-0.2841,0.1618,0.0,CA-50,simetrica_duas_faces,Venturini,5,A5_w000,016,ManusAI,Especialista,validado,
A-5,0.25,-0.1864,0.1666,0.0,CA-50,simetrica_duas_faces,Venturini,5,A5_w000,017,ManusAI,Especialista,validado,
A-5,0.25,-0.0886,0.1707,0.0,CA-50,simetrica_duas_faces,Venturini,5,A5_w000,018,ManusAI,Especialista,validado,
A-5,0.25,0.0091,0.174,0.0,CA-50,simetrica_duas_faces,Venturini,5,A5_w000,019,ManusAI,Especialista,validado,
A-5,0.25,0.1068,0.1767,0.0,CA-50,simetrica_duas_faces,Venturini,5,A5_w000,020,ManusAI,Especialista,validado,
A-5,0.25,0.2045,0.1785,0.0,CA-50,simetrica_duas_faces,Venturini,5,A5_w000,021,ManusAI,Especialista,validado,
A-5,0.25,0.3023,0.1796,0.0,CA-50,simetrica_duas_faces,Venturini,5,A5_w000,022,ManusAI,Especialista,validado,
A-5,0.25,0.4,0.18,0.0,CA-50,simetrica_duas_faces,Venturini,5,A5_w000,023,ManusAI,Especialista,validado,
A-5,0.25,0.4977,0.1796,0.0,CA-50,simetrica_duas_faces,Venturini,5,A5_w000,024,ManusAI,Especialista,validado,
A-5,0.25,0.5955,0.1785,0.0,CA-50,simetrica_duas_faces,Venturini,5,A5_w000,025,ManusAI,Especialista,validado,
A-5,0.25,0.6932,0.1767,0.0,CA-50,simetrica_duas_faces,Venturini,5,A5_w000,026,ManusAI,Especialista,validado,
A-5,0.25,0.7909,0.174,0.0,CA-50,simetrica_duas_faces,Venturini,5,A5_w000,027,ManusAI,Especialista,validado,
A-5,0.25,0.8886,0.1707,0.0,CA-50,simetrica_duas_faces,Venturini,5,A5_w000,028,ManusAI,Especialista,validado,
A-5,0.25,0.9864,0.1666,0.0,CA-50,simetrica_duas_faces,Venturini,5,A5_w000,029,ManusAI,Especialista,validado,
A-5,0.25,1.0841,0.1618,0.0,CA-50,simetrica_duas_faces,Venturini,5,A5_w000,030,ManusAI,Especialista,validado,
A-5,0.25,1.1818,0.1562,0.0,CA-50,simetrica_duas_faces,Venturini,5,A5_w000,031,ManusAI,Especialista,validado,
A-5,0.25,1.2795,0.1499,0.0,CA-50,simetrica_duas_faces,Venturini,5,A5_w000,032,ManusAI,Especialista,validado,
A-5,0.25,1.3773,0.1428,0.0,CA-50,simetrica_duas_faces,Venturini,5,A5_w000,033,ManusAI,Especialista,validado,
A-5,0.25,1.475,0.135,0.0,CA-50,simetrica_duas_faces,Venturini,5,A5_w000,034,ManusAI,Especialista,validado,
A-5,0.25,1.5727,0.1264,0.0,CA-50,simetrica_duas_faces,Venturini,5,A5_w000,035,ManusAI,Especialista,validado,
A-5,0.25,1.6705,0.1171,0.0,CA-50,simetrica_duas_faces,Venturini,5,A5_w000,036,ManusAI,Especialista,validado,
A-5,0.25,1.7682,0.1071,0.0,CA-50,simetrica_duas_faces,Venturini,5,A5_w000,037,ManusAI,Especialista,validado,
A-5,0.25,1.8659,0.0963,0.0,CA-50,simetrica_duas_faces,Venturini,5,A5_w000,038,ManusAI,Especialista,validado,
A-5,0.25,1.9636,0.0848,0.0,CA-50,simetrica_duas_faces,Venturini,5,A5_w000,039,ManusAI,Especialista,validado,
A-5,0.25,2.0614,0.0725,0.0,CA-50,simetrica_duas_faces,Venturini,5,A5_w000,040,ManusAI,Especialista,validado,
A-5,0.25,2.1591,0.0595,0.0,CA-50,simetrica_duas_faces,Venturini,5,A5_w000,041,ManusAI,Especialista,validado,
A-5,0.25,2.2568,0.0457,0.0,CA-50,simetrica_duas_faces,Venturini,5,A5_w000,042,ManusAI,Especialista,validado,
A-5,0.25,2.3545,0.0312,0.0,CA-50,simetrica_duas_faces,Venturini,5,A5_w000,043,ManusAI,Especialista,validado,
A-5,0.25,2.4523,0.016,0.0,CA-50,simetrica_duas_faces,Venturini,5,A5_w000,044,ManusAI,Especialista,validado,
A-5,0.25,-1.6523,0.0204,0.1,CA-50,simetrica_duas_faces,Venturini,5,A5_w010,002,ManusAI,Especialista,validado,
A-5,0.25,-1.5545,0.0398,0.1,CA-50,simetrica_duas_faces,Venturini,5,A5_w010,003,ManusAI,Especialista,validado,
A-5,0.25,-1.4568,0.0583,0.1,CA-50,simetrica_duas_faces,Venturini,5,A5_w010,004,ManusAI,Especialista,validado,
A-5,0.25,-1.3591,0.0759,0.1,CA-50,simetrica_duas_faces,Venturini,5,A5_w010,005,ManusAI,Especialista,validado,
A-5,0.25,-1.2614,0.0925,0.1,CA-50,simetrica_duas_faces,Venturini,5,A5_w010,006,ManusAI,Especialista,validado,
A-5,0.25,-1.1636,0.1081,0.1,CA-50,simetrica_duas_faces,Venturini,5,A5_w010,007,ManusAI,Especialista,validado,
A-5,0.25,-1.0659,0.1228,0.1,CA-50,simetrica_duas_faces,Venturini,5,A5_w010,008,ManusAI,Especialista,validado,
A-5,0.25,-0.9682,0.1366,0.1,CA-50,simetrica_duas_faces,Venturini,5,A5_w010,009,ManusAI,Especialista,validado,
A-5,0.25,-0.8705,0.1494,0.1,CA-50,simetrica_duas_faces,Venturini,5,A5_w010,010,ManusAI,Especialista,validado,
A-5,0.25,-0.7727,0.1612,0.1,CA-50,simetrica_duas_faces,Venturini,5,A5_w010,011,ManusAI,Especialista,validado,
A-5,0.25,-0.675,0.1721,0.1,CA-50,simetrica_duas_faces,Venturini,5,A5_w010,012,ManusAI,Especialista,validado,
A-5,0.25,-0.5773,0.1821,0.1,CA-50,simetrica_duas_faces,Venturini,5,A5_w010,013,ManusAI,Especialista,validado,
A-5,0.25,-0.4795,0.1911,0.1,CA-50,simetrica_duas_faces,Venturini,5,A5_w010,014,ManusAI,Especialista,validado,
A-5,0.25,-0.3818,0.1992,0.1,CA-50,simetrica_duas_faces,Venturini,5,A5_w010,015,ManusAI,Especialista,validado,
A-5,0.25,-0.2841,0.2063,0.1,CA-50,simetrica_duas_faces,Venturini,5,A5_w010,016,ManusAI,Especialista,validado,
A-5,0.25,-0.1864,0.2124,0.1,CA-50,simetrica_duas_faces,Venturini,5,A5_w010,017,ManusAI,Especialista,validado,
A-5,0.25,-0.0886,0.2176,0.1,CA-50,simetrica_duas_faces,Venturini,5,A5_w010,018,ManusAI,Especialista,validado,
A-5,0.25,0.0091,0.2219,0.1,CA-50,simetrica_duas_faces,Venturini,5,A5_w010,019,ManusAI,Especialista,validado,
A-5,0.25,0.1068,0.2252,0.1,CA-50,simetrica_duas_faces,Venturini,5,A5_w010,020,ManusAI,Especialista,validado,
A-5,0.25,0.2045,0.2276,0.1,CA-50,simetrica_duas_faces,Venturini,5,A5_w010,021,ManusAI,Especialista,validado,
A-5,0.25,0.3023,0.229,0.1,CA-50,simetrica_duas_faces,Venturini,5,A5_w010,022,ManusAI,Especialista,validado,
A-5,0.25,0.4,0.2295,0.1,CA-50,simetrica_duas_faces,Venturini,5,A5_w010,023,ManusAI,Especialista,validado,
A-5,0.25,0.4977,0.229,0.1,CA-50,simetrica_duas_faces,Venturini,5,A5_w010,024,ManusAI,Especialista,validado,
A-5,0.25,0.5955,0.2276,0.1,CA-50,simetrica_duas_faces,Venturini,5,A5_w010,025,ManusAI,Especialista,validado,
A-5,0.25,0.6932,0.2252,0.1,CA-50,simetrica_duas_faces,Venturini,5,A5_w010,026,ManusAI,Especialista,validado,
A-5,0.25,0.7909,0.2219,0.1,CA-50,simetrica_duas_faces,Venturini,5,A5_w010,027,ManusAI,Especialista,validado,
A-5,0.25,0.8886,0.2176,0.1,CA-50,simetrica_duas_faces,Venturini,5,A5_w010,028,ManusAI,Especialista,validado,
A-5,0.25,0.9864,0.2124,0.1,CA-50,simetrica_duas_faces,Venturini,5,A5_w010,029,ManusAI,Especialista,validado,
A-5,0.25,1.0841,0.2063,0.1,CA-50,simetrica_duas_faces,Venturini,5,A5_w010,030,ManusAI,Especialista,validado,
A-5,0.25,1.1818,0.1992,0.1,CA-50,simetrica_duas_faces,Venturini,5,A5_w010,031,ManusAI,Especialista,validado,
A-5,0.25,1.2795,0.1911,0.1,CA-50,simetrica_duas_faces,Venturini,5,A5_w010,032,ManusAI,Especialista,validado,
A-5,0.25,1.3773,0.1821,0.1,CA-50,simetrica_duas_faces,Venturini,5,A5_w010,033,ManusAI,Especialista,validado,
A-5,0.25,1.475,0.1721,0.1,CA-50,simetrica_duas_faces,Venturini,5,A5_w010,034,ManusAI,Especialista,validado,
A-5,0.25,1.5727,0.1612,0.1,CA-50,simetrica_duas_faces,Venturini,5,A5_w010,035,ManusAI,Especialista,validado,
A-5,0.25,1.6705,0.1494,0.1,CA-50,simetrica_duas_faces,Venturini,5,A5_w010,036,ManusAI,Especialista,validado,
A-5,0.25,1.7682,0.1366,0.1,CA-50,simetrica_duas_faces,Venturini,5,A5_w010,037,ManusAI,Especialista,validado,
A-5,0.25,1.8659,0.1228,0.1,CA-50,simetrica_duas_faces,Venturini,5,A5_w010,038,ManusAI,Especialista,validado,
A-5,0.25,1.9636,0.1081,0.1,CA-50,simetrica_duas_faces,Venturini,5,A5_w010,039,ManusAI,Especialista,validado,
A-5,0.25,2.0614,0.0925,0.1,CA-50,simetrica_duas_faces,Venturini,5,A5_w010,040,ManusAI,Especialista,validado,
A-5,0.25,2.1591,0.0759,0.1,CA-50,simetrica_duas_faces,Venturini,5,A5_w010,041,ManusAI,Especialista,validado,
A-5,0.25,2.2568,0.0583,0.1,CA-50,simetrica_duas_faces,Venturini,5,A5_w010,042,ManusAI,Especialista,validado,
A-5,0.25,2.3545,0.0398,0.1,CA-50,simetrica_duas_faces,Venturini,5,A5_w010,043,ManusAI,Especialista,validado,
A-5,0.25,2.4523,0.0204,0.1,CA-50,simetrica_duas_faces,Venturini,5,A5_w010,044,ManusAI,Especialista,validado,
A-5,0.25,-1.6523,0.0248,0.2,CA-50,simetrica_duas_faces,Venturini,5,A5_w020,002,ManusAI,Especialista,validado,
A-5,0.25,-1.5545,0.0484,0.2,CA-50,simetrica_duas_faces,Venturini,5,A5_w020,003,ManusAI,Especialista,validado,
A-5,0.25,-1.4568,0.0709,0.2,CA-50,simetrica_duas_faces,Venturini,5,A5_w020,004,ManusAI,Especialista,validado,
A-5,0.25,-1.3591,0.0922,0.2,CA-50,simetrica_duas_faces,Venturini,5,A5_w020,005,ManusAI,Especialista,validado,
A-5,0.25,-1.2614,0.1124,0.2,CA-50,simetrica_duas_faces,Venturini,5,A5_w020,006,ManusAI,Especialista,validado,
A-5,0.25,-1.1636,0.1314,0.2,CA-50,simetrica_duas_faces,Venturini,5,A5_w020,007,ManusAI,Especialista,validado,
A-5,0.25,-1.0659,0.1493,0.2,CA-50,simetrica_duas_faces,Venturini,5,A5_w020,008,ManusAI,Especialista,validado,
A-5,0.25,-0.9682,0.166,0.2,CA-50,simetrica_duas_faces,Venturini,5,A5_w020,009,ManusAI,Especialista,validado,
A-5,0.25,-0.8705,0.1816,0.2,CA-50,simetrica_duas_faces,Venturini,5,A5_w020,010,ManusAI,Especialista,validado,
A-5,0.25,-0.7727,0.196,0.2,CA-50,simetrica_duas_faces,Venturini,5,A5_w020,011,ManusAI,Especialista,validado,
A-5,0.25,-0.675,0.2092,0.2,CA-50,simetrica_duas_faces,Venturini,5,A5_w020,012,ManusAI,Especialista,validado,
A-5,0.25,-0.5773,0.2214,0.2,CA-50,simetrica_duas_faces,Venturini,5,A5_w020,013,ManusAI,Especialista,validado,
A-5,0.25,-0.4795,0.2323,0.2,CA-50,simetrica_duas_faces,Venturini,5,A5_w020,014,ManusAI,Especialista,validado,
A-5,0.25,-0.3818,0.2421,0.2,CA-50,simetrica_duas_faces,Venturini,5,A5_w020,015,ManusAI,Especialista,validado,
A-5,0.25,-0.2841,0.2508,0.2,CA-50,simetrica_duas_faces,Venturini,5,A5_w020,016,ManusAI,Especialista,validado,
A-5,0.25,-0.1864,0.2582,0.2,CA-50,simetrica_duas_faces,Venturini,5,A5_w020,017,ManusAI,Especialista,validado,
A-5,0.25,-0.0886,0.2646,0.2,CA-50,simetrica_duas_faces,Venturini,5,A5_w020,018,ManusAI,Especialista,validado,
A-5,0.25,0.0091,0.2698,0.2,CA-50,simetrica_duas_faces,Venturini,5,A5_w020,019,ManusAI,Especialista,validado,
A-5,0.25,0.1068,0.2738,0.2,CA-50,simetrica_duas_faces,Venturini,5,A5_w020,020,ManusAI,Especialista,validado,
A-5,0.25,0.2045,0.2767,0.2,CA-50,simetrica_duas_faces,Venturini,5,A5_w020,021,ManusAI,Especialista,validado,
A-5,0.25,0.3023,0.2784,0.2,CA-50,simetrica_duas_faces,Venturini,5,A5_w020,022,ManusAI,Especialista,validado,
A-5,0.25,0.4,0.279,0.2,CA-50,simetrica_duas_faces,Venturini,5,A5_w020,023,ManusAI,Especialista,validado,
A-5,0.25,0.4977,0.2784,0.2,CA-50,simetrica_duas_faces,Venturini,5,A5_w020,024,ManusAI,Especialista,validado,
A-5,0.25,0.5955,0.2767,0.2,CA-50,simetrica_duas_faces,Venturini,5,A5_w020,025,ManusAI,Especialista,validado,
A-5,0.25,0.6932,0.2738,0.2,CA-50,simetrica_duas_faces,Venturini,5,A5_w020,026,ManusAI,Especialista,validado,
A-5,0.25,0.7909,0.2698,0.2,CA-50,simetrica_duas_faces,Venturini,5,A5_w020,027,ManusAI,Especialista,validado,
A-5,0.25,0.8886,0.2646,0.2,CA-50,simetrica_duas_faces,Venturini,5,A5_w020,028,ManusAI,Especialista,validado,
A-5,0.25,0.9864,0.2582,0.2,CA-50,simetrica_duas_faces,Venturini,5,A5_w020,029,ManusAI,Especialista,validado,
A-5,0.25,1.0841,0.2508,0.2,CA-50,simetrica_duas_faces,Venturini,5,A5_w020,030,ManusAI,Especialista,validado,
A-5,0.25,1.1818,0.2421,0.2,CA-50,simetrica_duas_faces,Venturini,5,A5_w020,031,ManusAI,Especialista,validado,
A-5,0.25,1.2795,0.2323,0.2,CA-50,simetrica_duas_faces,Venturini,5,A5_w020,032,ManusAI,Especialista,validado,
A-5,0.25,1.3773,0.2214,0.2,CA-50,simetrica_duas_faces,Venturini,5,A5_w020,033,ManusAI,Especialista,validado,
A-5,0.25,1.475,0.2093,0.2,CA-50,simetrica_duas_faces,Venturini,5,A5_w020,034,ManusAI,Especialista,validado,
A-5,0.25,1.5727,0.196,0.2,CA-50,simetrica_duas_faces,Venturini,5,A5_w020,035,ManusAI,Especialista,validado,
A-5,0.25,1.6705,0.1816,0.2,CA-50,simetrica_duas_faces,Venturini,5,A5_w020,036,ManusAI,Especialista,validado,
A-5,0.25,1.7682,0.166,0.2,CA-50,simetrica_duas_faces,Venturini,5,A5_w020,037,ManusAI,Especialista,validado,
A-5,0.25,1.8659,0.1493,0.2,CA-50,simetrica_duas_faces,Venturini,5,A5_w020,038,ManusAI,Especialista,validado,
A-5,0.25,1.9636,0.1314,0.2,CA-50,simetrica_duas_faces,Venturini,5,A5_w020,039,ManusAI,Especialista,validado,
A-5,0.25,2.0614,0.1124,0.2,CA-50,simetrica_duas_faces,Venturini,5,A5_w020,040,ManusAI,Especialista,validado,
A-5,0.25,2.1591,0.0922,0.2,CA-50,simetrica_duas_faces,Venturini,5,A5_w020,041,ManusAI,Especialista,validado,
A-5,0.25,2.2568,0.0709,0.2,CA-50,simetrica_duas_faces,Venturini,5,A5_w020,042,ManusAI,Especialista,validado,
A-5,0.25,2.3545,0.0484,0.2,CA-50,simetrica_duas_faces,Venturini,5,A5_w020,043,ManusAI,Especialista,validado,
A-5,0.25,2.4523,0.0248,0.2,CA-50,simetrica_duas_faces,Venturini,5,A5_w020,044,ManusAI,Especialista,validado,
A-5,0.25,-1.6523,0.0292,0.3,CA-50,simetrica_duas_faces,Venturini,5,A5_w030,002,ManusAI,Especialista,validado,
A-5,0.25,-1.5545,0.057,0.3,CA-50,simetrica_duas_faces,Venturini,5,A5_w030,003,ManusAI,Especialista,validado,
A-5,0.25,-1.4568,0.0835,0.3,CA-50,simetrica_duas_faces,Venturini,5,A5_w030,004,ManusAI,Especialista,validado,
A-5,0.25,-1.3591,0.1086,0.3,CA-50,simetrica_duas_faces,Venturini,5,A5_w030,005,ManusAI,Especialista,validado,
A-5,0.25,-1.2614,0.1324,0.3,CA-50,simetrica_duas_faces,Venturini,5,A5_w030,006,ManusAI,Especialista,validado,
A-5,0.25,-1.1636,0.1547,0.3,CA-50,simetrica_duas_faces,Venturini,5,A5_w030,007,ManusAI,Especialista,validado,
A-5,0.25,-1.0659,0.1758,0.3,CA-50,simetrica_duas_faces,Venturini,5,A5_w030,008,ManusAI,Especialista,validado,
A-5,0.25,-0.9682,0.1955,0.3,CA-50,simetrica_duas_faces,Venturini,5,A5_w030,009,ManusAI,Especialista,validado,
A-5,0.25,-0.8705,0.2138,0.3,CA-50,simetrica_duas_faces,Venturini,5,A5_w030,010,ManusAI,Especialista,validado,
A-5,0.25,-0.7727,0.2308,0.3,CA-50,simetrica_duas_faces,Venturini,5,A5_w030,011,ManusAI,Especialista,validado,
A-5,0.25,-0.675,0.2464,0.3,CA-50,simetrica_duas_faces,Venturini,5,A5_w030,012,ManusAI,Especialista,validado,
A-5,0.25,-0.5773,0.2606,0.3,CA-50,simetrica_duas_faces,Venturini,5,A5_w030,013,ManusAI,Especialista,validado,
A-5,0.25,-0.4795,0.2735,0.3,CA-50,simetrica_duas_faces,Venturini,5,A5_w030,014,ManusAI,Especialista,validado,
A-5,0.25,-0.3818,0.2851,0.3,CA-50,simetrica_duas_faces,Venturini,5,A5_w030,015,ManusAI,Especialista,validado,
A-5,0.25,-0.2841,0.2952,0.3,CA-50,simetrica_duas_faces,Venturini,5,A5_w030,016,ManusAI,Especialista,validado,
A-5,0.25,-0.1864,0.3041,0.3,CA-50,simetrica_duas_faces,Venturini,5,A5_w030,017,ManusAI,Especialista,validado,
A-5,0.25,-0.0886,0.3115,0.3,CA-50,simetrica_duas_faces,Venturini,5,A5_w030,018,ManusAI,Especialista,validado,
A-5,0.25,0.0091,0.3176,0.3,CA-50,simetrica_duas_faces,Venturini,5,A5_w030,019,ManusAI,Especialista,validado,
A-5,0.25,0.1068,0.3224,0.3,CA-50,simetrica_duas_faces,Venturini,5,A5_w030,020,ManusAI,Especialista,validado,
A-5,0.25,0.2045,0.3258,0.3,CA-50,simetrica_duas_faces,Venturini,5,A5_w030,021,ManusAI,Especialista,validado,
A-5,0.25,0.3023,0.3278,0.3,CA-50,simetrica_duas_faces,Venturini,5,A5_w030,022,ManusAI,Especialista,validado,
A-5,0.25,0.4,0.3285,0.3,CA-50,simetrica_duas_faces,Venturini,5,A5_w030,023,ManusAI,Especialista,validado,
A-5,0.25,0.4977,0.3278,0.3,CA-50,simetrica_duas_faces,Venturini,5,A5_w030,024,ManusAI,Especialista,validado,
A-5,0.25,0.5955,0.3258,0.3,CA-50,simetrica_duas_faces,Venturini,5,A5_w030,025,ManusAI,Especialista,validado,
A-5,0.25,0.6932,0.3224,0.3,CA-50,simetrica_duas_faces,Venturini,5,A5_w030,026,ManusAI,Especialista,validado,
A-5,0.25,0.7909,0.3176,0.3,CA-50,simetrica_duas_faces,Venturini,5,A5_w030,027,ManusAI,Especialista,validado,
A-5,0.25,0.8886,0.3115,0.3,CA-50,simetrica_duas_faces,Venturini,5,A5_w030,028,ManusAI,Especialista,validado,
A-5,0.25,0.9864,0.3041,0.3,CA-50,simetrica_duas_faces,Venturini,5,A5_w030,029,ManusAI,Especialista,validado,
A-5,0.25,1.0841,0.2952,0.3,CA-50,simetrica_duas_faces,Venturini,5,A5_w030,030,ManusAI,Especialista,validado,
A-5,0.25,1.1818,0.2851,0.3,CA-50,simetrica_duas_faces,Venturini,5,A5_w030,031,ManusAI,Especialista,validado,
A-5,0.25,1.2795,0.2735,0.3,CA-50,simetrica_duas_faces,Venturini,5,A5_w030,032,ManusAI,Especialista,validado,
A-5,0.25,1.3773,0.2606,0.3,CA-50,simetrica_duas_faces,Venturini,5,A5_w030,033,ManusAI,Especialista,validado,
A-5,0.25,1.475,0.2464,0.3,CA-50,simetrica_duas_faces,Venturini,5,A5_w030,034,ManusAI,Especialista,validado,
A-5,0.25,1.5727,0.2308,0.3,CA-50,simetrica_duas_faces,Venturini,5,A5_w030,035,ManusAI,Especialista,validado,
A-5,0.25,1.6705,0.2138,0.3,CA-50,simetrica_duas_faces,Venturini,5,A5_w030,036,ManusAI,Especialista,validado,
A-5,0.25,1.7682,0.1955,0.3,CA-50,simetrica_duas_faces,Venturini,5,A5_w030,037,ManusAI,Especialista,validado,
A-5,0.25,1.8659,0.1758,0.3,CA-50,simetrica_duas_faces,Venturini,5,A5_w030,038,ManusAI,Especialista,validado,
A-5,0.25,1.9636,0.1547,0.3,CA-50,simetrica_duas_faces,Venturini,5,A5_w030,039,ManusAI,Especialista,validado,
A-5,0.25,2.0614,0.1324,0.3,CA-50,simetrica_duas_faces,Venturini,5,A5_w030,040,ManusAI,Especialista,validado,
A-5,0.25,2.1591,0.1086,0.3,CA-50,simetrica_duas_faces,Venturini,5,A5_w030,041,ManusAI,Especialista,validado,
A-5,0.25,2.2568,0.0835,0.3,CA-50,simetrica_duas_faces,Venturini,5,A5_w030,042,ManusAI,Especialista,validado,
A-5,0.25,2.3545,0.057,0.3,CA-50,simetrica_duas_faces,Venturini,5,A5_w030,043,ManusAI,Especialista,validado,
A-5,0.25,2.4523,0.0292,0.3,CA-50,simetrica_duas_faces,Venturini,5,A5_w030,044,ManusAI,Especialista,validado,
A-5,0.25,-1.6523,0.0336,0.4,CA-50,simetrica_duas_faces,Venturini,5,A5_w040,002,ManusAI,Especialista,validado,
A-5,0.25,-1.5545,0.0656,0.4,CA-50,simetrica_duas_faces,Venturini,5,A5_w040,003,ManusAI,Especialista,validado,
A-5,0.25,-1.4568,0.0961,0.4,CA-50,simetrica_duas_faces,Venturini,5,A5_w040,004,ManusAI,Especialista,validado,
A-5,0.25,-1.3591,0.125,0.4,CA-50,simetrica_duas_faces,Venturini,5,A5_w040,005,ManusAI,Especialista,validado,
A-5,0.25,-1.2614,0.1523,0.4,CA-50,simetrica_duas_faces,Venturini,5,A5_w040,006,ManusAI,Especialista,validado,
A-5,0.25,-1.1636,0.1781,0.4,CA-50,simetrica_duas_faces,Venturini,5,A5_w040,007,ManusAI,Especialista,validado,
A-5,0.25,-1.0659,0.2023,0.4,CA-50,simetrica_duas_faces,Venturini,5,A5_w040,008,ManusAI,Especialista,validado,
A-5,0.25,-0.9682,0.2249,0.4,CA-50,simetrica_duas_faces,Venturini,5,A5_w040,009,ManusAI,Especialista,validado,
A-5,0.25,-0.8705,0.246,0.4,CA-50,simetrica_duas_faces,Venturini,5,A5_w040,010,ManusAI,Especialista,validado,
A-5,0.25,-0.7727,0.2655,0.4,CA-50,simetrica_duas_faces,Venturini,5,A5_w040,011,ManusAI,Especialista,validado,
A-5,0.25,-0.675,0.2835,0.4,CA-50,simetrica_duas_faces,Venturini,5,A5_w040,012,ManusAI,Especialista,validado,
A-5,0.25,-0.5773,0.2999,0.4,CA-50,simetrica_duas_faces,Venturini,5,A5_w040,013,ManusAI,Especialista,validado,
A-5,0.25,-0.4795,0.3147,0.4,CA-50,simetrica_duas_faces,Venturini,5,A5_w040,014,ManusAI,Especialista,validado,
A-5,0.25,-0.3818,0.328,0.4,CA-50,simetrica_duas_faces,Venturini,5,A5_w040,015,ManusAI,Especialista,validado,
A-5,0.25,-0.2841,0.3397,0.4,CA-50,simetrica_duas_faces,Venturini,5,A5_w040,016,ManusAI,Especialista,validado,
A-5,0.25,-0.1864,0.3499,0.4,CA-50,simetrica_duas_faces,Venturini,5,A5_w040,017,ManusAI,Especialista,validado,
A-5,0.25,-0.0886,0.3585,0.4,CA-50,simetrica_duas_faces,Venturini,5,A5_w040,018,ManusAI,Especialista,validado,
A-5,0.25,0.0091,0.3655,0.4,CA-50,simetrica_duas_faces,Venturini,5,A5_w040,019,ManusAI,Especialista,validado,
A-5,0.25,0.1068,0.371,0.4,CA-50,simetrica_duas_faces,Venturini,5,A5_w040,020,ManusAI,Especialista,validado,
A-5,0.25,0.2045,0.3749,0.4,CA-50,simetrica_duas_faces,Venturini,5,A5_w040,021,ManusAI,Especialista,validado,
A-5,0.25,0.3023,0.3772,0.4,CA-50,simetrica_duas_faces,Venturini,5,A5_w040,022,ManusAI,Especialista,validado,
A-5,0.25,0.4,0.378,0.4,CA-50,simetrica_duas_faces,Venturini,5,A5_w040,023,ManusAI,Especialista,validado,
A-5,0.25,0.4977,0.3772,0.4,CA-50,simetrica_duas_faces,Venturini,5,A5_w040,024,ManusAI,Especialista,validado,
A-5,0.25,0.5955,0.3749,0.4,CA-50,simetrica_duas_faces,Venturini,5,A5_w040,025,ManusAI,Especialista,validado,
A-5,0.25,0.6932,0.371,0.4,CA-50,simetrica_duas_faces,Venturini,5,A5_w040,026,ManusAI,Especialista,validado,
A-5,0.25,0.7909,0.3655,0.4,CA-50,simetrica_duas_faces,Venturini,5,A5_w040,027,ManusAI,Especialista,validado,
A-5,0.25,0.8886,0.3585,0.4,CA-50,simetrica_duas_faces,Venturini,5,A5_w040,028,ManusAI,Especialista,validado,
A-5,0.25,0.9864,0.3499,0.4,CA-50,simetrica_duas_faces,Venturini,5,A5_w040,029,ManusAI,Especialista,validado,
A-5,0.25,1.0841,0.3397,0.4,CA-50,simetrica_duas_faces,Venturini,5,A5_w040,030,ManusAI,Especialista,validado,
A-5,0.25,1.1818,0.328,0.4,CA-50,simetrica_duas_faces,Venturini,5,A5_w040,031,ManusAI,Especialista,validado,
A-5,0.25,1.2795,0.3147,0.4,CA-50,simetrica_duas_faces,Venturini,5,A5_w040,032,ManusAI,Especialista,validado,
A-5,0.25,1.3773,0.2999,0.4,CA-50,simetrica_duas_faces,Venturini,5,A5_w040,033,ManusAI,Especialista,validado,
A-5,0.25,1.475,0.2835,0.4,CA-50,simetrica_duas_faces,Venturini,5,A5_w040,034,ManusAI,Especialista,validado,
A-5,0.25,1.5727,0.2655,0.4,CA-50,simetrica_duas_faces,Venturini,5,A5_w040,035,ManusAI,Especialista,validado,
A-5,0.25,1.6705,0.246,0.4,CA-50,simetrica_duas_faces,Venturini,5,A5_w040,036,ManusAI,Especialista,validado,
A-5,0.25,1.7682,0.2249,0.4,CA-50,simetrica_duas_faces,Venturini,5,A5_w040,037,ManusAI,Especialista,validado,
A-5,0.25,1.8659,0.2023,0.4,CA-50,simetrica_duas_faces,Venturini,5,A5_w040,038,ManusAI,Especialista,validado,
A-5,0.25,1.9636,0.1781,0.4,CA-50,simetrica_duas_faces,Venturini,5,A5_w040,039,ManusAI,Especialista,validado,
A-5,0.25,2.0614,0.1523,0.4,CA-50,simetrica_duas_faces,Venturini,5,A5_w040,040,ManusAI,Especialista,validado,
A-5,0.25,2.1591,0.125,0.4,CA-50,simetrica_duas_faces,Venturini,5,A5_w040,041,ManusAI,Especialista,validado,
A-5,0.25,2.2568,0.0961,0.4,CA-50,simetrica_duas_faces,Venturini,5,A5_w040,042,ManusAI,Especialista,validado,
A-5,0.25,2.3545,0.0656,0.4,CA-50,simetrica_duas_faces,Venturini,5,A5_w040,043,ManusAI,Especialista,validado,
A-5,0.25,2.4523,0.0336,0.4,CA-50,simetrica_duas_faces,Venturini,5,A5_w040,044,ManusAI,Especialista,validado,
A-5,0.25,-1.6523,0.038,0.5,CA-50,simetrica_duas_faces,Venturini,5,A5_w050,002,ManusAI,Especialista,validado,
A-5,0.25,-1.5545,0.0742,0.5,CA-50,simetrica_duas_faces,Venturini,5,A5_w050,003,ManusAI,Especialista,validado,
A-5,0.25,-1.4568,0.1086,0.5,CA-50,simetrica_duas_faces,Venturini,5,A5_w050,004,ManusAI,Especialista,validado,
A-5,0.25,-1.3591,0.1413,0.5,CA-50,simetrica_duas_faces,Venturini,5,A5_w050,005,ManusAI,Especialista,validado,
A-5,0.25,-1.2614,0.1722,0.5,CA-50,simetrica_duas_faces,Venturini,5,A5_w050,006,ManusAI,Especialista,validado,
A-5,0.25,-1.1636,0.2014,0.5,CA-50,simetrica_duas_faces,Venturini,5,A5_w050,007,ManusAI,Especialista,validado,
A-5,0.25,-1.0659,0.2288,0.5,CA-50,simetrica_duas_faces,Venturini,5,A5_w050,008,ManusAI,Especialista,validado,
A-5,0.25,-0.9682,0.2544,0.5,CA-50,simetrica_duas_faces,Venturini,5,A5_w050,009,ManusAI,Especialista,validado,
A-5,0.25,-0.8705,0.2782,0.5,CA-50,simetrica_duas_faces,Venturini,5,A5_w050,010,ManusAI,Especialista,validado,
A-5,0.25,-0.7727,0.3003,0.5,CA-50,simetrica_duas_faces,Venturini,5,A5_w050,011,ManusAI,Especialista,validado,
A-5,0.25,-0.675,0.3206,0.5,CA-50,simetrica_duas_faces,Venturini,5,A5_w050,012,ManusAI,Especialista,validado,
A-5,0.25,-0.5773,0.3392,0.5,CA-50,simetrica_duas_faces,Venturini,5,A5_w050,013,ManusAI,Especialista,validado,
A-5,0.25,-0.4795,0.356,0.5,CA-50,simetrica_duas_faces,Venturini,5,A5_w050,014,ManusAI,Especialista,validado,
A-5,0.25,-0.3818,0.371,0.5,CA-50,simetrica_duas_faces,Venturini,5,A5_w050,015,ManusAI,Especialista,validado,
A-5,0.25,-0.2841,0.3842,0.5,CA-50,simetrica_duas_faces,Venturini,5,A5_w050,016,ManusAI,Especialista,validado,
A-5,0.25,-0.1864,0.3957,0.5,CA-50,simetrica_duas_faces,Venturini,5,A5_w050,017,ManusAI,Especialista,validado,
A-5,0.25,-0.0886,0.4054,0.5,CA-50,simetrica_duas_faces,Venturini,5,A5_w050,018,ManusAI,Especialista,validado,
A-5,0.25,0.0091,0.4134,0.5,CA-50,simetrica_duas_faces,Venturini,5,A5_w050,019,ManusAI,Especialista,validado,
A-5,0.25,0.1068,0.4196,0.5,CA-50,simetrica_duas_faces,Venturini,5,A5_w050,020,ManusAI,Especialista,validado,
A-5,0.25,0.2045,0.424,0.5,CA-50,simetrica_duas_faces,Venturini,5,A5_w050,021,ManusAI,Especialista,validado,
A-5,0.25,0.3023,0.4266,0.5,CA-50,simetrica_duas_faces,Venturini,5,A5_w050,022,ManusAI,Especialista,validado,
A-5,0.25,0.4,0.4275,0.5,CA-50,simetrica_duas_faces,Venturini,5,A5_w050,023,ManusAI,Especialista,validado,
A-5,0.25,0.4977,0.4266,0.5,CA-50,simetrica_duas_faces,Venturini,5,A5_w050,024,ManusAI,Especialista,validado,
A-5,0.25,0.5955,0.424,0.5,CA-50,simetrica_duas_faces,Venturini,5,A5_w050,025,ManusAI,Especialista,validado,
A-5,0.25,0.6932,0.4196,0.5,CA-50,simetrica_duas_faces,Venturini,5,A5_w050,026,ManusAI,Especialista,validado,
A-5,0.25,0.7909,0.4134,0.5,CA-50,simetrica_duas_faces,Venturini,5,A5_w050,027,ManusAI,Especialista,validado,
A-5,0.25,0.8886,0.4054,0.5,CA-50,simetrica_duas_faces,Venturini,5,A5_w050,028,ManusAI,Especialista,validado,
A-5,0.25,0.9864,0.3957,0.5,CA-50,simetrica_duas_faces,Venturini,5,A5_w050,029,ManusAI,Especialista,validado,
A-5,0.25,1.0841,0.3842,0.5,CA-50,simetrica_duas_faces,Venturini,5,A5_w050,030,ManusAI,Especialista,validado,
A-5,0.25,1.1818,0.371,0.5,CA-50,simetrica_duas_faces,Venturini,5,A5_w050,031,ManusAI,Especialista,validado,
A-5,0.25,1.2795,0.356,0.5,CA-50,simetrica_duas_faces,Venturini,5,A5_w050,032,ManusAI,Especialista,validado,
A-5,0.25,1.3773,0.3392,0.5,CA-50,simetrica_duas_faces,Venturini,5,A5_w050,033,ManusAI,Especialista,validado,
A-5,0.25,1.475,0.3206,0.5,CA-50,simetrica_duas_faces,Venturini,5,A5_w050,034,ManusAI,Especialista,validado,
A-5,0.25,1.5727,0.3003,0.5,CA-50,simetrica_duas_faces,Venturini,5,A5_w050,035,ManusAI,Especialista,validado,
A-5,0.25,1.6705,0.2782,0.5,CA-50,simetrica_duas_faces,Venturini,5,A5_w050,036,ManusAI,Especialista,validado,
A-5,0.25,1.7682,0.2544,0.5,CA-50,simetrica_duas_faces,Venturini,5,A5_w050,037,ManusAI,Especialista,validado,
A-5,0.25,1.8659,0.2288,0.5,CA-50,simetrica_duas_faces,Venturini,5,A5_w050,038,ManusAI,Especialista,validado,
A-5,0.25,1.9636,0.2014,0.5,CA-50,simetrica_duas_faces,Venturini,5,A5_w050,039,ManusAI,Especialista,validado,
A-5,0.25,2.0614,0.1722,0.5,CA-50,simetrica_duas_faces,Venturini,5,A5_w050,040,ManusAI,Especialista,validado,
A-5,0.25,2.1591,0.1413,0.5,CA-50,simetrica_duas_faces,Venturini,5,A5_w050,041,ManusAI,Especialista,validado,
A-5,0.25,2.2568,0.1086,0.5,CA-50,simetrica_duas_faces,Venturini,5,A5_w050,042,ManusAI,Especialista,validado,
A-5,0.25,2.3545,0.0742,0.5,CA-50,simetrica_duas_faces,Venturini,5,A5_w050,043,ManusAI,Especialista,validado,
A-5,0.25,2.4523,0.038,0.5,CA-50,simetrica_duas_faces,Venturini,5,A5_w050,044,ManusAI,Especialista,validado,
A-5,0.25,-1.6523,0.0424,0.6,CA-50,simetrica_duas_faces,Venturini,5,A5_w060,002,ManusAI,Especialista,validado,
A-5,0.25,-1.5545,0.0828,0.6,CA-50,simetrica_duas_faces,Venturini,5,A5_w060,003,ManusAI,Especialista,validado,
A-5,0.25,-1.4568,0.1212,0.6,CA-50,simetrica_duas_faces,Venturini,5,A5_w060,004,ManusAI,Especialista,validado,
A-5,0.25,-1.3591,0.1577,0.6,CA-50,simetrica_duas_faces,Venturini,5,A5_w060,005,ManusAI,Especialista,validado,
A-5,0.25,-1.2614,0.1922,0.6,CA-50,simetrica_duas_faces,Venturini,5,A5_w060,006,ManusAI,Especialista,validado,
A-5,0.25,-1.1636,0.2247,0.6,CA-50,simetrica_duas_faces,Venturini,5,A5_w060,007,ManusAI,Especialista,validado,
A-5,0.25,-1.0659,0.2553,0.6,CA-50,simetrica_duas_faces,Venturini,5,A5_w060,008,ManusAI,Especialista,validado,
A-5,0.25,-0.9682,0.2838,0.6,CA-50,simetrica_duas_faces,Venturini,5,A5_w060,009,ManusAI,Especialista,validado,
A-5,0.25,-0.8705,0.3104,0.6,CA-50,simetrica_duas_faces,Venturini,5,A5_w060,010,ManusAI,Especialista,validado,
A-5,0.25,-0.7727,0.3351,0.6,CA-50,simetrica_duas_faces,Venturini,5,A5_w060,011,ManusAI,Especialista,validado,
A-5,0.25,-0.675,0.3577,0.6,CA-50,simetrica_duas_faces,Venturini,5,A5_w060,012,ManusAI,Especialista,validado,
A-5,0.25,-0.5773,0.3784,0.6,CA-50,simetrica_duas_faces,Venturini,5,A5_w060,013,ManusAI,Especialista,validado,
A-5,0.25,-0.4795,0.3972,0.6,CA-50,simetrica_duas_faces,Venturini,5,A5_w060,014,ManusAI,Especialista,validado,
A-5,0.25,-0.3818,0.4139,0.6,CA-50,simetrica_duas_faces,Venturini,5,A5_w060,015,ManusAI,Especialista,validado,
A-5,0.25,-0.2841,0.4287,0.6,CA-50,simetrica_duas_faces,Venturini,5,A5_w060,016,ManusAI,Especialista,validado,
A-5,0.25,-0.1864,0.4415,0.6,CA-50,simetrica_duas_faces,Venturini,5,A5_w060,017,ManusAI,Especialista,validado,
A-5,0.25,-0.0886,0.4524,0.6,CA-50,simetrica_duas_faces,Venturini,5,A5_w060,018,ManusAI,Especialista,validado,
A-5,0.25,0.0091,0.4612,0.6,CA-50,simetrica_duas_faces,Venturini,5,A5_w060,019,ManusAI,Especialista,validado,
A-5,0.25,0.1068,0.4681,0.6,CA-50,simetrica_duas_faces,Venturini,5,A5_w060,020,ManusAI,Especialista,validado,
A-5,0.25,0.2045,0.4731,0.6,CA-50,simetrica_duas_faces,Venturini,5,A5_w060,021,ManusAI,Especialista,validado,
A-5,0.25,0.3023,0.476,0.6,CA-50,simetrica_duas_faces,Venturini,5,A5_w060,022,ManusAI,Especialista,validado,
A-5,0.25,0.4,0.477,0.6,CA-50,simetrica_duas_faces,Venturini,5,A5_w060,023,ManusAI,Especialista,validado,
A-5,0.25,0.4977,0.476,0.6,CA-50,simetrica_duas_faces,Venturini,5,A5_w060,024,ManusAI,Especialista,validado,
A-5,0.25,0.5955,0.4731,0.6,CA-50,simetrica_duas_faces,Venturini,5,A5_w060,025,ManusAI,Especialista,validado,
A-5,0.25,0.6932,0.4681,0.6,CA-50,simetrica_duas_faces,Venturini,5,A5_w060,026,ManusAI,Especialista,validado,
A-5,0.25,0.7909,0.4612,0.6,CA-50,simetrica_duas_faces,Venturini,5,A5_w060,027,ManusAI,Especialista,validado,
A-5,0.25,0.8886,0.4524,0.6,CA-50,simetrica_duas_faces,Venturini,5,A5_w060,028,ManusAI,Especialista,validado,
A-5,0.25,0.9864,0.4415,0.6,CA-50,simetrica_duas_faces,Venturini,5,A5_w060,029,ManusAI,Especialista,validado,
A-5,0.25,1.0841,0.4287,0.6,CA-50,simetrica_duas_faces,Venturini,5,A5_w060,030,ManusAI,Especialista,validado,
A-5,0.25,1.1818,0.4139,0.6,CA-50,simetrica_duas_faces,Venturini,5,A5_w060,031,ManusAI,Especialista,validado,
A-5,0.25,1.2795,0.3972,0.6,CA-50,simetrica_duas_faces,Venturini,5,A5_w060,032,ManusAI,Especialista,validado,
A-5,0.25,1.3773,0.3784,0.6,CA-50,simetrica_duas_faces,Venturini,5,A5_w060,033,ManusAI,Especialista,validado,
A-5,0.25,1.475,0.3578,0.6,CA-50,simetrica_duas_faces,Venturini,5,A5_w060,034,ManusAI,Especialista,validado,
A-5,0.25,1.5727,0.3351,0.6,CA-50,simetrica_duas_faces,Venturini,5,A5_w060,035,ManusAI,Especialista,validado,
A-5,0.25,1.6705,0.3104,0.6,CA-50,simetrica_duas_faces,Venturini,5,A5_w060,036,ManusAI,Especialista,validado,
A-5,0.25,1.7682,0.2838,0.6,CA-50,simetrica_duas_faces,Venturini,5,A5_w060,037,ManusAI,Especialista,validado,
A-5,0.25,1.8659,0.2553,0.6,CA-50,simetrica_duas_faces,Venturini,5,A5_w060,038,ManusAI,Especialista,validado,
A-5,0.25,1.9636,0.2247,0.6,CA-50,simetrica_duas_faces,Venturini,5,A5_w060,039,ManusAI,Especialista,validado,
A-5,0.25,2.0614,0.1922,0.6,CA-50,simetrica_duas_faces,Venturini,5,A5_w060,040,ManusAI,Especialista,validado,
A-5,0.25,2.1591,0.1577,0.6,CA-50,simetrica_duas_faces,Venturini,5,A5_w060,041,ManusAI,Especialista,validado,
A-5,0.25,2.2568,0.1212,0.6,CA-50,simetrica_duas_faces,Venturini,5,A5_w060,042,ManusAI,Especialista,validado,
A-5,0.25,2.3545,0.0828,0.6,CA-50,simetrica_duas_faces,Venturini,5,A5_w060,043,ManusAI,Especialista,validado,
A-5,0.25,2.4523,0.0424,0.6,CA-50,simetrica_duas_faces,Venturini,5,A5_w060,044,ManusAI,Especialista,validado,
A-5,0.25,-1.6523,0.0468,0.7,CA-50,simetrica_duas_faces,Venturini,5,A5_w070,002,ManusAI,Especialista,validado,
A-5,0.25,-1.5545,0.0914,0.7,CA-50,simetrica_duas_faces,Venturini,5,A5_w070,003,ManusAI,Especialista,validado,
A-5,0.25,-1.4568,0.1338,0.7,CA-50,simetrica_duas_faces,Venturini,5,A5_w070,004,ManusAI,Especialista,validado,
A-5,0.25,-1.3591,0.174,0.7,CA-50,simetrica_duas_faces,Venturini,5,A5_w070,005,ManusAI,Especialista,validado,
A-5,0.25,-1.2614,0.2121,0.7,CA-50,simetrica_duas_faces,Venturini,5,A5_w070,006,ManusAI,Especialista,validado,
A-5,0.25,-1.1636,0.248,0.7,CA-50,simetrica_duas_faces,Venturini,5,A5_w070,007,ManusAI,Especialista,validado,
A-5,0.25,-1.0659,0.2817,0.7,CA-50,simetrica_duas_faces,Venturini,5,A5_w070,008,ManusAI,Especialista,validado,
A-5,0.25,-0.9682,0.3133,0.7,CA-50,simetrica_duas_faces,Venturini,5,A5_w070,009,ManusAI,Especialista,validado,
A-5,0.25,-0.8705,0.3427,0.7,CA-50,simetrica_duas_faces,Venturini,5,A5_w070,010,ManusAI,Especialista,validado,
A-5,0.25,-0.7727,0.3699,0.7,CA-50,simetrica_duas_faces,Venturini,5,A5_w070,011,ManusAI,Especialista,validado,
A-5,0.25,-0.675,0.3949,0.7,CA-50,simetrica_duas_faces,Venturini,5,A5_w070,012,ManusAI,Especialista,validado,
A-5,0.25,-0.5773,0.4177,0.7,CA-50,simetrica_duas_faces,Venturini,5,A5_w070,013,ManusAI,Especialista,validado,
A-5,0.25,-0.4795,0.4384,0.7,CA-50,simetrica_duas_faces,Venturini,5,A5_w070,014,ManusAI,Especialista,validado,
A-5,0.25,-0.3818,0.4569,0.7,CA-50,simetrica_duas_faces,Venturini,5,A5_w070,015,ManusAI,Especialista,validado,
A-5,0.25,-0.2841,0.4732,0.7,CA-50,simetrica_duas_faces,Venturini,5,A5_w070,016,ManusAI,Especialista,validado,
A-5,0.25,-0.1864,0.4873,0.7,CA-50,simetrica_duas_faces,Venturini,5,A5_w070,017,ManusAI,Especialista,validado,
A-5,0.25,-0.0886,0.4993,0.7,CA-50,simetrica_duas_faces,Venturini,5,A5_w070,018,ManusAI,Especialista,validado,
A-5,0.25,0.0091,0.5091,0.7,CA-50,simetrica_duas_faces,Venturini,5,A5_w070,019,ManusAI,Especialista,validado,
A-5,0.25,0.1068,0.5167,0.7,CA-50,simetrica_duas_faces,Venturini,5,A5_w070,020,ManusAI,Especialista,validado,
A-5,0.25,0.2045,0.5221,0.7,CA-50,simetrica_duas_faces,Venturini,5,A5_w070,021,ManusAI,Especialista,validado,
A-5,0.25,0.3023,0.5254,0.7,CA-50,simetrica_duas_faces,Venturini,5,A5_w070,022,ManusAI,Especialista,validado,
A-5,0.25,0.4,0.5265,0.7,CA-50,simetrica_duas_faces,Venturini,5,A5_w070,023,ManusAI,Especialista,validado,
A-5,0.25,0.4977,0.5254,0.7,CA-50,simetrica_duas_faces,Venturini,5,A5_w070,024,ManusAI,Especialista,validado,
A-5,0.25,0.5955,0.5221,0.7,CA-50,simetrica_duas_faces,Venturini,5,A5_w070,025,ManusAI,Especialista,validado,
A-5,0.25,0.6932,0.5167,0.7,CA-50,simetrica_duas_faces,Venturini,5,A5_w070,026,ManusAI,Especialista,validado,
A-5,0.25,0.7909,0.5091,0.7,CA-50,simetrica_duas_faces,Venturini,5,A5_w070,027,ManusAI,Especialista,validado,
A-5,0.25,0.8886,0.4993,0.7,CA-50,simetrica_duas_faces,Venturini,5,A5_w070,028,ManusAI,Especialista,validado,
A-5,0.25,0.9864,0.4873,0.7,CA-50,simetrica_duas_faces,Venturini,5,A5_w070,029,ManusAI,Especialista,validado,
A-5,0.25,1.0841,0.4732,0.7,CA-50,simetrica_duas_faces,Venturini,5,A5_w070,030,ManusAI,Especialista,validado,
A-5,0.25,1.1818,0.4569,0.7,CA-50,simetrica_duas_faces,Venturini,5,A5_w070,031,ManusAI,Especialista,validado,
A-5,0.25,1.2795,0.4384,0.7,CA-50,simetrica_duas_faces,Venturini,5,A5_w070,032,ManusAI,Especialista,validado,
A-5,0.25,1.3773,0.4177,0.7,CA-50,simetrica_duas_faces,Venturini,5,A5_w070,033,ManusAI,Especialista,validado,
A-5,0.25,1.475,0.3949,0.7,CA-50,simetrica_duas_faces,Venturini,5,A5_w070,034,ManusAI,Especialista,validado,
A-5,0.25,1.5727,0.3699,0.7,CA-50,simetrica_duas_faces,Venturini,5,A5_w070,035,ManusAI,Especialista,validado,
A-5,0.25,1.6705,0.3427,0.7,CA-50,simetrica_duas_faces,Venturini,5,A5_w070,036,ManusAI,Especialista,validado,
A-5,0.25,1.7682,0.3133,0.7,CA-50,simetrica_duas_faces,Venturini,5,A5_w070,037,ManusAI,Especialista,validado,
A-5,0.25,1.8659,0.2817,0.7,CA-50,simetrica_duas_faces,Venturini,5,A5_w070,038,ManusAI,Especialista,validado,
A-5,0.25,1.9636,0.248,0.7,CA-50,simetrica_duas_faces,Venturini,5,A5_w070,039,ManusAI,Especialista,validado,
A-5,0.25,2.0614,0.2121,0.7,CA-50,simetrica_duas_faces,Venturini,5,A5_w070,040,ManusAI,Especialista,validado,
A-5,0.25,2.1591,0.174,0.7,CA-50,simetrica_duas_faces,Venturini,5,A5_w070,041,ManusAI,Especialista,validado,
A-5,0.25,2.2568,0.1338,0.7,CA-50,simetrica_duas_faces,Venturini,5,A5_w070,042,ManusAI,Especialista,validado,
A-5,0.25,2.3545,0.0914,0.7,CA-50,simetrica_duas_faces,Venturini,5,A5_w070,043,ManusAI,Especialista,validado,
A-5,0.25,2.4523,0.0468,0.7,CA-50,simetrica_duas_faces,Venturini,5,A5_w070,044,ManusAI,Especialista,validado,
A-5,0.25,-1.6523,0.0512,0.8,CA-50,simetrica_duas_faces,Venturini,5,A5_w080,002,ManusAI,Especialista,validado,
A-5,0.25,-1.5545,0.1,0.8,CA-50,simetrica_duas_faces,Venturini,5,A5_w080,003,ManusAI,Especialista,validado,
A-5,0.25,-1.4568,0.1464,0.8,CA-50,simetrica_duas_faces,Venturini,5,A5_w080,004,ManusAI,Especialista,validado,
A-5,0.25,-1.3591,0.1904,0.8,CA-50,simetrica_duas_faces,Venturini,5,A5_w080,005,ManusAI,Especialista,validado,
A-5,0.25,-1.2614,0.2321,0.8,CA-50,simetrica_duas_faces,Venturini,5,A5_w080,006,ManusAI,Especialista,validado,
A-5,0.25,-1.1636,0.2713,0.8,CA-50,simetrica_duas_faces,Venturini,5,A5_w080,007,ManusAI,Especialista,validado,
A-5,0.25,-1.0659,0.3082,0.8,CA-50,simetrica_duas_faces,Venturini,5,A5_w080,008,ManusAI,Especialista,validado,
A-5,0.25,-0.9682,0.3427,0.8,CA-50,simetrica_duas_faces,Venturini,5,A5_w080,009,ManusAI,Especialista,validado,
A-5,0.25,-0.8705,0.3749,0.8,CA-50,simetrica_duas_faces,Venturini,5,A5_w080,010,ManusAI,Especialista,validado,
A-5,0.25,-0.7727,0.4046,0.8,CA-50,simetrica_duas_faces,Venturini,5,A5_w080,011,ManusAI,Especialista,validado,
A-5,0.25,-0.675,0.432,0.8,CA-50,simetrica_duas_faces,Venturini,5,A5_w080,012,ManusAI,Especialista,validado,
A-5,0.25,-0.5773,0.457,0.8,CA-50,simetrica_duas_faces,Venturini,5,A5_w080,013,ManusAI,Especialista,validado,
A-5,0.25,-0.4795,0.4796,0.8,CA-50,simetrica_duas_faces,Venturini,5,A5_w080,014,ManusAI,Especialista,validado,
A-5,0.25,-0.3818,0.4998,0.8,CA-50,simetrica_duas_faces,Venturini,5,A5_w080,015,ManusAI,Especialista,validado,
A-5,0.25,-0.2841,0.5177,0.8,CA-50,simetrica_duas_faces,Venturini,5,A5_w080,016,ManusAI,Especialista,validado,
A-5,0.25,-0.1864,0.5332,0.8,CA-50,simetrica_duas_faces,Venturini,5,A5_w080,017,ManusAI,Especialista,validado,
A-5,0.25,-0.0886,0.5462,0.8,CA-50,simetrica_duas_faces,Venturini,5,A5_w080,018,ManusAI,Especialista,validado,
A-5,0.25,0.0091,0.557,0.8,CA-50,simetrica_duas_faces,Venturini,5,A5_w080,019,ManusAI,Especialista,validado,
A-5,0.25,0.1068,0.5653,0.8,CA-50,simetrica_duas_faces,Venturini,5,A5_w080,020,ManusAI,Especialista,validado,
A-5,0.25,0.2045,0.5712,0.8,CA-50,simetrica_duas_faces,Venturini,5,A5_w080,021,ManusAI,Especialista,validado,
A-5,0.25,0.3023,0.5748,0.8,CA-50,simetrica_duas_faces,Venturini,5,A5_w080,022,ManusAI,Especialista,validado,
A-5,0.25,0.4,0.576,0.8,CA-50,simetrica_duas_faces,Venturini,5,A5_w080,023,ManusAI,Especialista,validado,
A-5,0.25,0.4977,0.5748,0.8,CA-50,simetrica_duas_faces,Venturini,5,A5_w080,024,ManusAI,Especialista,validado,
A-5,0.25,0.5955,0.5712,0.8,CA-50,simetrica_duas_faces,Venturini,5,A5_w080,025,ManusAI,Especialista,validado,
A-5,0.25,0.6932,0.5653,0.8,CA-50,simetrica_duas_faces,Venturini,5,A5_w080,026,ManusAI,Especialista,validado,
A-5,0.25,0.7909,0.557,0.8,CA-50,simetrica_duas_faces,Venturini,5,A5_w080,027,ManusAI,Especialista,validado,
A-5,0.25,0.8886,0.5462,0.8,CA-50,simetrica_duas_faces,Venturini,5,A5_w080,028,ManusAI,Especialista,validado,
A-5,0.25,0.9864,0.5332,0.8,CA-50,simetrica_duas_faces,Venturini,5,A5_w080,029,ManusAI,Especialista,validado,
A-5,0.25,1.0841,0.5177,0.8,CA-50,simetrica_duas_faces,Venturini,5,A5_w080,030,ManusAI,Especialista,validado,
A-5,0.25,1.1818,0.4998,0.8,CA-50,simetrica_duas_faces,Venturini,5,A5_w080,031,ManusAI,Especialista,validado,
A-5,0.25,1.2795,0.4796,0.8,CA-50,simetrica_duas_faces,Venturini,5,A5_w080,032,ManusAI,Especialista,validado,
A-5,0.25,1.3773,0.457,0.8,CA-50,simetrica_duas_faces,Venturini,5,A5_w080,033,ManusAI,Especialista,validado,
A-5,0.25,1.475,0.432,0.8,CA-50,simetrica_duas_faces,Venturini,5,A5_w080,034,ManusAI,Especialista,validado,
A-5,0.25,1.5727,0.4046,0.8,CA-50,simetrica_duas_faces,Venturini,5,A5_w080,035,ManusAI,Especialista,validado,
A-5,0.25,1.6705,0.3749,0.8,CA-50,simetrica_duas_faces,Venturini,5,A5_w080,036,ManusAI,Especialista,validado,
A-5,0.25,1.7682,0.3427,0.8,CA-50,simetrica_duas_faces,Venturini,5,A5_w080,037,ManusAI,Especialista,validado,
A-5,0.25,1.8659,0.3082,0.8,CA-50,simetrica_duas_faces,Venturini,5,A5_w080,038,ManusAI,Especialista,validado,
A-5,0.25,1.9636,0.2713,0.8,CA-50,simetrica_duas_faces,Venturini,5,A5_w080,039,ManusAI,Especialista,validado,
A-5,0.25,2.0614,0.2321,0.8,CA-50,simetrica_duas_faces,Venturini,5,A5_w080,040,ManusAI,Especialista,validado,
A-5,0.25,2.1591,0.1904,0.8,CA-50,simetrica_duas_faces,Venturini,5,A5_w080,041,ManusAI,Especialista,validado,
A-5,0.25,2.2568,0.1464,0.8,CA-50,simetrica_duas_faces,Venturini,5,A5_w080,042,ManusAI,Especialista,validado,
A-5,0.25,2.3545,0.1,0.8,CA-50,simetrica_duas_faces,Venturini,5,A5_w080,043,ManusAI,Especialista,validado,
A-5,0.25,2.4523,0.0512,0.8,CA-50,simetrica_duas_faces,Venturini,5,A5_w080,044,ManusAI,Especialista,validado,
A-5,0.25,-1.6523,0.0556,0.9,CA-50,simetrica_duas_faces,Venturini,5,A5_w090,002,ManusAI,Especialista,validado,
A-5,0.25,-1.5545,0.1086,0.9,CA-50,simetrica_duas_faces,Venturini,5,A5_w090,003,ManusAI,Especialista,validado,
A-5,0.25,-1.4568,0.159,0.9,CA-50,simetrica_duas_faces,Venturini,5,A5_w090,004,ManusAI,Especialista,validado,
A-5,0.25,-1.3591,0.2068,0.9,CA-50,simetrica_duas_faces,Venturini,5,A5_w090,005,ManusAI,Especialista,validado,
A-5,0.25,-1.2614,0.252,0.9,CA-50,simetrica_duas_faces,Venturini,5,A5_w090,006,ManusAI,Especialista,validado,
A-5,0.25,-1.1636,0.2947,0.9,CA-50,simetrica_duas_faces,Venturini,5,A5_w090,007,ManusAI,Especialista,validado,
A-5,0.25,-1.0659,0.3347,0.9,CA-50,simetrica_duas_faces,Venturini,5,A5_w090,008,ManusAI,Especialista,validado,
A-5,0.25,-0.9682,0.3722,0.9,CA-50,simetrica_duas_faces,Venturini,5,A5_w090,009,ManusAI,Especialista,validado,
A-5,0.25,-0.8705,0.4071,0.9,CA-50,simetrica_duas_faces,Venturini,5,A5_w090,010,ManusAI,Especialista,validado,
A-5,0.25,-0.7727,0.4394,0.9,CA-50,simetrica_duas_faces,Venturini,5,A5_w090,011,ManusAI,Especialista,validado,
A-5,0.25,-0.675,0.4691,0.9,CA-50,simetrica_duas_faces,Venturini,5,A5_w090,012,ManusAI,Especialista,validado,
A-5,0.25,-0.5773,0.4963,0.9,CA-50,simetrica_duas_faces,Venturini,5,A5_w090,013,ManusAI,Especialista,validado,
A-5,0.25,-0.4795,0.5208,0.9,CA-50,simetrica_duas_faces,Venturini,5,A5_w090,014,ManusAI,Especialista,validado,
A-5,0.25,-0.3818,0.5428,0.9,CA-50,simetrica_duas_faces,Venturini,5,A5_w090,015,ManusAI,Especialista,validado,
A-5,0.25,-0.2841,0.5622,0.9,CA-50,simetrica_duas_faces,Venturini,5,A5_w090,016,ManusAI,Especialista,validado,
A-5,0.25,-0.1864,0.579,0.9,CA-50,simetrica_duas_faces,Venturini,5,A5_w090,017,ManusAI,Especialista,validado,
A-5,0.25,-0.0886,0.5932,0.9,CA-50,simetrica_duas_faces,Venturini,5,A5_w090,018,ManusAI,Especialista,validado,
A-5,0.25,0.0091,0.6048,0.9,CA-50,simetrica_duas_faces,Venturini,5,A5_w090,019,ManusAI,Especialista,validado,
A-5,0.25,0.1068,0.6139,0.9,CA-50,simetrica_duas_faces,Venturini,5,A5_w090,020,ManusAI,Especialista,validado,
A-5,0.25,0.2045,0.6203,0.9,CA-50,simetrica_duas_faces,Venturini,5,A5_w090,021,ManusAI,Especialista,validado,
A-5,0.25,0.3023,0.6242,0.9,CA-50,simetrica_duas_faces,Venturini,5,A5_w090,022,ManusAI,Especialista,validado,
A-5,0.25,0.4,0.6255,0.9,CA-50,simetrica_duas_faces,Venturini,5,A5_w090,023,ManusAI,Especialista,validado,
A-5,0.25,0.4977,0.6242,0.9,CA-50,simetrica_duas_faces,Venturini,5,A5_w090,024,ManusAI,Especialista,validado,
A-5,0.25,0.5955,0.6203,0.9,CA-50,simetrica_duas_faces,Venturini,5,A5_w090,025,ManusAI,Especialista,validado,
A-5,0.25,0.6932,0.6139,0.9,CA-50,simetrica_duas_faces,Venturini,5,A5_w090,026,ManusAI,Especialista,validado,
A-5,0.25,0.7909,0.6048,0.9,CA-50,simetrica_duas_faces,Venturini,5,A5_w090,027,ManusAI,Especialista,validado,
A-5,0.25,0.8886,0.5932,0.9,CA-50,simetrica_duas_faces,Venturini,5,A5_w090,028,ManusAI,Especialista,validado,
A-5,0.25,0.9864,0.579,0.9,CA-50,simetrica_duas_faces,Venturini,5,A5_w090,029,ManusAI,Especialista,validado,
A-5,0.25,1.0841,0.5622,0.9,CA-50,simetrica_duas_faces,Venturini,5,A5_w090,030,ManusAI,Especialista,validado,
A-5,0.25,1.1818,0.5428,0.9,CA-50,simetrica_duas_faces,Venturini,5,A5_w090,031,ManusAI,Especialista,validado,
A-5,0.25,1.2795,0.5208,0.9,CA-50,simetrica_duas_faces,Venturini,5,A5_w090,032,ManusAI,Especialista,validado,
A-5,0.25,1.3773,0.4963,0.9,CA-50,simetrica_duas_faces,Venturini,5,A5_w090,033,ManusAI,Especialista,validado,
A-5,0.25,1.475,0.4691,0.9,CA-50,simetrica_duas_faces,Venturini,5,A5_w090,034,ManusAI,Especialista,validado,
A-5,0.25,1.5727,0.4394,0.9,CA-50,simetrica_duas_faces,Venturini,5,A5_w090,035,ManusAI,Especialista,validado,
A-5,0.25,1.6705,0.4071,0.9,CA-50,simetrica_duas_faces,Venturini,5,A5_w090,036,ManusAI,Especialista,validado,
A-5,0.25,1.7682,0.3722,0.9,CA-50,simetrica_duas_faces,Venturini,5,A5_w090,037,ManusAI,Especialista,validado,
A-5,0.25,1.8659,0.3347,0.9,CA-50,simetrica_duas_faces,Venturini,5,A5_w090,038,ManusAI,Especialista,validado,
A-5,0.25,1.9636,0.2947,0.9,CA-50,simetrica_duas_faces,Venturini,5,A5_w090,039,ManusAI,Especialista,validado,
A-5,0.25,2.0614,0.252,0.9,CA-50,simetrica_duas_faces,Venturini,5,A5_w090,040,ManusAI,Especialista,validado,
A-5,0.25,2.1591,0.2068,0.9,CA-50,simetrica_duas_faces,Venturini,5,A5_w090,041,ManusAI,Especialista,validado,
A-5,0.25,2.2568,0.159,0.9,CA-50,simetrica_duas_faces,Venturini,5,A5_w090,042,ManusAI,Especialista,validado,
A-5,0.25,2.3545,0.1086,0.9,CA-50,simetrica_duas_faces,Venturini,5,A5_w090,043,ManusAI,Especialista,validado,
A-5,0.25,2.4523,0.0556,0.9,CA-50,simetrica_duas_faces,Venturini,5,A5_w090,044,ManusAI,Especialista,validado,
A-5,0.25,-1.6523,0.06,1.0,CA-50,simetrica_duas_faces,Venturini,5,A5_w100,002,ManusAI,Especialista,validado,
A-5,0.25,-1.5545,0.1171,1.0,CA-50,simetrica_duas_faces,Venturini,5,A5_w100,003,ManusAI,Especialista,validado,
A-5,0.25,-1.4568,0.1715,1.0,CA-50,simetrica_duas_faces,Venturini,5,A5_w100,004,ManusAI,Especialista,validado,
A-5,0.25,-1.3591,0.2231,1.0,CA-50,simetrica_duas_faces,Venturini,5,A5_w100,005,ManusAI,Especialista,validado,
A-5,0.25,-1.2614,0.272,1.0,CA-50,simetrica_duas_faces,Venturini,5,A5_w100,006,ManusAI,Especialista,validado,
A-5,0.25,-1.1636,0.318,1.0,CA-50,simetrica_duas_faces,Venturini,5,A5_w100,007,ManusAI,Especialista,validado,
A-5,0.25,-1.0659,0.3612,1.0,CA-50,simetrica_duas_faces,Venturini,5,A5_w100,008,ManusAI,Especialista,validado,
A-5,0.25,-0.9682,0.4017,1.0,CA-50,simetrica_duas_faces,Venturini,5,A5_w100,009,ManusAI,Especialista,validado,
A-5,0.25,-0.8705,0.4393,1.0,CA-50,simetrica_duas_faces,Venturini,5,A5_w100,010,ManusAI,Especialista,validado,
A-5,0.25,-0.7727,0.4742,1.0,CA-50,simetrica_duas_faces,Venturini,5,A5_w100,011,ManusAI,Especialista,validado,
A-5,0.25,-0.675,0.5062,1.0,CA-50,simetrica_duas_faces,Venturini,5,A5_w100,012,ManusAI,Especialista,validado,
A-5,0.25,-0.5773,0.5355,1.0,CA-50,simetrica_duas_faces,Venturini,5,A5_w100,013,ManusAI,Especialista,validado,
A-5,0.25,-0.4795,0.562,1.0,CA-50,simetrica_duas_faces,Venturini,5,A5_w100,014,ManusAI,Especialista,validado,
A-5,0.25,-0.3818,0.5857,1.0,CA-50,simetrica_duas_faces,Venturini,5,A5_w100,015,ManusAI,Especialista,validado,
A-5,0.25,-0.2841,0.6067,1.0,CA-50,simetrica_duas_faces,Venturini,5,A5_w100,016,ManusAI,Especialista,validado,
A-5,0.25,-0.1864,0.6248,1.0,CA-50,simetrica_duas_faces,Venturini,5,A5_w100,017,ManusAI,Especialista,validado,
A-5,0.25,-0.0886,0.6401,1.0,CA-50,simetrica_duas_faces,Venturini,5,A5_w100,018,ManusAI,Especialista,validado,
A-5,0.25,0.0091,0.6527,1.0,CA-50,simetrica_duas_faces,Venturini,5,A5_w100,019,ManusAI,Especialista,validado,
A-5,0.25,0.1068,0.6624,1.0,CA-50,simetrica_duas_faces,Venturini,5,A5_w100,020,ManusAI,Especialista,validado,
A-5,0.25,0.2045,0.6694,1.0,CA-50,simetrica_duas_faces,Venturini,5,A5_w100,021,ManusAI,Especialista,validado,
A-5,0.25,0.3023,0.6736,1.0,CA-50,simetrica_duas_faces,Venturini,5,A5_w100,022,ManusAI,Especialista,validado,
A-5,0.25,0.4,0.675,1.0,CA-50,simetrica_duas_faces,Venturini,5,A5_w100,023,ManusAI,Especialista,validado,
A-5,0.25,0.4977,0.6736,1.0,CA-50,simetrica_duas_faces,Venturini,5,A5_w100,024,ManusAI,Especialista,validado,
A-5,0.25,0.5955,0.6694,1.0,CA-50,simetrica_duas_faces,Venturini,5,A5_w100,025,ManusAI,Especialista,validado,
A-5,0.25,0.6932,0.6624,1.0,CA-50,simetrica_duas_faces,Venturini,5,A5_w100,026,ManusAI,Especialista,validado,
A-5,0.25,0.7909,0.6527,1.0,CA-50,simetrica_duas_faces,Venturini,5,A5_w100,027,ManusAI,Especialista,validado,
A-5,0.25,0.8886,0.6401,1.0,CA-50,simetrica_duas_faces,Venturini,5,A5_w100,028,ManusAI,Especialista,validado,
A-5,0.25,0.9864,0.6248,1.0,CA-50,simetrica_duas_faces,Venturini,5,A5_w100,029,ManusAI,Especialista,validado,
A-5,0.25,1.0841,0.6067,1.0,CA-50,simetrica_duas_faces,Venturini,5,A5_w100,030,ManusAI,Especialista,validado,
A-5,0.25,1.1818,0.5857,1.0,CA-50,simetrica_duas_faces,Venturini,5,A5_w100,031,ManusAI,Especialista,validado,
A-5,0.25,1.2795,0.562,1.0,CA-50,simetrica_duas_faces,Venturini,5,A5_w100,032,ManusAI,Especialista,validado,
A-5,0.25,1.3773,0.5355,1.0,CA-50,simetrica_duas_faces,Venturini,5,A5_w100,033,ManusAI,Especialista,validado,
A-5,0.25,1.475,0.5063,1.0,CA-50,simetrica_duas_faces,Venturini,5,A5_w100,034,ManusAI,Especialista,validado,
A-5,0.25,1.5727,0.4742,1.0,CA-50,simetrica_duas_faces,Venturini,5,A5_w100,035,ManusAI,Especialista,validado,
A-5,0.25,1.6705,0.4393,1.0,CA-50,simetrica_duas_faces,Venturini,5,A5_w100,036,ManusAI,Especialista,validado,
A-5,0.25,1.7682,0.4017,1.0,CA-50,simetrica_duas_faces,Venturini,5,A5_w100,037,ManusAI,Especialista,validado,
A-5,0.25,1.8659,0.3612,1.0,CA-50,simetrica_duas_faces,Venturini,5,A5_w100,038,ManusAI,Especialista,validado,
A-5,0.25,1.9636,0.318,1.0,CA-50,simetrica_duas_faces,Venturini,5,A5_w100,039,ManusAI,Especialista,validado,
A-5,0.25,2.0614,0.272,1.0,CA-50,simetrica_duas_faces,Venturini,5,A5_w100,040,ManusAI,Especialista,validado,
A-5,0.25,2.1591,0.2231,1.0,CA-50,simetrica_duas_faces,Venturini,5,A5_w100,041,ManusAI,Especialista,validado,
A-5,0.25,2.2568,0.1715,1.0,CA-50,simetrica_duas_faces,Venturini,5,A5_w100,042,ManusAI,Especialista,validado,
A-5,0.25,2.3545,0.1171,1.0,CA-50,simetrica_duas_faces,Venturini,5,A5_w100,043,ManusAI,Especialista,validado,
A-5,0.25,2.4523,0.06,1.0,CA-50,simetrica_duas_faces,Venturini,5,A5_w100,044,ManusAI,Especialista,validado,
A-5,0.25,-1.6523,0.0644,1.1,CA-50,simetrica_duas_faces,Venturini,5,A5_w110,002,ManusAI,Especialista,validado,
A-5,0.25,-1.5545,0.1257,1.1,CA-50,simetrica_duas_faces,Venturini,5,A5_w110,003,ManusAI,Especialista,validado,
A-5,0.25,-1.4568,0.1841,1.1,CA-50,simetrica_duas_faces,Venturini,5,A5_w110,004,ManusAI,Especialista,validado,
A-5,0.25,-1.3591,0.2395,1.1,CA-50,simetrica_duas_faces,Venturini,5,A5_w110,005,ManusAI,Especialista,validado,
A-5,0.25,-1.2614,0.2919,1.1,CA-50,simetrica_duas_faces,Venturini,5,A5_w110,006,ManusAI,Especialista,validado,
A-5,0.25,-1.1636,0.3413,1.1,CA-50,simetrica_duas_faces,Venturini,5,A5_w110,007,ManusAI,Especialista,validado,
A-5,0.25,-1.0659,0.3877,1.1,CA-50,simetrica_duas_faces,Venturini,5,A5_w110,008,ManusAI,Especialista,validado,
A-5,0.25,-0.9682,0.4311,1.1,CA-50,simetrica_duas_faces,Venturini,5,A5_w110,009,ManusAI,Especialista,validado,
A-5,0.25,-0.8705,0.4715,1.1,CA-50,simetrica_duas_faces,Venturini,5,A5_w110,010,ManusAI,Especialista,validado,
A-5,0.25,-0.7727,0.5089,1.1,CA-50,simetrica_duas_faces,Venturini,5,A5_w110,011,ManusAI,Especialista,validado,
A-5,0.25,-0.675,0.5434,1.1,CA-50,simetrica_duas_faces,Venturini,5,A5_w110,012,ManusAI,Especialista,validado,
A-5,0.25,-0.5773,0.5748,1.1,CA-50,simetrica_duas_faces,Venturini,5,A5_w110,013,ManusAI,Especialista,validado,
A-5,0.25,-0.4795,0.6033,1.1,CA-50,simetrica_duas_faces,Venturini,5,A5_w110,014,ManusAI,Especialista,validado,
A-5,0.25,-0.3818,0.6287,1.1,CA-50,simetrica_duas_faces,Venturini,5,A5_w110,015,ManusAI,Especialista,validado,
A-5,0.25,-0.2841,0.6512,1.1,CA-50,simetrica_duas_faces,Venturini,5,A5_w110,016,ManusAI,Especialista,validado,
A-5,0.25,-0.1864,0.6706,1.1,CA-50,simetrica_duas_faces,Venturini,5,A5_w110,017,ManusAI,Especialista,validado,
A-5,0.25,-0.0886,0.6871,1.1,CA-50,simetrica_duas_faces,Venturini,5,A5_w110,018,ManusAI,Especialista,validado,
A-5,0.25,0.0091,0.7005,1.1,CA-50,simetrica_duas_faces,Venturini,5,A5_w110,019,ManusAI,Especialista,validado,
A-5,0.25,0.1068,0.711,1.1,CA-50,simetrica_duas_faces,Venturini,5,A5_w110,020,ManusAI,Especialista,validado,
A-5,0.25,0.2045,0.7185,1.1,CA-50,simetrica_duas_faces,Venturini,5,A5_w110,021,ManusAI,Especialista,validado,
A-5,0.25,0.3023,0.723,1.1,CA-50,simetrica_duas_faces,Venturini,5,A5_w110,022,ManusAI,Especialista,validado,
A-5,0.25,0.4,0.7245,1.1,CA-50,simetrica_duas_faces,Venturini,5,A5_w110,023,ManusAI,Especialista,validado,
A-5,0.25,0.4977,0.723,1.1,CA-50,simetrica_duas_faces,Venturini,5,A5_w110,024,ManusAI,Especialista,validado,
A-5,0.25,0.5955,0.7185,1.1,CA-50,simetrica_duas_faces,Venturini,5,A5_w110,025,ManusAI,Especialista,validado,
A-5,0.25,0.6932,0.711,1.1,CA-50,simetrica_duas_faces,Venturini,5,A5_w110,026,ManusAI,Especialista,validado,
A-5,0.25,0.7909,0.7005,1.1,CA-50,simetrica_duas_faces,Venturini,5,A5_w110,027,ManusAI,Especialista,validado,
A-5,0.25,0.8886,0.6871,1.1,CA-50,simetrica_duas_faces,Venturini,5,A5_w110,028,ManusAI,Especialista,validado,
A-5,0.25,0.9864,0.6706,1.1,CA-50,simetrica_duas_faces,Venturini,5,A5_w110,029,ManusAI,Especialista,validado,
A-5,0.25,1.0841,0.6512,1.1,CA-50,simetrica_duas_faces,Venturini,5,A5_w110,030,ManusAI,Especialista,validado,
A-5,0.25,1.1818,0.6287,1.1,CA-50,simetrica_duas_faces,Venturini,5,A5_w110,031,ManusAI,Especialista,validado,
A-5,0.25,1.2795,0.6033,1.1,CA-50,simetrica_duas_faces,Venturini,5,A5_w110,032,ManusAI,Especialista,validado,
A-5,0.25,1.3773,0.5748,1.1,CA-50,simetrica_duas_faces,Venturini,5,A5_w110,033,ManusAI,Especialista,validado,
A-5,0.25,1.475,0.5434,1.1,CA-50,simetrica_duas_faces,Venturini,5,A5_w110,034,ManusAI,Especialista,validado,
A-5,0.25,1.5727,0.5089,1.1,CA-50,simetrica_duas_faces,Venturini,5,A5_w110,035,ManusAI,Especialista,validado,
A-5,0.25,1.6705,0.4715,1.1,CA-50,simetrica_duas_faces,Venturini,5,A5_w110,036,ManusAI,Especialista,validado,
A-5,0.25,1.7682,0.4311,1.1,CA-50,simetrica_duas_faces,Venturini,5,A5_w110,037,ManusAI,Especialista,validado,
A-5,0.25,1.8659,0.3877,1.1,CA-50,simetrica_duas_faces,Venturini,5,A5_w110,038,ManusAI,Especialista,validado,
A-5,0.25,1.9636,0.3413,1.1,CA-50,simetrica_duas_faces,Venturini,5,A5_w110,039,ManusAI,Especialista,validado,
A-5,0.25,2.0614,0.2919,1.1,CA-50,simetrica_duas_faces,Venturini,5,A5_w110,040,ManusAI,Especialista,validado,
A-5,0.25,2.1591,0.2395,1.1,CA-50,simetrica_duas_faces,Venturini,5,A5_w110,041,ManusAI,Especialista,validado,
A-5,0.25,2.2568,0.1841,1.1,CA-50,simetrica_duas_faces,Venturini,5,A5_w110,042,ManusAI,Especialista,validado,
A-5,0.25,2.3545,0.1257,1.1,CA-50,simetrica_duas_faces,Venturini,5,A5_w110,043,ManusAI,Especialista,validado,
A-5,0.25,2.4523,0.0644,1.1,CA-50,simetrica_duas_faces,Venturini,5,A5_w110,044,ManusAI,Especialista,validado,
A-5,0.25,-1.6523,0.0688,1.2,CA-50,simetrica_duas_faces,Venturini,5,A5_w120,002,ManusAI,Especialista,validado,
A-5,0.25,-1.5545,0.1343,1.2,CA-50,simetrica_duas_faces,Venturini,5,A5_w120,003,ManusAI,Especialista,validado,
A-5,0.25,-1.4568,0.1967,1.2,CA-50,simetrica_duas_faces,Venturini,5,A5_w120,004,ManusAI,Especialista,validado,
A-5,0.25,-1.3591,0.2559,1.2,CA-50,simetrica_duas_faces,Venturini,5,A5_w120,005,ManusAI,Especialista,validado,
A-5,0.25,-1.2614,0.3118,1.2,CA-50,simetrica_duas_faces,Venturini,5,A5_w120,006,ManusAI,Especialista,validado,
A-5,0.25,-1.1636,0.3646,1.2,CA-50,simetrica_duas_faces,Venturini,5,A5_w120,007,ManusAI,Especialista,validado,
A-5,0.25,-1.0659,0.4142,1.2,CA-50,simetrica_duas_faces,Venturini,5,A5_w120,008,ManusAI,Especialista,validado,
A-5,0.25,-0.9682,0.4606,1.2,CA-50,simetrica_duas_faces,Venturini,5,A5_w120,009,ManusAI,Especialista,validado,
A-5,0.25,-0.8705,0.5037,1.2,CA-50,simetrica_duas_faces,Venturini,5,A5_w120,010,ManusAI,Especialista,validado,
A-5,0.25,-0.7727,0.5437,1.2,CA-50,simetrica_duas_faces,Venturini,5,A5_w120,011,ManusAI,Especialista,validado,
A-5,0.25,-0.675,0.5805,1.2,CA-50,simetrica_duas_faces,Venturini,5,A5_w120,012,ManusAI,Especialista,validado,
A-5,0.25,-0.5773,0.6141,1.2,CA-50,simetrica_duas_faces,Venturini,5,A5_w120,013,ManusAI,Especialista,validado,
A-5,0.25,-0.4795,0.6445,1.2,CA-50,simetrica_duas_faces,Venturini,5,A5_w120,014,ManusAI,Especialista,validado,
A-5,0.25,-0.3818,0.6717,1.2,CA-50,simetrica_duas_faces,Venturini,5,A5_w120,015,ManusAI,Especialista,validado,
A-5,0.25,-0.2841,0.6956,1.2,CA-50,simetrica_duas_faces,Venturini,5,A5_w120,016,ManusAI,Especialista,validado,
A-5,0.25,-0.1864,0.7164,1.2,CA-50,simetrica_duas_faces,Venturini,5,A5_w120,017,ManusAI,Especialista,validado,
A-5,0.25,-0.0886,0.734,1.2,CA-50,simetrica_duas_faces,Venturini,5,A5_w120,018,ManusAI,Especialista,validado,
A-5,0.25,0.0091,0.7484,1.2,CA-50,simetrica_duas_faces,Venturini,5,A5_w120,019,ManusAI,Especialista,validado,
A-5,0.25,0.1068,0.7596,1.2,CA-50,simetrica_duas_faces,Venturini,5,A5_w120,020,ManusAI,Especialista,validado,
A-5,0.25,0.2045,0.7676,1.2,CA-50,simetrica_duas_faces,Venturini,5,A5_w120,021,ManusAI,Especialista,validado,
A-5,0.25,0.3023,0.7724,1.2,CA-50,simetrica_duas_faces,Venturini,5,A5_w120,022,ManusAI,Especialista,validado,
A-5,0.25,0.4,0.774,1.2,CA-50,simetrica_duas_faces,Venturini,5,A5_w120,023,ManusAI,Especialista,validado,
A-5,0.25,0.4977,0.7724,1.2,CA-50,simetrica_duas_faces,Venturini,5,A5_w120,024,ManusAI,Especialista,validado,
A-5,0.25,0.5955,0.7676,1.2,CA-50,simetrica_duas_faces,Venturini,5,A5_w120,025,ManusAI,Especialista,validado,
A-5,0.25,0.6932,0.7596,1.2,CA-50,simetrica_duas_faces,Venturini,5,A5_w120,026,ManusAI,Especialista,validado,
A-5,0.25,0.7909,0.7484,1.2,CA-50,simetrica_duas_faces,Venturini,5,A5_w120,027,ManusAI,Especialista,validado,
A-5,0.25,0.8886,0.734,1.2,CA-50,simetrica_duas_faces,Venturini,5,A5_w120,028,ManusAI,Especialista,validado,
A-5,0.25,0.9864,0.7164,1.2,CA-50,simetrica_duas_faces,Venturini,5,A5_w120,029,ManusAI,Especialista,validado,
A-5,0.25,1.0841,0.6956,1.2,CA-50,simetrica_duas_faces,Venturini,5,A5_w120,030,ManusAI,Especialista,validado,
A-5,0.25,1.1818,0.6717,1.2,CA-50,simetrica_duas_faces,Venturini,5,A5_w120,031,ManusAI,Especialista,validado,
A-5,0.25,1.2795,0.6445,1.2,CA-50,simetrica_duas_faces,Venturini,5,A5_w120,032,ManusAI,Especialista,validado,
A-5,0.25,1.3773,0.6141,1.2,CA-50,simetrica_duas_faces,Venturini,5,A5_w120,033,ManusAI,Especialista,validado,
A-5,0.25,1.475,0.5805,1.2,CA-50,simetrica_duas_faces,Venturini,5,A5_w120,034,ManusAI,Especialista,validado,
A-5,0.25,1.5727,0.5437,1.2,CA-50,simetrica_duas_faces,Venturini,5,A5_w120,035,ManusAI,Especialista,validado,
A-5,0.25,1.6705,0.5037,1.2,CA-50,simetrica_duas_faces,Venturini,5,A5_w120,036,ManusAI,Especialista,validado,
A-5,0.25,1.7682,0.4606,1.2,CA-50,simetrica_duas_faces,Venturini,5,A5_w120,037,ManusAI,Especialista,validado,
A-5,0.25,1.8659,0.4142,1.2,CA-50,simetrica_duas_faces,Venturini,5,A5_w120,038,ManusAI,Especialista,validado,
A-5,0.25,1.9636,0.3646,1.2,CA-50,simetrica_duas_faces,Venturini,5,A5_w120,039,ManusAI,Especialista,validado,
A-5,0.25,2.0614,0.3118,1.2,CA-50,simetrica_duas_faces,Venturini,5,A5_w120,040,ManusAI,Especialista,validado,
A-5,0.25,2.1591,0.2559,1.2,CA-50,simetrica_duas_faces,Venturini,5,A5_w120,041,ManusAI,Especialista,validado,
A-5,0.25,2.2568,0.1967,1.2,CA-50,simetrica_duas_faces,Venturini,5,A5_w120,042,ManusAI,Especialista,validado,
A-5,0.25,2.3545,0.1343,1.2,CA-50,simetrica_duas_faces,Venturini,5,A5_w120,043,ManusAI,Especialista,validado,
A-5,0.25,2.4523,0.0688,1.2,CA-50,simetrica_duas_faces,Venturini,5,A5_w120,044,ManusAI,Especialista,validado,
A-5,0.25,-1.6523,0.0732,1.3,CA-50,simetrica_duas_faces,Venturini,5,A5_w130,002,ManusAI,Especialista,validado,
A-5,0.25,-1.5545,0.1429,1.3,CA-50,simetrica_duas_faces,Venturini,5,A5_w130,003,ManusAI,Especialista,validado,
A-5,0.25,-1.4568,0.2093,1.3,CA-50,simetrica_duas_faces,Venturini,5,A5_w130,004,ManusAI,Especialista,validado,
A-5,0.25,-1.3591,0.2722,1.3,CA-50,simetrica_duas_faces,Venturini,5,A5_w130,005,ManusAI,Especialista,validado,
A-5,0.25,-1.2614,0.3318,1.3,CA-50,simetrica_duas_faces,Venturini,5,A5_w130,006,ManusAI,Especialista,validado,
A-5,0.25,-1.1636,0.3879,1.3,CA-50,simetrica_duas_faces,Venturini,5,A5_w130,007,ManusAI,Especialista,validado,
A-5,0.25,-1.0659,0.4407,1.3,CA-50,simetrica_duas_faces,Venturini,5,A5_w130,008,ManusAI,Especialista,validado,
A-5,0.25,-0.9682,0.49,1.3,CA-50,simetrica_duas_faces,Venturini,5,A5_w130,009,ManusAI,Especialista,validado,
A-5,0.25,-0.8705,0.536,1.3,CA-50,simetrica_duas_faces,Venturini,5,A5_w130,010,ManusAI,Especialista,validado,
A-5,0.25,-0.7727,0.5785,1.3,CA-50,simetrica_duas_faces,Venturini,5,A5_w130,011,ManusAI,Especialista,validado,
A-5,0.25,-0.675,0.6176,1.3,CA-50,simetrica_duas_faces,Venturini,5,A5_w130,012,ManusAI,Especialista,validado,
A-5,0.25,-0.5773,0.6534,1.3,CA-50,simetrica_duas_faces,Venturini,5,A5_w130,013,ManusAI,Especialista,validado,
A-5,0.25,-0.4795,0.6857,1.3,CA-50,simetrica_duas_faces,Venturini,5,A5_w130,014,ManusAI,Especialista,validado,
A-5,0.25,-0.3818,0.7146,1.3,CA-50,simetrica_duas_faces,Venturini,5,A5_w130,015,ManusAI,Especialista,validado,
A-5,0.25,-0.2841,0.7401,1.3,CA-50,simetrica_duas_faces,Venturini,5,A5_w130,016,ManusAI,Especialista,validado,
A-5,0.25,-0.1864,0.7622,1.3,CA-50,simetrica_duas_faces,Venturini,5,A5_w130,017,ManusAI,Especialista,validado,
A-5,0.25,-0.0886,0.781,1.3,CA-50,simetrica_duas_faces,Venturini,5,A5_w130,018,ManusAI,Especialista,validado,
A-5,0.25,0.0091,0.7963,1.3,CA-50,simetrica_duas_faces,Venturini,5,A5_w130,019,ManusAI,Especialista,validado,
A-5,0.25,0.1068,0.8082,1.3,CA-50,simetrica_duas_faces,Venturini,5,A5_w130,020,ManusAI,Especialista,validado,
A-5,0.25,0.2045,0.8167,1.3,CA-50,simetrica_duas_faces,Venturini,5,A5_w130,021,ManusAI,Especialista,validado,
A-5,0.25,0.3023,0.8218,1.3,CA-50,simetrica_duas_faces,Venturini,5,A5_w130,022,ManusAI,Especialista,validado,
A-5,0.25,0.4,0.8235,1.3,CA-50,simetrica_duas_faces,Venturini,5,A5_w130,023,ManusAI,Especialista,validado,
A-5,0.25,0.4977,0.8218,1.3,CA-50,simetrica_duas_faces,Venturini,5,A5_w130,024,ManusAI,Especialista,validado,
A-5,0.25,0.5955,0.8167,1.3,CA-50,simetrica_duas_faces,Venturini,5,A5_w130,025,ManusAI,Especialista,validado,
A-5,0.25,0.6932,0.8082,1.3,CA-50,simetrica_duas_faces,Venturini,5,A5_w130,026,ManusAI,Especialista,validado,
A-5,0.25,0.7909,0.7963,1.3,CA-50,simetrica_duas_faces,Venturini,5,A5_w130,027,ManusAI,Especialista,validado,
A-5,0.25,0.8886,0.781,1.3,CA-50,simetrica_duas_faces,Venturini,5,A5_w130,028,ManusAI,Especialista,validado,
A-5,0.25,0.9864,0.7622,1.3,CA-50,simetrica_duas_faces,Venturini,5,A5_w130,029,ManusAI,Especialista,validado,
A-5,0.25,1.0841,0.7401,1.3,CA-50,simetrica_duas_faces,Venturini,5,A5_w130,030,ManusAI,Especialista,validado,
A-5,0.25,1.1818,0.7146,1.3,CA-50,simetrica_duas_faces,Venturini,5,A5_w130,031,ManusAI,Especialista,validado,
A-5,0.25,1.2795,0.6857,1.3,CA-50,simetrica_duas_faces,Venturini,5,A5_w130,032,ManusAI,Especialista,validado,
A-5,0.25,1.3773,0.6534,1.3,CA-50,simetrica_duas_faces,Venturini,5,A5_w130,033,ManusAI,Especialista,validado,
A-5,0.25,1.475,0.6176,1.3,CA-50,simetrica_duas_faces,Venturini,5,A5_w130,034,ManusAI,Especialista,validado,
A-5,0.25,1.5727,0.5785,1.3,CA-50,simetrica_duas_faces,Venturini,5,A5_w130,035,ManusAI,Especialista,validado,
A-5,0.25,1.6705,0.536,1.3,CA-50,simetrica_duas_faces,Venturini,5,A5_w130,036,ManusAI,Especialista,validado,
A-5,0.25,1.7682,0.49,1.3,CA-50,simetrica_duas_faces,Venturini,5,A5_w130,037,ManusAI,Especialista,validado,
A-5,0.25,1.8659,0.4407,1.3,CA-50,simetrica_duas_faces,Venturini,5,A5_w130,038,ManusAI,Especialista,validado,
A-5,0.25,1.9636,0.3879,1.3,CA-50,simetrica_duas_faces,Venturini,5,A5_w130,039,ManusAI,Especialista,validado,
A-5,0.25,2.0614,0.3318,1.3,CA-50,simetrica_duas_faces,Venturini,5,A5_w130,040,ManusAI,Especialista,validado,
A-5,0.25,2.1591,0.2722,1.3,CA-50,simetrica_duas_faces,Venturini,5,A5_w130,041,ManusAI,Especialista,validado,
A-5,0.25,2.2568,0.2093,1.3,CA-50,simetrica_duas_faces,Venturini,5,A5_w130,042,ManusAI,Especialista,validado,
A-5,0.25,2.3545,0.1429,1.3,CA-50,simetrica_duas_faces,Venturini,5,A5_w130,043,ManusAI,Especialista,validado,
A-5,0.25,2.4523,0.0732,1.3,CA-50,simetrica_duas_faces,Venturini,5,A5_w130,044,ManusAI,Especialista,validado,
A-5,0.25,-1.6523,0.0776,1.4,CA-50,simetrica_duas_faces,Venturini,5,A5_w140,002,ManusAI,Especialista,validado,
A-5,0.25,-1.5545,0.1515,1.4,CA-50,simetrica_duas_faces,Venturini,5,A5_w140,003,ManusAI,Especialista,validado,
A-5,0.25,-1.4568,0.2219,1.4,CA-50,simetrica_duas_faces,Venturini,5,A5_w140,004,ManusAI,Especialista,validado,
A-5,0.25,-1.3591,0.2886,1.4,CA-50,simetrica_duas_faces,Venturini,5,A5_w140,005,ManusAI,Especialista,validado,
A-5,0.25,-1.2614,0.3517,1.4,CA-50,simetrica_duas_faces,Venturini,5,A5_w140,006,ManusAI,Especialista,validado,
A-5,0.25,-1.1636,0.4112,1.4,CA-50,simetrica_duas_faces,Venturini,5,A5_w140,007,ManusAI,Especialista,validado,
A-5,0.25,-1.0659,0.4672,1.4,CA-50,simetrica_duas_faces,Venturini,5,A5_w140,008,ManusAI,Especialista,validado,
A-5,0.25,-0.9682,0.5195,1.4,CA-50,simetrica_duas_faces,Venturini,5,A5_w140,009,ManusAI,Especialista,validado,
A-5,0.25,-0.8705,0.5682,1.4,CA-50,simetrica_duas_faces,Venturini,5,A5_w140,010,ManusAI,Especialista,validado,
A-5,0.25,-0.7727,0.6133,1.4,CA-50,simetrica_duas_faces,Venturini,5,A5_w140,011,ManusAI,Especialista,validado,
A-5,0.25,-0.675,0.6547,1.4,CA-50,simetrica_duas_faces,Venturini,5,A5_w140,012,ManusAI,Especialista,validado,
A-5,0.25,-0.5773,0.6926,1.4,CA-50,simetrica_duas_faces,Venturini,5,A5_w140,013,ManusAI,Especialista,validado,
A-5,0.25,-0.4795,0.7269,1.4,CA-50,simetrica_duas_faces,Venturini,5,A5_w140,014,ManusAI,Especialista,validado,
A-5,0.25,-0.3818,0.7576,1.4,CA-50,simetrica_duas_faces,Venturini,5,A5_w140,015,ManusAI,Especialista,validado,
A-5,0.25,-0.2841,0.7846,1.4,CA-50,simetrica_duas_faces,Venturini,5,A5_w140,016,ManusAI,Especialista,validado,
A-5,0.25,-0.1864,0.8081,1.4,CA-50,simetrica_duas_faces,Venturini,5,A5_w140,017,ManusAI,Especialista,validado,
A-5,0.25,-0.0886,0.8279,1.4,CA-50,simetrica_duas_faces,Venturini,5,A5_w140,018,ManusAI,Especialista,validado,
A-5,0.25,0.0091,0.8441,1.4,CA-50,simetrica_duas_faces,Venturini,5,A5_w140,019,ManusAI,Especialista,validado,
A-5,0.25,0.1068,0.8568,1.4,CA-50,simetrica_duas_faces,Venturini,5,A5_w140,020,ManusAI,Especialista,validado,
A-5,0.25,0.2045,0.8658,1.4,CA-50,simetrica_duas_faces,Venturini,5,A5_w140,021,ManusAI,Especialista,validado,
A-5,0.25,0.3023,0.8712,1.4,CA-50,simetrica_duas_faces,Venturini,5,A5_w140,022,ManusAI,Especialista,validado,
A-5,0.25,0.4,0.873,1.4,CA-50,simetrica_duas_faces,Venturini,5,A5_w140,023,ManusAI,Especialista,validado,
A-5,0.25,0.4977,0.8712,1.4,CA-50,simetrica_duas_faces,Venturini,5,A5_w140,024,ManusAI,Especialista,validado,
A-5,0.25,0.5955,0.8658,1.4,CA-50,simetrica_duas_faces,Venturini,5,A5_w140,025,ManusAI,Especialista,validado,
A-5,0.25,0.6932,0.8568,1.4,CA-50,simetrica_duas_faces,Venturini,5,A5_w140,026,ManusAI,Especialista,validado,
A-5,0.25,0.7909,0.8441,1.4,CA-50,simetrica_duas_faces,Venturini,5,A5_w140,027,ManusAI,Especialista,validado,
A-5,0.25,0.8886,0.8279,1.4,CA-50,simetrica_duas_faces,Venturini,5,A5_w140,028,ManusAI,Especialista,validado,
A-5,0.25,0.9864,0.8081,1.4,CA-50,simetrica_duas_faces,Venturini,5,A5_w140,029,ManusAI,Especialista,validado,
A-5,0.25,1.0841,0.7846,1.4,CA-50,simetrica_duas_faces,Venturini,5,A5_w140,030,ManusAI,Especialista,validado,
A-5,0.25,1.1818,0.7576,1.4,CA-50,simetrica_duas_faces,Venturini,5,A5_w140,031,ManusAI,Especialista,validado,
A-5,0.25,1.2795,0.7269,1.4,CA-50,simetrica_duas_faces,Venturini,5,A5_w140,032,ManusAI,Especialista,validado,
A-5,0.25,1.3773,0.6926,1.4,CA-50,simetrica_duas_faces,Venturini,5,A5_w140,033,ManusAI,Especialista,validado,
A-5,0.25,1.475,0.6548,1.4,CA-50,simetrica_duas_faces,Venturini,5,A5_w140,034,ManusAI,Especialista,validado,
A-5,0.25,1.5727,0.6133,1.4,CA-50,simetrica_duas_faces,Venturini,5,A5_w140,035,ManusAI,Especialista,validado,
A-5,0.25,1.6705,0.5682,1.4,CA-50,simetrica_duas_faces,Venturini,5,A5_w140,036,ManusAI,Especialista,validado,
A-5,0.25,1.7682,0.5195,1.4,CA-50,simetrica_duas_faces,Venturini,5,A5_w140,037,ManusAI,Especialista,validado,
A-5,0.25,1.8659,0.4672,1.4,CA-50,simetrica_duas_faces,Venturini,5,A5_w140,038,ManusAI,Especialista,validado,
A-5,0.25,1.9636,0.4112,1.4,CA-50,simetrica_duas_faces,Venturini,5,A5_w140,039,ManusAI,Especialista,validado,
A-5,0.25,2.0614,0.3517,1.4,CA-50,simetrica_duas_faces,Venturini,5,A5_w140,040,ManusAI,Especialista,validado,
A-5,0.25,2.1591,0.2886,1.4,CA-50,simetrica_duas_faces,Venturini,5,A5_w140,041,ManusAI,Especialista,validado,
A-5,0.25,2.2568,0.2219,1.4,CA-50,simetrica_duas_faces,Venturini,5,A5_w140,042,ManusAI,Especialista,validado,
A-5,0.25,2.3545,0.1515,1.4,CA-50,simetrica_duas_faces,Venturini,5,A5_w140,043,ManusAI,Especialista,validado,
A-5,0.25,2.4523,0.0776,1.4,CA-50,simetrica_duas_faces,Venturini,5,A5_w140,044,ManusAI,Especialista,validado,
A-5,0.25,-1.6523,0.082,1.5,CA-50,simetrica_duas_faces,Venturini,5,A5_w150,002,ManusAI,Especialista,validado,
A-5,0.25,-1.5545,0.1601,1.5,CA-50,simetrica_duas_faces,Venturini,5,A5_w150,003,ManusAI,Especialista,validado,
A-5,0.25,-1.4568,0.2344,1.5,CA-50,simetrica_duas_faces,Venturini,5,A5_w150,004,ManusAI,Especialista,validado,
A-5,0.25,-1.3591,0.305,1.5,CA-50,simetrica_duas_faces,Venturini,5,A5_w150,005,ManusAI,Especialista,validado,
A-5,0.25,-1.2614,0.3717,1.5,CA-50,simetrica_duas_faces,Venturini,5,A5_w150,006,ManusAI,Especialista,validado,
A-5,0.25,-1.1636,0.4346,1.5,CA-50,simetrica_duas_faces,Venturini,5,A5_w150,007,ManusAI,Especialista,validado,
A-5,0.25,-1.0659,0.4937,1.5,CA-50,simetrica_duas_faces,Venturini,5,A5_w150,008,ManusAI,Especialista,validado,
A-5,0.25,-0.9682,0.5489,1.5,CA-50,simetrica_duas_faces,Venturini,5,A5_w150,009,ManusAI,Especialista,validado,
A-5,0.25,-0.8705,0.6004,1.5,CA-50,simetrica_duas_faces,Venturini,5,A5_w150,010,ManusAI,Especialista,validado,
A-5,0.25,-0.7727,0.648,1.5,CA-50,simetrica_duas_faces,Venturini,5,A5_w150,011,ManusAI,Especialista,validado,
A-5,0.25,-0.675,0.6919,1.5,CA-50,simetrica_duas_faces,Venturini,5,A5_w150,012,ManusAI,Especialista,validado,
A-5,0.25,-0.5773,0.7319,1.5,CA-50,simetrica_duas_faces,Venturini,5,A5_w150,013,ManusAI,Especialista,validado,
A-5,0.25,-0.4795,0.7681,1.5,CA-50,simetrica_duas_faces,Venturini,5,A5_w150,014,ManusAI,Especialista,validado,
A-5,0.25,-0.3818,0.8005,1.5,CA-50,simetrica_duas_faces,Venturini,5,A5_w150,015,ManusAI,Especialista,validado,
A-5,0.25,-0.2841,0.8291,1.5,CA-50,simetrica_duas_faces,Venturini,5,A5_w150,016,ManusAI,Especialista,validado,
A-5,0.25,-0.1864,0.8539,1.5,CA-50,simetrica_duas_faces,Venturini,5,A5_w150,017,ManusAI,Especialista,validado,
A-5,0.25,-0.0886,0.8749,1.5,CA-50,simetrica_duas_faces,Venturini,5,A5_w150,018,ManusAI,Especialista,validado,
A-5,0.25,0.0091,0.892,1.5,CA-50,simetrica_duas_faces,Venturini,5,A5_w150,019,ManusAI,Especialista,validado,
A-5,0.25,0.1068,0.9053,1.5,CA-50,simetrica_duas_faces,Venturini,5,A5_w150,020,ManusAI,Especialista,validado,
A-5,0.25,0.2045,0.9149,1.5,CA-50,simetrica_duas_faces,Venturini,5,A5_w150,021,ManusAI,Especialista,validado,
A-5,0.25,0.3023,0.9206,1.5,CA-50,simetrica_duas_faces,Venturini,5,A5_w150,022,ManusAI,Especialista,validado,
A-5,0.25,0.4,0.9225,1.5,CA-50,simetrica_duas_faces,Venturini,5,A5_w150,023,ManusAI,Especialista,validado,
A-5,0.25,0.4977,0.9206,1.5,CA-50,simetrica_duas_faces,Venturini,5,A5_w150,024,ManusAI,Especialista,validado,
A-5,0.25,0.5955,0.9149,1.5,CA-50,simetrica_duas_faces,Venturini,5,A5_w150,025,ManusAI,Especialista,validado,
A-5,0.25,0.6932,0.9053,1.5,CA-50,simetrica_duas_faces,Venturini,5,A5_w150,026,ManusAI,Especialista,validado,
A-5,0.25,0.7909,0.892,1.5,CA-50,simetrica_duas_faces,Venturini,5,A5_w150,027,ManusAI,Especialista,validado,
A-5,0.25,0.8886,0.8749,1.5,CA-50,simetrica_duas_faces,Venturini,5,A5_w150,028,ManusAI,Especialista,validado,
A-5,0.25,0.9864,0.8539,1.5,CA-50,simetrica_duas_faces,Venturini,5,A5_w150,029,ManusAI,Especialista,validado,
A-5,0.25,1.0841,0.8291,1.5,CA-50,simetrica_duas_faces,Venturini,5,A5_w150,030,ManusAI,Especialista,validado,
A-5,0.25,1.1818,0.8005,1.5,CA-50,simetrica_duas_faces,Venturini,5,A5_w150,031,ManusAI,Especialista,validado,
A-5,0.25,1.2795,0.7681,1.5,CA-50,simetrica_duas_faces,Venturini,5,A5_w150,032,ManusAI,Especialista,validado,
A-5,0.25,1.3773,0.7319,1.5,CA-50,simetrica_duas_faces,Venturini,5,A5_w150,033,ManusAI,Especialista,validado,
A-5,0.25,1.475,0.6919,1.5,CA-50,simetrica_duas_faces,Venturini,5,A5_w150,034,ManusAI,Especialista,validado,
A-5,0.25,1.5727,0.648,1.5,CA-50,simetrica_duas_faces,Venturini,5,A5_w150,035,ManusAI,Especialista,validado,
A-5,0.25,1.6705,0.6004,1.5,CA-50,simetrica_duas_faces,Venturini,5,A5_w150,036,ManusAI,Especialista,validado,
A-5,0.25,1.7682,0.5489,1.5,CA-50,simetrica_duas_faces,Venturini,5,A5_w150,037,ManusAI,Especialista,validado,
A-5,0.25,1.8659,0.4937,1.5,CA-50,simetrica_duas_faces,Venturini,5,A5_w150,038,ManusAI,Especialista,validado,
A-5,0.25,1.9636,0.4346,1.5,CA-50,simetrica_duas_faces,Venturini,5,A5_w150,039,ManusAI,Especialista,validado,
A-5,0.25,2.0614,0.3717,1.5,CA-50,simetrica_duas_faces,Venturini,5,A5_w150,040,ManusAI,Especialista,validado,
A-5,0.25,2.1591,0.305,1.5,CA-50,simetrica_duas_faces,Venturini,5,A5_w150,041,ManusAI,Especialista,validado,
A-5,0.25,2.2568,0.2344,1.5,CA-50,simetrica_duas_faces,Venturini,5,A5_w150,042,ManusAI,Especialista,validado,
A-5,0.25,2.3545,0.1601,1.5,CA-50,simetrica_duas_faces,Venturini,5,A5_w150,043,ManusAI,Especialista,validado,
A-5,0.25,2.4523,0.082,1.5,CA-50,simetrica_duas_faces,Venturini,5,A5_w150,044,ManusAI,Especialista,validado,
A-5,0.25,-1.6523,0.0864,1.6,CA-50,simetrica_duas_faces,Venturini,5,A5_w160,002,ManusAI,Especialista,validado,
A-5,0.25,-1.5545,0.1687,1.6,CA-50,simetrica_duas_faces,Venturini,5,A5_w160,003,ManusAI,Especialista,validado,
A-5,0.25,-1.4568,0.247,1.6,CA-50,simetrica_duas_faces,Venturini,5,A5_w160,004,ManusAI,Especialista,validado,
A-5,0.25,-1.3591,0.3213,1.6,CA-50,simetrica_duas_faces,Venturini,5,A5_w160,005,ManusAI,Especialista,validado,
A-5,0.25,-1.2614,0.3916,1.6,CA-50,simetrica_duas_faces,Venturini,5,A5_w160,006,ManusAI,Especialista,validado,
A-5,0.25,-1.1636,0.4579,1.6,CA-50,simetrica_duas_faces,Venturini,5,A5_w160,007,ManusAI,Especialista,validado,
A-5,0.25,-1.0659,0.5201,1.6,CA-50,simetrica_duas_faces,Venturini,5,A5_w160,008,ManusAI,Especialista,validado,
A-5,0.25,-0.9682,0.5784,1.6,CA-50,simetrica_duas_faces,Venturini,5,A5_w160,009,ManusAI,Especialista,validado,
A-5,0.25,-0.8705,0.6326,1.6,CA-50,simetrica_duas_faces,Venturini,5,A5_w160,010,ManusAI,Especialista,validado,
A-5,0.25,-0.7727,0.6828,1.6,CA-50,simetrica_duas_faces,Venturini,5,A5_w160,011,ManusAI,Especialista,validado,
A-5,0.25,-0.675,0.729,1.6,CA-50,simetrica_duas_faces,Venturini,5,A5_w160,012,ManusAI,Especialista,validado,
A-5,0.25,-0.5773,0.7712,1.6,CA-50,simetrica_duas_faces,Venturini,5,A5_w160,013,ManusAI,Especialista,validado,
A-5,0.25,-0.4795,0.8093,1.6,CA-50,simetrica_duas_faces,Venturini,5,A5_w160,014,ManusAI,Especialista,validado,
A-5,0.25,-0.3818,0.8435,1.6,CA-50,simetrica_duas_faces,Venturini,5,A5_w160,015,ManusAI,Especialista,validado,
A-5,0.25,-0.2841,0.8736,1.6,CA-50,simetrica_duas_faces,Venturini,5,A5_w160,016,ManusAI,Especialista,validado,
A-5,0.25,-0.1864,0.8997,1.6,CA-50,simetrica_duas_faces,Venturini,5,A5_w160,017,ManusAI,Especialista,validado,
A-5,0.25,-0.0886,0.9218,1.6,CA-50,simetrica_duas_faces,Venturini,5,A5_w160,018,ManusAI,Especialista,validado,
A-5,0.25,0.0091,0.9399,1.6,CA-50,simetrica_duas_faces,Venturini,5,A5_w160,019,ManusAI,Especialista,validado,
A-5,0.25,0.1068,0.9539,1.6,CA-50,simetrica_duas_faces,Venturini,5,A5_w160,020,ManusAI,Especialista,validado,
A-5,0.25,0.2045,0.964,1.6,CA-50,simetrica_duas_faces,Venturini,5,A5_w160,021,ManusAI,Especialista,validado,
A-5,0.25,0.3023,0.97,1.6,CA-50,simetrica_duas_faces,Venturini,5,A5_w160,022,ManusAI,Especialista,validado,
A-5,0.25,0.4,0.972,1.6,CA-50,simetrica_duas_faces,Venturini,5,A5_w160,023,ManusAI,Especialista,validado,
A-5,0.25,0.4977,0.97,1.6,CA-50,simetrica_duas_faces,Venturini,5,A5_w160,024,ManusAI,Especialista,validado,
A-5,0.25,0.5955,0.964,1.6,CA-50,simetrica_duas_faces,Venturini,5,A5_w160,025,ManusAI,Especialista,validado,
A-5,0.25,0.6932,0.9539,1.6,CA-50,simetrica_duas_faces,Venturini,5,A5_w160,026,ManusAI,Especialista,validado,
A-5,0.25,0.7909,0.9399,1.6,CA-50,simetrica_duas_faces,Venturini,5,A5_w160,027,ManusAI,Especialista,validado,
A-5,0.25,0.8886,0.9218,1.6,CA-50,simetrica_duas_faces,Venturini,5,A5_w160,028,ManusAI,Especialista,validado,
A-5,0.25,0.9864,0.8997,1.6,CA-50,simetrica_duas_faces,Venturini,5,A5_w160,029,ManusAI,Especialista,validado,
A-5,0.25,1.0841,0.8736,1.6,CA-50,simetrica_duas_faces,Venturini,5,A5_w160,030,ManusAI,Especialista,validado,
A-5,0.25,1.1818,0.8435,1.6,CA-50,simetrica_duas_faces,Venturini,5,A5_w160,031,ManusAI,Especialista,validado,
A-5,0.25,1.2795,0.8093,1.6,CA-50,simetrica_duas_faces,Venturini,5,A5_w160,032,ManusAI,Especialista,validado,
A-5,0.25,1.3773,0.7712,1.6,CA-50,simetrica_duas_faces,Venturini,5,A5_w160,033,ManusAI,Especialista,validado,
A-5,0.25,1.475,0.729,1.6,CA-50,simetrica_duas_faces,Venturini,5,A5_w160,034,ManusAI,Especialista,validado,
A-5,0.25,1.5727,0.6828,1.6,CA-50,simetrica_duas_faces,Venturini,5,A5_w160,035,ManusAI,Especialista,validado,
A-5,0.25,1.6705,0.6326,1.6,CA-50,simetrica_duas_faces,Venturini,5,A5_w160,036,ManusAI,Especialista,validado,
A-5,0.25,1.7682,0.5784,1.6,CA-50,simetrica_duas_faces,Venturini,5,A5_w160,037,ManusAI,Especialista,validado,
A-5,0.25,1.8659,0.5201,1.6,CA-50,simetrica_duas_faces,Venturini,5,A5_w160,038,ManusAI,Especialista,validado,
A-5,0.25,1.9636,0.4579,1.6,CA-50,simetrica_duas_faces,Venturini,5,A5_w160,039,ManusAI,Especialista,validado,
A-5,0.25,2.0614,0.3916,1.6,CA-50,simetrica_duas_faces,Venturini,5,A5_w160,040,ManusAI,Especialista,validado,
A-5,0.25,2.1591,0.3213,1.6,CA-50,simetrica_duas_faces,Venturini,5,A5_w160,041,ManusAI,Especialista,validado,
A-5,0.25,2.2568,0.247,1.6,CA-50,simetrica_duas_faces,Venturini,5,A5_w160,042,ManusAI,Especialista,validado,
A-5,0.25,2.3545,0.1687,1.6,CA-50,simetrica_duas_faces,Venturini,5,A5_w160,043,ManusAI,Especialista,validado,
A-5,0.25,2.4523,0.0864,1.6,CA-50,simetrica_duas_faces,Venturini,5,A5_w160,044,ManusAI,Especialista,validado,
